2026-01-31 15:14:32,072 [Worker-6: Loading available Gradle versions] INFO  o.e.b.c.i.u.g.PublishedGradleVersions - Gradle version information cache is out-of-date. Trying to update.
2026-01-31 15:14:53,616 [Worker-14: Importing Maven projects] INFO  o.e.m.c.i.e.AbstractTransferListenerAdapter - Downloaded https://repo.maven.apache.org/maven2/org/springframework/boot/spring-boot-starter-parent/4.0.2/spring-boot-starter-parent-4.0.2.pom
2026-01-31 15:14:54,009 [Worker-14: Importing Maven projects] INFO  o.e.m.c.i.e.AbstractTransferListenerAdapter - Downloaded https://repo.maven.apache.org/maven2/org/springframework/boot/spring-boot-dependencies/4.0.2/spring-boot-dependencies-4.0.2.pom
2026-01-31 15:14:54,904 [Worker-14: Importing Maven projects] INFO  o.e.m.c.i.e.AbstractTransferListenerAdapter - Downloaded https://repo.maven.apache.org/maven2/com/fasterxml/jackson/jackson-bom/2.20.2/jackson-bom-2.20.2.pom
2026-01-31 15:14:55,314 [Worker-14: Importing Maven projects] INFO  o.e.m.c.i.e.AbstractTransferListenerAdapter - Downloaded https://repo.maven.apache.org/maven2/tools/jackson/jackson-bom/3.0.4/jackson-bom-3.0.4.pom
2026-01-31 15:14:55,756 [Worker-14: Importing Maven projects] INFO  o.e.m.c.i.e.AbstractTransferListenerAdapter - Downloaded https://repo.maven.apache.org/maven2/org/junit/junit-bom/6.0.2/junit-bom-6.0.2.pom
2026-01-31 15:14:56,137 [Worker-14: Importing Maven projects] INFO  o.e.m.c.i.e.AbstractTransferListenerAdapter - Downloaded https://repo.maven.apache.org/maven2/io/micrometer/micrometer-bom/1.16.2/micrometer-bom-1.16.2.pom
2026-01-31 15:14:56,497 [Worker-14: Importing Maven projects] INFO  o.e.m.c.i.e.AbstractTransferListenerAdapter - Downloaded https://repo.maven.apache.org/maven2/io/micrometer/micrometer-tracing-bom/1.6.2/micrometer-tracing-bom-1.6.2.pom
2026-01-31 15:14:57,117 [Worker-14: Importing Maven projects] INFO  o.e.m.c.i.e.AbstractTransferListenerAdapter - Downloaded https://repo.maven.apache.org/maven2/io/projectreactor/reactor-bom/2025.0.2/reactor-bom-2025.0.2.pom
2026-01-31 15:14:57,511 [Worker-14: Importing Maven projects] INFO  o.e.m.c.i.e.AbstractTransferListenerAdapter - Downloaded https://repo.maven.apache.org/maven2/org/springframework/amqp/spring-amqp-bom/4.0.2/spring-amqp-bom-4.0.2.pom
2026-01-31 15:14:57,773 [Worker-14: Importing Maven projects] INFO  o.e.m.c.i.e.AbstractTransferListenerAdapter - Downloaded https://repo.maven.apache.org/maven2/org/springframework/batch/spring-batch-bom/6.0.2/spring-batch-bom-6.0.2.pom
2026-01-31 15:14:58,072 [Worker-14: Importing Maven projects] INFO  o.e.m.c.i.e.AbstractTransferListenerAdapter - Downloaded https://repo.maven.apache.org/maven2/org/springframework/data/spring-data-bom/2025.1.2/spring-data-bom-2025.1.2.pom
2026-01-31 15:14:58,320 [Worker-14: Importing Maven projects] INFO  o.e.m.c.i.e.AbstractTransferListenerAdapter - Downloaded https://repo.maven.apache.org/maven2/org/springframework/spring-framework-bom/7.0.3/spring-framework-bom-7.0.3.pom
2026-01-31 15:14:58,578 [Worker-14: Importing Maven projects] INFO  o.e.m.c.i.e.AbstractTransferListenerAdapter - Downloaded https://repo.maven.apache.org/maven2/org/springframework/integration/spring-integration-bom/7.0.2/spring-integration-bom-7.0.2.pom
2026-01-31 15:14:58,880 [Worker-14: Importing Maven projects] INFO  o.e.m.c.i.e.AbstractTransferListenerAdapter - Downloaded https://repo.maven.apache.org/maven2/org/springframework/pulsar/spring-pulsar-bom/2.0.2/spring-pulsar-bom-2.0.2.pom
2026-01-31 15:15:00,139 [Worker-14: Importing Maven projects] INFO  o.e.m.c.i.e.AbstractTransferListenerAdapter - Downloaded https://repo.maven.apache.org/maven2/org/springframework/boot/spring-boot-maven-plugin/4.0.2/spring-boot-maven-plugin-4.0.2.pom
2026-01-31 15:15:00,277 [Worker-14: Importing Maven projects] INFO  o.e.m.c.i.e.AbstractTransferListenerAdapter - Downloading https://repo.maven.apache.org/maven2/org/springframework/boot/spring-boot-maven-plugin/4.0.2/spring-boot-maven-plugin-4.0.2.jar
2026-01-31 15:15:00,605 [Worker-14: Importing Maven projects] INFO  o.e.m.c.i.e.AbstractTransferListenerAdapter - Downloaded https://repo.maven.apache.org/maven2/org/springframework/boot/spring-boot-maven-plugin/4.0.2/spring-boot-maven-plugin-4.0.2.jar
2026-01-31 15:15:03,672 [Worker-14: Importing Maven projects] INFO  o.e.m.c.i.l.LifecycleMappingFactory - Using org.eclipse.m2e.jdt.JarLifecycleMapping lifecycle mapping for MavenProject: com.infy.ems:demo:0.0.1-SNAPSHOT @ C:\Users\Expert\Desktop\Spring REST API with Advance features\demo\pom.xml.
2026-01-31 15:15:04,048 [Worker-14: Importing Maven projects] INFO  o.e.m.c.i.e.AbstractTransferListenerAdapter - Downloaded https://repo.maven.apache.org/maven2/org/springframework/boot/spring-boot-starter-data-jpa/4.0.2/spring-boot-starter-data-jpa-4.0.2.pom
2026-01-31 15:15:04,345 [Worker-14: Importing Maven projects] INFO  o.e.m.c.i.e.AbstractTransferListenerAdapter - Downloaded https://repo.maven.apache.org/maven2/org/springframework/boot/spring-boot-starter/4.0.2/spring-boot-starter-4.0.2.pom
2026-01-31 15:15:04,665 [Worker-14: Importing Maven projects] INFO  o.e.m.c.i.e.AbstractTransferListenerAdapter - Downloaded https://repo.maven.apache.org/maven2/org/springframework/boot/spring-boot-starter-logging/4.0.2/spring-boot-starter-logging-4.0.2.pom
2026-01-31 15:15:04,931 [Worker-14: Importing Maven projects] INFO  o.e.m.c.i.e.AbstractTransferListenerAdapter - Downloaded https://repo.maven.apache.org/maven2/ch/qos/logback/logback-classic/1.5.25/logback-classic-1.5.25.pom
2026-01-31 15:15:05,328 [Worker-14: Importing Maven projects] INFO  o.e.m.c.i.e.AbstractTransferListenerAdapter - Downloaded https://repo.maven.apache.org/maven2/ch/qos/logback/logback-parent/1.5.25/logback-parent-1.5.25.pom
2026-01-31 15:15:05,634 [Worker-14: Importing Maven projects] INFO  o.e.m.c.i.e.AbstractTransferListenerAdapter - Downloaded https://repo.maven.apache.org/maven2/ch/qos/logback/logback-core/1.5.25/logback-core-1.5.25.pom
2026-01-31 15:15:06,354 [Worker-14: Importing Maven projects] INFO  o.e.m.c.i.e.AbstractTransferListenerAdapter - Downloaded https://repo.maven.apache.org/maven2/org/springframework/boot/spring-boot-autoconfigure/4.0.2/spring-boot-autoconfigure-4.0.2.pom
2026-01-31 15:15:06,676 [Worker-14: Importing Maven projects] INFO  o.e.m.c.i.e.AbstractTransferListenerAdapter - Downloaded https://repo.maven.apache.org/maven2/org/springframework/boot/spring-boot/4.0.2/spring-boot-4.0.2.pom
2026-01-31 15:15:06,974 [Worker-14: Importing Maven projects] INFO  o.e.m.c.i.e.AbstractTransferListenerAdapter - Downloaded https://repo.maven.apache.org/maven2/org/springframework/spring-core/7.0.3/spring-core-7.0.3.pom
2026-01-31 15:15:07,473 [Worker-14: Importing Maven projects] INFO  o.e.m.c.i.e.AbstractTransferListenerAdapter - Downloaded https://repo.maven.apache.org/maven2/org/springframework/spring-context/7.0.3/spring-context-7.0.3.pom
2026-01-31 15:15:07,757 [Worker-14: Importing Maven projects] INFO  o.e.m.c.i.e.AbstractTransferListenerAdapter - Downloaded https://repo.maven.apache.org/maven2/org/springframework/spring-aop/7.0.3/spring-aop-7.0.3.pom
2026-01-31 15:15:08,119 [Worker-14: Importing Maven projects] INFO  o.e.m.c.i.e.AbstractTransferListenerAdapter - Downloaded https://repo.maven.apache.org/maven2/org/springframework/spring-beans/7.0.3/spring-beans-7.0.3.pom
2026-01-31 15:15:08,453 [Worker-14: Importing Maven projects] INFO  o.e.m.c.i.e.AbstractTransferListenerAdapter - Downloaded https://repo.maven.apache.org/maven2/org/springframework/spring-expression/7.0.3/spring-expression-7.0.3.pom
2026-01-31 15:15:08,724 [Worker-14: Importing Maven projects] INFO  o.e.m.c.i.e.AbstractTransferListenerAdapter - Downloaded https://repo.maven.apache.org/maven2/io/micrometer/micrometer-observation/1.16.2/micrometer-observation-1.16.2.pom
2026-01-31 15:15:09,076 [Worker-14: Importing Maven projects] INFO  o.e.m.c.i.e.AbstractTransferListenerAdapter - Downloaded https://repo.maven.apache.org/maven2/io/micrometer/micrometer-commons/1.16.2/micrometer-commons-1.16.2.pom
2026-01-31 15:15:09,440 [Worker-14: Importing Maven projects] INFO  o.e.m.c.i.e.AbstractTransferListenerAdapter - Downloaded https://repo.maven.apache.org/maven2/org/springframework/boot/spring-boot-starter-jdbc/4.0.2/spring-boot-starter-jdbc-4.0.2.pom
2026-01-31 15:15:09,735 [Worker-14: Importing Maven projects] INFO  o.e.m.c.i.e.AbstractTransferListenerAdapter - Downloaded https://repo.maven.apache.org/maven2/org/springframework/boot/spring-boot-jdbc/4.0.2/spring-boot-jdbc-4.0.2.pom
2026-01-31 15:15:10,035 [Worker-14: Importing Maven projects] INFO  o.e.m.c.i.e.AbstractTransferListenerAdapter - Downloaded https://repo.maven.apache.org/maven2/org/springframework/boot/spring-boot-sql/4.0.2/spring-boot-sql-4.0.2.pom
2026-01-31 15:15:10,320 [Worker-14: Importing Maven projects] INFO  o.e.m.c.i.e.AbstractTransferListenerAdapter - Downloaded https://repo.maven.apache.org/maven2/org/springframework/boot/spring-boot-transaction/4.0.2/spring-boot-transaction-4.0.2.pom
2026-01-31 15:15:10,596 [Worker-14: Importing Maven projects] INFO  o.e.m.c.i.e.AbstractTransferListenerAdapter - Downloaded https://repo.maven.apache.org/maven2/org/springframework/boot/spring-boot-persistence/4.0.2/spring-boot-persistence-4.0.2.pom
2026-01-31 15:15:10,913 [Worker-14: Importing Maven projects] INFO  o.e.m.c.i.e.AbstractTransferListenerAdapter - Downloaded https://repo.maven.apache.org/maven2/org/springframework/spring-tx/7.0.3/spring-tx-7.0.3.pom
2026-01-31 15:15:11,223 [Worker-14: Importing Maven projects] INFO  o.e.m.c.i.e.AbstractTransferListenerAdapter - Downloaded https://repo.maven.apache.org/maven2/org/springframework/spring-jdbc/7.0.3/spring-jdbc-7.0.3.pom
2026-01-31 15:15:11,484 [Worker-14: Importing Maven projects] INFO  o.e.m.c.i.e.AbstractTransferListenerAdapter - Downloaded https://repo.maven.apache.org/maven2/com/zaxxer/HikariCP/7.0.2/HikariCP-7.0.2.pom
2026-01-31 15:15:11,860 [Worker-14: Importing Maven projects] INFO  o.e.m.c.i.e.AbstractTransferListenerAdapter - Downloaded https://repo.maven.apache.org/maven2/org/springframework/boot/spring-boot-data-jpa/4.0.2/spring-boot-data-jpa-4.0.2.pom
2026-01-31 15:15:12,177 [Worker-14: Importing Maven projects] INFO  o.e.m.c.i.e.AbstractTransferListenerAdapter - Downloaded https://repo.maven.apache.org/maven2/org/springframework/boot/spring-boot-data-commons/4.0.2/spring-boot-data-commons-4.0.2.pom
2026-01-31 15:15:12,470 [Worker-14: Importing Maven projects] INFO  o.e.m.c.i.e.AbstractTransferListenerAdapter - Downloaded https://repo.maven.apache.org/maven2/org/springframework/data/spring-data-commons/4.0.2/spring-data-commons-4.0.2.pom
2026-01-31 15:15:12,763 [Worker-14: Importing Maven projects] INFO  o.e.m.c.i.e.AbstractTransferListenerAdapter - Downloaded https://repo.maven.apache.org/maven2/org/springframework/data/build/spring-data-parent/4.0.2/spring-data-parent-4.0.2.pom
2026-01-31 15:15:13,129 [Worker-14: Importing Maven projects] INFO  o.e.m.c.i.e.AbstractTransferListenerAdapter - Downloaded https://repo.maven.apache.org/maven2/org/springframework/data/build/spring-data-build/4.0.2/spring-data-build-4.0.2.pom
2026-01-31 15:15:13,488 [Worker-14: Importing Maven projects] INFO  o.e.m.c.i.e.AbstractTransferListenerAdapter - Downloaded https://repo.maven.apache.org/maven2/org/jmolecules/jmolecules-bom/2025.0.0/jmolecules-bom-2025.0.0.pom
2026-01-31 15:15:13,798 [Worker-14: Importing Maven projects] INFO  o.e.m.c.i.e.AbstractTransferListenerAdapter - Downloaded https://repo.maven.apache.org/maven2/org/junit/junit-bom/6.0.0/junit-bom-6.0.0.pom
2026-01-31 15:15:14,136 [Worker-14: Importing Maven projects] INFO  o.e.m.c.i.e.AbstractTransferListenerAdapter - Downloaded https://repo.maven.apache.org/maven2/org/springframework/boot/spring-boot-hibernate/4.0.2/spring-boot-hibernate-4.0.2.pom
2026-01-31 15:15:14,429 [Worker-14: Importing Maven projects] INFO  o.e.m.c.i.e.AbstractTransferListenerAdapter - Downloaded https://repo.maven.apache.org/maven2/org/springframework/boot/spring-boot-jpa/4.0.2/spring-boot-jpa-4.0.2.pom
2026-01-31 15:15:14,744 [Worker-14: Importing Maven projects] INFO  o.e.m.c.i.e.AbstractTransferListenerAdapter - Downloaded https://repo.maven.apache.org/maven2/jakarta/persistence/jakarta.persistence-api/3.2.0/jakarta.persistence-api-3.2.0.pom
2026-01-31 15:15:15,093 [Worker-14: Importing Maven projects] INFO  o.e.m.c.i.e.AbstractTransferListenerAdapter - Downloaded https://repo.maven.apache.org/maven2/org/springframework/spring-orm/7.0.3/spring-orm-7.0.3.pom
2026-01-31 15:15:15,357 [Worker-14: Importing Maven projects] INFO  o.e.m.c.i.e.AbstractTransferListenerAdapter - Downloaded https://repo.maven.apache.org/maven2/org/hibernate/orm/hibernate-core/7.2.1.Final/hibernate-core-7.2.1.Final.pom
2026-01-31 15:15:15,820 [Worker-14: Importing Maven projects] INFO  o.e.m.c.i.e.AbstractTransferListenerAdapter - Downloaded https://repo.maven.apache.org/maven2/org/hibernate/models/hibernate-models/1.0.1/hibernate-models-1.0.1.pom
2026-01-31 15:15:16,113 [Worker-14: Importing Maven projects] INFO  o.e.m.c.i.e.AbstractTransferListenerAdapter - Downloaded https://repo.maven.apache.org/maven2/com/fasterxml/classmate/1.7.3/classmate-1.7.3.pom
2026-01-31 15:15:16,478 [Worker-14: Importing Maven projects] INFO  o.e.m.c.i.e.AbstractTransferListenerAdapter - Downloaded https://repo.maven.apache.org/maven2/com/fasterxml/oss-parent/74/oss-parent-74.pom
2026-01-31 15:15:16,858 [Worker-14: Importing Maven projects] INFO  o.e.m.c.i.e.AbstractTransferListenerAdapter - Downloaded https://repo.maven.apache.org/maven2/org/glassfish/jaxb/jaxb-runtime/4.0.6/jaxb-runtime-4.0.6.pom
2026-01-31 15:15:17,138 [Worker-14: Importing Maven projects] INFO  o.e.m.c.i.e.AbstractTransferListenerAdapter - Downloaded https://repo.maven.apache.org/maven2/com/sun/xml/bind/mvn/jaxb-runtime-parent/4.0.6/jaxb-runtime-parent-4.0.6.pom
2026-01-31 15:15:17,399 [Worker-14: Importing Maven projects] INFO  o.e.m.c.i.e.AbstractTransferListenerAdapter - Downloaded https://repo.maven.apache.org/maven2/com/sun/xml/bind/mvn/jaxb-parent/4.0.6/jaxb-parent-4.0.6.pom
2026-01-31 15:15:17,692 [Worker-14: Importing Maven projects] INFO  o.e.m.c.i.e.AbstractTransferListenerAdapter - Downloaded https://repo.maven.apache.org/maven2/com/sun/xml/bind/jaxb-bom-ext/4.0.6/jaxb-bom-ext-4.0.6.pom
2026-01-31 15:15:17,985 [Worker-14: Importing Maven projects] INFO  o.e.m.c.i.e.AbstractTransferListenerAdapter - Downloaded https://repo.maven.apache.org/maven2/org/glassfish/jaxb/jaxb-bom/4.0.6/jaxb-bom-4.0.6.pom
2026-01-31 15:15:18,307 [Worker-14: Importing Maven projects] INFO  o.e.m.c.i.e.AbstractTransferListenerAdapter - Downloaded https://repo.maven.apache.org/maven2/org/glassfish/jaxb/jaxb-core/4.0.6/jaxb-core-4.0.6.pom
2026-01-31 15:15:18,611 [Worker-14: Importing Maven projects] INFO  o.e.m.c.i.e.AbstractTransferListenerAdapter - Downloaded https://repo.maven.apache.org/maven2/org/eclipse/angus/angus-activation/2.0.3/angus-activation-2.0.3.pom
2026-01-31 15:15:18,919 [Worker-14: Importing Maven projects] INFO  o.e.m.c.i.e.AbstractTransferListenerAdapter - Downloaded https://repo.maven.apache.org/maven2/org/eclipse/angus/angus-activation-project/2.0.3/angus-activation-project-2.0.3.pom
2026-01-31 15:15:19,220 [Worker-14: Importing Maven projects] INFO  o.e.m.c.i.e.AbstractTransferListenerAdapter - Downloaded https://repo.maven.apache.org/maven2/org/glassfish/jaxb/txw2/4.0.6/txw2-4.0.6.pom
2026-01-31 15:15:19,582 [Worker-14: Importing Maven projects] INFO  o.e.m.c.i.e.AbstractTransferListenerAdapter - Downloaded https://repo.maven.apache.org/maven2/com/sun/xml/bind/mvn/jaxb-txw-parent/4.0.6/jaxb-txw-parent-4.0.6.pom
2026-01-31 15:15:20,042 [Worker-14: Importing Maven projects] INFO  o.e.m.c.i.e.AbstractTransferListenerAdapter - Downloaded https://repo.maven.apache.org/maven2/org/antlr/antlr4-runtime/4.13.2/antlr4-runtime-4.13.2.pom
2026-01-31 15:15:20,404 [Worker-14: Importing Maven projects] INFO  o.e.m.c.i.e.AbstractTransferListenerAdapter - Downloaded https://repo.maven.apache.org/maven2/org/antlr/antlr4-master/4.13.2/antlr4-master-4.13.2.pom
2026-01-31 15:15:20,686 [Worker-14: Importing Maven projects] INFO  o.e.m.c.i.e.AbstractTransferListenerAdapter - Downloaded https://repo.maven.apache.org/maven2/org/springframework/data/spring-data-jpa/4.0.2/spring-data-jpa-4.0.2.pom
2026-01-31 15:15:20,973 [Worker-14: Importing Maven projects] INFO  o.e.m.c.i.e.AbstractTransferListenerAdapter - Downloaded https://repo.maven.apache.org/maven2/org/springframework/data/spring-data-jpa-parent/4.0.2/spring-data-jpa-parent-4.0.2.pom
2026-01-31 15:15:21,312 [Worker-14: Importing Maven projects] INFO  o.e.m.c.i.e.AbstractTransferListenerAdapter - Downloaded https://repo.maven.apache.org/maven2/org/springframework/spring-aspects/7.0.3/spring-aspects-7.0.3.pom
2026-01-31 15:15:21,616 [Worker-14: Importing Maven projects] INFO  o.e.m.c.i.e.AbstractTransferListenerAdapter - Downloaded https://repo.maven.apache.org/maven2/org/aspectj/aspectjweaver/1.9.25.1/aspectjweaver-1.9.25.1.pom
2026-01-31 15:15:21,965 [Worker-14: Importing Maven projects] INFO  o.e.m.c.i.e.AbstractTransferListenerAdapter - Downloaded https://repo.maven.apache.org/maven2/org/springframework/boot/spring-boot-starter-webmvc/4.0.2/spring-boot-starter-webmvc-4.0.2.pom
2026-01-31 15:15:22,233 [Worker-14: Importing Maven projects] INFO  o.e.m.c.i.e.AbstractTransferListenerAdapter - Downloaded https://repo.maven.apache.org/maven2/org/springframework/boot/spring-boot-starter-jackson/4.0.2/spring-boot-starter-jackson-4.0.2.pom
2026-01-31 15:15:22,586 [Worker-14: Importing Maven projects] INFO  o.e.m.c.i.e.AbstractTransferListenerAdapter - Downloaded https://repo.maven.apache.org/maven2/org/springframework/boot/spring-boot-jackson/4.0.2/spring-boot-jackson-4.0.2.pom
2026-01-31 15:15:22,934 [Worker-14: Importing Maven projects] INFO  o.e.m.c.i.e.AbstractTransferListenerAdapter - Downloaded https://repo.maven.apache.org/maven2/tools/jackson/core/jackson-databind/3.0.4/jackson-databind-3.0.4.pom
2026-01-31 15:15:23,228 [Worker-14: Importing Maven projects] INFO  o.e.m.c.i.e.AbstractTransferListenerAdapter - Downloaded https://repo.maven.apache.org/maven2/tools/jackson/jackson-base/3.0.4/jackson-base-3.0.4.pom
2026-01-31 15:15:23,551 [Worker-14: Importing Maven projects] INFO  o.e.m.c.i.e.AbstractTransferListenerAdapter - Downloaded https://repo.maven.apache.org/maven2/org/junit/junit-bom/5.13.4/junit-bom-5.13.4.pom
2026-01-31 15:15:23,914 [Worker-14: Importing Maven projects] INFO  o.e.m.c.i.e.AbstractTransferListenerAdapter - Downloaded https://repo.maven.apache.org/maven2/com/fasterxml/jackson/core/jackson-annotations/2.20/jackson-annotations-2.20.pom
2026-01-31 15:15:24,177 [Worker-14: Importing Maven projects] INFO  o.e.m.c.i.e.AbstractTransferListenerAdapter - Downloaded https://repo.maven.apache.org/maven2/tools/jackson/core/jackson-core/3.0.4/jackson-core-3.0.4.pom
2026-01-31 15:15:24,470 [Worker-14: Importing Maven projects] INFO  o.e.m.c.i.e.AbstractTransferListenerAdapter - Downloaded https://repo.maven.apache.org/maven2/org/springframework/boot/spring-boot-starter-tomcat/4.0.2/spring-boot-starter-tomcat-4.0.2.pom
2026-01-31 15:15:24,780 [Worker-14: Importing Maven projects] INFO  o.e.m.c.i.e.AbstractTransferListenerAdapter - Downloaded https://repo.maven.apache.org/maven2/org/springframework/boot/spring-boot-starter-tomcat-runtime/4.0.2/spring-boot-starter-tomcat-runtime-4.0.2.pom
2026-01-31 15:15:25,071 [Worker-14: Importing Maven projects] INFO  o.e.m.c.i.e.AbstractTransferListenerAdapter - Downloaded https://repo.maven.apache.org/maven2/org/springframework/boot/spring-boot-tomcat/4.0.2/spring-boot-tomcat-4.0.2.pom
2026-01-31 15:15:25,373 [Worker-14: Importing Maven projects] INFO  o.e.m.c.i.e.AbstractTransferListenerAdapter - Downloaded https://repo.maven.apache.org/maven2/org/springframework/boot/spring-boot-web-server/4.0.2/spring-boot-web-server-4.0.2.pom
2026-01-31 15:15:25,690 [Worker-14: Importing Maven projects] INFO  o.e.m.c.i.e.AbstractTransferListenerAdapter - Downloaded https://repo.maven.apache.org/maven2/org/apache/tomcat/embed/tomcat-embed-core/11.0.15/tomcat-embed-core-11.0.15.pom
2026-01-31 15:15:25,945 [Worker-14: Importing Maven projects] INFO  o.e.m.c.i.e.AbstractTransferListenerAdapter - Downloaded https://repo.maven.apache.org/maven2/org/apache/tomcat/embed/tomcat-embed-el/11.0.15/tomcat-embed-el-11.0.15.pom
2026-01-31 15:15:26,235 [Worker-14: Importing Maven projects] INFO  o.e.m.c.i.e.AbstractTransferListenerAdapter - Downloaded https://repo.maven.apache.org/maven2/org/apache/tomcat/embed/tomcat-embed-websocket/11.0.15/tomcat-embed-websocket-11.0.15.pom
2026-01-31 15:15:26,510 [Worker-14: Importing Maven projects] INFO  o.e.m.c.i.e.AbstractTransferListenerAdapter - Downloaded https://repo.maven.apache.org/maven2/org/springframework/spring-web/7.0.3/spring-web-7.0.3.pom
2026-01-31 15:15:26,810 [Worker-14: Importing Maven projects] INFO  o.e.m.c.i.e.AbstractTransferListenerAdapter - Downloaded https://repo.maven.apache.org/maven2/org/springframework/boot/spring-boot-http-converter/4.0.2/spring-boot-http-converter-4.0.2.pom
2026-01-31 15:15:27,082 [Worker-14: Importing Maven projects] INFO  o.e.m.c.i.e.AbstractTransferListenerAdapter - Downloaded https://repo.maven.apache.org/maven2/org/springframework/boot/spring-boot-webmvc/4.0.2/spring-boot-webmvc-4.0.2.pom
2026-01-31 15:15:27,442 [Worker-14: Importing Maven projects] INFO  o.e.m.c.i.e.AbstractTransferListenerAdapter - Downloaded https://repo.maven.apache.org/maven2/org/springframework/boot/spring-boot-servlet/4.0.2/spring-boot-servlet-4.0.2.pom
2026-01-31 15:15:27,737 [Worker-14: Importing Maven projects] INFO  o.e.m.c.i.e.AbstractTransferListenerAdapter - Downloaded https://repo.maven.apache.org/maven2/org/springframework/spring-webmvc/7.0.3/spring-webmvc-7.0.3.pom
2026-01-31 15:15:28,041 [Worker-14: Importing Maven projects] INFO  o.e.m.c.i.e.AbstractTransferListenerAdapter - Downloaded https://repo.maven.apache.org/maven2/com/mysql/mysql-connector-j/9.5.0/mysql-connector-j-9.5.0.pom
2026-01-31 15:15:28,302 [Worker-14: Importing Maven projects] INFO  o.e.m.c.i.e.AbstractTransferListenerAdapter - Downloaded https://repo.maven.apache.org/maven2/org/springframework/boot/spring-boot-starter-data-jpa-test/4.0.2/spring-boot-starter-data-jpa-test-4.0.2.pom
2026-01-31 15:15:28,579 [Worker-14: Importing Maven projects] INFO  o.e.m.c.i.e.AbstractTransferListenerAdapter - Downloaded https://repo.maven.apache.org/maven2/org/springframework/boot/spring-boot-starter-test/4.0.2/spring-boot-starter-test-4.0.2.pom
2026-01-31 15:15:28,963 [Worker-14: Importing Maven projects] INFO  o.e.m.c.i.e.AbstractTransferListenerAdapter - Downloaded https://repo.maven.apache.org/maven2/org/springframework/boot/spring-boot-test/4.0.2/spring-boot-test-4.0.2.pom
2026-01-31 15:15:29,207 [Worker-14: Importing Maven projects] INFO  o.e.m.c.i.e.AbstractTransferListenerAdapter - Downloaded https://repo.maven.apache.org/maven2/org/springframework/spring-test/7.0.3/spring-test-7.0.3.pom
2026-01-31 15:15:29,471 [Worker-14: Importing Maven projects] INFO  o.e.m.c.i.e.AbstractTransferListenerAdapter - Downloaded https://repo.maven.apache.org/maven2/org/springframework/boot/spring-boot-test-autoconfigure/4.0.2/spring-boot-test-autoconfigure-4.0.2.pom
2026-01-31 15:15:29,975 [Worker-14: Importing Maven projects] INFO  o.e.m.c.i.e.AbstractTransferListenerAdapter - Downloaded https://repo.maven.apache.org/maven2/org/junit/jupiter/junit-jupiter/6.0.2/junit-jupiter-6.0.2.pom
2026-01-31 15:15:30,258 [Worker-14: Importing Maven projects] INFO  o.e.m.c.i.e.AbstractTransferListenerAdapter - Downloaded https://repo.maven.apache.org/maven2/org/junit/jupiter/junit-jupiter-api/6.0.2/junit-jupiter-api-6.0.2.pom
2026-01-31 15:15:30,560 [Worker-14: Importing Maven projects] INFO  o.e.m.c.i.e.AbstractTransferListenerAdapter - Downloaded https://repo.maven.apache.org/maven2/org/junit/platform/junit-platform-commons/6.0.2/junit-platform-commons-6.0.2.pom
2026-01-31 15:15:30,931 [Worker-14: Importing Maven projects] INFO  o.e.m.c.i.e.AbstractTransferListenerAdapter - Downloaded https://repo.maven.apache.org/maven2/org/junit/jupiter/junit-jupiter-params/6.0.2/junit-jupiter-params-6.0.2.pom
2026-01-31 15:15:31,235 [Worker-14: Importing Maven projects] INFO  o.e.m.c.i.e.AbstractTransferListenerAdapter - Downloaded https://repo.maven.apache.org/maven2/org/junit/jupiter/junit-jupiter-engine/6.0.2/junit-jupiter-engine-6.0.2.pom
2026-01-31 15:15:31,484 [Worker-14: Importing Maven projects] INFO  o.e.m.c.i.e.AbstractTransferListenerAdapter - Downloaded https://repo.maven.apache.org/maven2/org/junit/platform/junit-platform-engine/6.0.2/junit-platform-engine-6.0.2.pom
2026-01-31 15:15:31,973 [Worker-14: Importing Maven projects] INFO  o.e.m.c.i.e.AbstractTransferListenerAdapter - Downloaded https://repo.maven.apache.org/maven2/org/springframework/boot/spring-boot-starter-jdbc-test/4.0.2/spring-boot-starter-jdbc-test-4.0.2.pom
2026-01-31 15:15:32,256 [Worker-14: Importing Maven projects] INFO  o.e.m.c.i.e.AbstractTransferListenerAdapter - Downloaded https://repo.maven.apache.org/maven2/org/springframework/boot/spring-boot-jdbc-test/4.0.2/spring-boot-jdbc-test-4.0.2.pom
2026-01-31 15:15:32,617 [Worker-14: Importing Maven projects] INFO  o.e.m.c.i.e.AbstractTransferListenerAdapter - Downloaded https://repo.maven.apache.org/maven2/org/springframework/boot/spring-boot-data-jpa-test/4.0.2/spring-boot-data-jpa-test-4.0.2.pom
2026-01-31 15:15:32,931 [Worker-14: Importing Maven projects] INFO  o.e.m.c.i.e.AbstractTransferListenerAdapter - Downloaded https://repo.maven.apache.org/maven2/org/springframework/boot/spring-boot-jpa-test/4.0.2/spring-boot-jpa-test-4.0.2.pom
2026-01-31 15:15:33,260 [Worker-14: Importing Maven projects] INFO  o.e.m.c.i.e.AbstractTransferListenerAdapter - Downloaded https://repo.maven.apache.org/maven2/org/springframework/boot/spring-boot-starter-webmvc-test/4.0.2/spring-boot-starter-webmvc-test-4.0.2.pom
2026-01-31 15:15:33,586 [Worker-14: Importing Maven projects] INFO  o.e.m.c.i.e.AbstractTransferListenerAdapter - Downloaded https://repo.maven.apache.org/maven2/org/springframework/boot/spring-boot-starter-jackson-test/4.0.2/spring-boot-starter-jackson-test-4.0.2.pom
2026-01-31 15:15:33,905 [Worker-14: Importing Maven projects] INFO  o.e.m.c.i.e.AbstractTransferListenerAdapter - Downloaded https://repo.maven.apache.org/maven2/org/springframework/boot/spring-boot-webmvc-test/4.0.2/spring-boot-webmvc-test-4.0.2.pom
2026-01-31 15:15:34,194 [Worker-14: Importing Maven projects] INFO  o.e.m.c.i.e.AbstractTransferListenerAdapter - Downloaded https://repo.maven.apache.org/maven2/org/springframework/boot/spring-boot-resttestclient/4.0.2/spring-boot-resttestclient-4.0.2.pom
2026-01-31 15:15:34,326 [AetherRepositoryConnector-repo.maven.apache.org-0-0] INFO  o.e.m.c.i.e.AbstractTransferListenerAdapter - Downloading https://repo.maven.apache.org/maven2/org/springframework/boot/spring-boot-starter-data-jpa/4.0.2/spring-boot-starter-data-jpa-4.0.2.jar
2026-01-31 15:15:34,432 [AetherRepositoryConnector-repo.maven.apache.org-0-4] INFO  o.e.m.c.i.e.AbstractTransferListenerAdapter - Downloading https://repo.maven.apache.org/maven2/ch/qos/logback/logback-core/1.5.25/logback-core-1.5.25.jar
2026-01-31 15:15:34,525 [AetherRepositoryConnector-repo.maven.apache.org-0-3] INFO  o.e.m.c.i.e.AbstractTransferListenerAdapter - Downloading https://repo.maven.apache.org/maven2/ch/qos/logback/logback-classic/1.5.25/logback-classic-1.5.25.jar
2026-01-31 15:15:34,525 [AetherRepositoryConnector-repo.maven.apache.org-0-1] INFO  o.e.m.c.i.e.AbstractTransferListenerAdapter - Downloading https://repo.maven.apache.org/maven2/org/springframework/boot/spring-boot-starter/4.0.2/spring-boot-starter-4.0.2.jar
2026-01-31 15:15:34,525 [AetherRepositoryConnector-repo.maven.apache.org-0-2] INFO  o.e.m.c.i.e.AbstractTransferListenerAdapter - Downloading https://repo.maven.apache.org/maven2/org/springframework/boot/spring-boot-starter-logging/4.0.2/spring-boot-starter-logging-4.0.2.jar
2026-01-31 15:15:34,950 [AetherRepositoryConnector-repo.maven.apache.org-0-0] INFO  o.e.m.c.i.e.AbstractTransferListenerAdapter - Downloaded https://repo.maven.apache.org/maven2/org/springframework/boot/spring-boot-starter-data-jpa/4.0.2/spring-boot-starter-data-jpa-4.0.2.jar
2026-01-31 15:15:35,011 [AetherRepositoryConnector-repo.maven.apache.org-0-2] INFO  o.e.m.c.i.e.AbstractTransferListenerAdapter - Downloaded https://repo.maven.apache.org/maven2/org/springframework/boot/spring-boot-starter-logging/4.0.2/spring-boot-starter-logging-4.0.2.jar
2026-01-31 15:15:35,032 [AetherRepositoryConnector-repo.maven.apache.org-0-1] INFO  o.e.m.c.i.e.AbstractTransferListenerAdapter - Downloaded https://repo.maven.apache.org/maven2/org/springframework/boot/spring-boot-starter/4.0.2/spring-boot-starter-4.0.2.jar
2026-01-31 15:15:35,083 [AetherRepositoryConnector-repo.maven.apache.org-0-0] INFO  o.e.m.c.i.e.AbstractTransferListenerAdapter - Downloading https://repo.maven.apache.org/maven2/org/springframework/boot/spring-boot-autoconfigure/4.0.2/spring-boot-autoconfigure-4.0.2.jar
2026-01-31 15:15:35,203 [AetherRepositoryConnector-repo.maven.apache.org-0-2] INFO  o.e.m.c.i.e.AbstractTransferListenerAdapter - Downloading https://repo.maven.apache.org/maven2/org/springframework/boot/spring-boot-starter-jdbc/4.0.2/spring-boot-starter-jdbc-4.0.2.jar
2026-01-31 15:15:35,204 [AetherRepositoryConnector-repo.maven.apache.org-0-1] INFO  o.e.m.c.i.e.AbstractTransferListenerAdapter - Downloading https://repo.maven.apache.org/maven2/com/zaxxer/HikariCP/7.0.2/HikariCP-7.0.2.jar
2026-01-31 15:15:35,221 [AetherRepositoryConnector-repo.maven.apache.org-0-4] INFO  o.e.m.c.i.e.AbstractTransferListenerAdapter - Downloaded https://repo.maven.apache.org/maven2/ch/qos/logback/logback-core/1.5.25/logback-core-1.5.25.jar
2026-01-31 15:15:35,282 [AetherRepositoryConnector-repo.maven.apache.org-0-3] INFO  o.e.m.c.i.e.AbstractTransferListenerAdapter - Downloaded https://repo.maven.apache.org/maven2/ch/qos/logback/logback-classic/1.5.25/logback-classic-1.5.25.jar
2026-01-31 15:15:35,372 [AetherRepositoryConnector-repo.maven.apache.org-0-4] INFO  o.e.m.c.i.e.AbstractTransferListenerAdapter - Downloading https://repo.maven.apache.org/maven2/org/springframework/boot/spring-boot-data-jpa/4.0.2/spring-boot-data-jpa-4.0.2.jar
2026-01-31 15:15:35,389 [AetherRepositoryConnector-repo.maven.apache.org-0-2] INFO  o.e.m.c.i.e.AbstractTransferListenerAdapter - Downloaded https://repo.maven.apache.org/maven2/org/springframework/boot/spring-boot-starter-jdbc/4.0.2/spring-boot-starter-jdbc-4.0.2.jar
2026-01-31 15:15:35,389 [AetherRepositoryConnector-repo.maven.apache.org-0-0] INFO  o.e.m.c.i.e.AbstractTransferListenerAdapter - Downloaded https://repo.maven.apache.org/maven2/org/springframework/boot/spring-boot-autoconfigure/4.0.2/spring-boot-autoconfigure-4.0.2.jar
2026-01-31 15:15:35,468 [AetherRepositoryConnector-repo.maven.apache.org-0-3] INFO  o.e.m.c.i.e.AbstractTransferListenerAdapter - Downloading https://repo.maven.apache.org/maven2/org/springframework/boot/spring-boot-data-commons/4.0.2/spring-boot-data-commons-4.0.2.jar
2026-01-31 15:15:35,487 [AetherRepositoryConnector-repo.maven.apache.org-0-1] INFO  o.e.m.c.i.e.AbstractTransferListenerAdapter - Downloaded https://repo.maven.apache.org/maven2/com/zaxxer/HikariCP/7.0.2/HikariCP-7.0.2.jar
2026-01-31 15:15:35,570 [AetherRepositoryConnector-repo.maven.apache.org-0-0] INFO  o.e.m.c.i.e.AbstractTransferListenerAdapter - Downloading https://repo.maven.apache.org/maven2/org/springframework/data/spring-data-commons/4.0.2/spring-data-commons-4.0.2.jar
2026-01-31 15:15:35,643 [AetherRepositoryConnector-repo.maven.apache.org-0-2] INFO  o.e.m.c.i.e.AbstractTransferListenerAdapter - Downloading https://repo.maven.apache.org/maven2/org/springframework/boot/spring-boot-persistence/4.0.2/spring-boot-persistence-4.0.2.jar
2026-01-31 15:15:36,018 [AetherRepositoryConnector-repo.maven.apache.org-0-1] INFO  o.e.m.c.i.e.AbstractTransferListenerAdapter - Downloading https://repo.maven.apache.org/maven2/org/springframework/boot/spring-boot-hibernate/4.0.2/spring-boot-hibernate-4.0.2.jar
2026-01-31 15:15:36,154 [AetherRepositoryConnector-repo.maven.apache.org-0-4] INFO  o.e.m.c.i.e.AbstractTransferListenerAdapter - Downloaded https://repo.maven.apache.org/maven2/org/springframework/boot/spring-boot-data-jpa/4.0.2/spring-boot-data-jpa-4.0.2.jar
2026-01-31 15:15:36,269 [AetherRepositoryConnector-repo.maven.apache.org-0-2] INFO  o.e.m.c.i.e.AbstractTransferListenerAdapter - Downloaded https://repo.maven.apache.org/maven2/org/springframework/boot/spring-boot-persistence/4.0.2/spring-boot-persistence-4.0.2.jar
2026-01-31 15:15:36,269 [AetherRepositoryConnector-repo.maven.apache.org-0-3] INFO  o.e.m.c.i.e.AbstractTransferListenerAdapter - Downloaded https://repo.maven.apache.org/maven2/org/springframework/boot/spring-boot-data-commons/4.0.2/spring-boot-data-commons-4.0.2.jar
2026-01-31 15:15:36,401 [AetherRepositoryConnector-repo.maven.apache.org-0-4] INFO  o.e.m.c.i.e.AbstractTransferListenerAdapter - Downloading https://repo.maven.apache.org/maven2/org/springframework/boot/spring-boot-jpa/4.0.2/spring-boot-jpa-4.0.2.jar
2026-01-31 15:15:36,708 [AetherRepositoryConnector-repo.maven.apache.org-0-2] INFO  o.e.m.c.i.e.AbstractTransferListenerAdapter - Downloading https://repo.maven.apache.org/maven2/org/hibernate/orm/hibernate-core/7.2.1.Final/hibernate-core-7.2.1.Final.jar
2026-01-31 15:15:36,731 [AetherRepositoryConnector-repo.maven.apache.org-0-3] INFO  o.e.m.c.i.e.AbstractTransferListenerAdapter - Downloading https://repo.maven.apache.org/maven2/jakarta/persistence/jakarta.persistence-api/3.2.0/jakarta.persistence-api-3.2.0.jar
2026-01-31 15:15:36,909 [AetherRepositoryConnector-repo.maven.apache.org-0-1] INFO  o.e.m.c.i.e.AbstractTransferListenerAdapter - Downloaded https://repo.maven.apache.org/maven2/org/springframework/boot/spring-boot-hibernate/4.0.2/spring-boot-hibernate-4.0.2.jar
2026-01-31 15:15:37,622 [AetherRepositoryConnector-repo.maven.apache.org-0-4] INFO  o.e.m.c.i.e.AbstractTransferListenerAdapter - Downloaded https://repo.maven.apache.org/maven2/org/springframework/boot/spring-boot-jpa/4.0.2/spring-boot-jpa-4.0.2.jar
2026-01-31 15:15:37,622 [AetherRepositoryConnector-repo.maven.apache.org-0-0] INFO  o.e.m.c.i.e.AbstractTransferListenerAdapter - Downloaded https://repo.maven.apache.org/maven2/org/springframework/data/spring-data-commons/4.0.2/spring-data-commons-4.0.2.jar
2026-01-31 15:15:37,972 [AetherRepositoryConnector-repo.maven.apache.org-0-1] INFO  o.e.m.c.i.e.AbstractTransferListenerAdapter - Downloading https://repo.maven.apache.org/maven2/org/hibernate/models/hibernate-models/1.0.1/hibernate-models-1.0.1.jar
2026-01-31 15:15:38,243 [AetherRepositoryConnector-repo.maven.apache.org-0-3] INFO  o.e.m.c.i.e.AbstractTransferListenerAdapter - Downloaded https://repo.maven.apache.org/maven2/jakarta/persistence/jakarta.persistence-api/3.2.0/jakarta.persistence-api-3.2.0.jar
2026-01-31 15:15:38,741 [AetherRepositoryConnector-repo.maven.apache.org-0-0] INFO  o.e.m.c.i.e.AbstractTransferListenerAdapter - Downloading https://repo.maven.apache.org/maven2/org/glassfish/jaxb/jaxb-runtime/4.0.6/jaxb-runtime-4.0.6.jar
2026-01-31 15:15:38,741 [AetherRepositoryConnector-repo.maven.apache.org-0-4] INFO  o.e.m.c.i.e.AbstractTransferListenerAdapter - Downloading https://repo.maven.apache.org/maven2/com/fasterxml/classmate/1.7.3/classmate-1.7.3.jar
2026-01-31 15:15:39,143 [AetherRepositoryConnector-repo.maven.apache.org-0-3] INFO  o.e.m.c.i.e.AbstractTransferListenerAdapter - Downloading https://repo.maven.apache.org/maven2/org/glassfish/jaxb/jaxb-core/4.0.6/jaxb-core-4.0.6.jar
2026-01-31 15:15:39,515 [AetherRepositoryConnector-repo.maven.apache.org-0-1] INFO  o.e.m.c.i.e.AbstractTransferListenerAdapter - Downloaded https://repo.maven.apache.org/maven2/org/hibernate/models/hibernate-models/1.0.1/hibernate-models-1.0.1.jar
2026-01-31 15:15:39,975 [AetherRepositoryConnector-repo.maven.apache.org-0-4] INFO  o.e.m.c.i.e.AbstractTransferListenerAdapter - Downloaded https://repo.maven.apache.org/maven2/com/fasterxml/classmate/1.7.3/classmate-1.7.3.jar
2026-01-31 15:15:40,634 [AetherRepositoryConnector-repo.maven.apache.org-0-1] INFO  o.e.m.c.i.e.AbstractTransferListenerAdapter - Downloading https://repo.maven.apache.org/maven2/org/eclipse/angus/angus-activation/2.0.3/angus-activation-2.0.3.jar
2026-01-31 15:15:40,649 [AetherRepositoryConnector-repo.maven.apache.org-0-4] INFO  o.e.m.c.i.e.AbstractTransferListenerAdapter - Downloading https://repo.maven.apache.org/maven2/org/glassfish/jaxb/txw2/4.0.6/txw2-4.0.6.jar
2026-01-31 15:15:40,753 [AetherRepositoryConnector-repo.maven.apache.org-0-3] INFO  o.e.m.c.i.e.AbstractTransferListenerAdapter - Downloaded https://repo.maven.apache.org/maven2/org/glassfish/jaxb/jaxb-core/4.0.6/jaxb-core-4.0.6.jar
2026-01-31 15:15:41,185 [AetherRepositoryConnector-repo.maven.apache.org-0-0] INFO  o.e.m.c.i.e.AbstractTransferListenerAdapter - Downloaded https://repo.maven.apache.org/maven2/org/glassfish/jaxb/jaxb-runtime/4.0.6/jaxb-runtime-4.0.6.jar
2026-01-31 15:15:41,241 [AetherRepositoryConnector-repo.maven.apache.org-0-3] INFO  o.e.m.c.i.e.AbstractTransferListenerAdapter - Downloading https://repo.maven.apache.org/maven2/org/springframework/spring-orm/7.0.3/spring-orm-7.0.3.jar
2026-01-31 15:15:41,406 [AetherRepositoryConnector-repo.maven.apache.org-0-4] INFO  o.e.m.c.i.e.AbstractTransferListenerAdapter - Downloaded https://repo.maven.apache.org/maven2/org/glassfish/jaxb/txw2/4.0.6/txw2-4.0.6.jar
2026-01-31 15:15:41,407 [AetherRepositoryConnector-repo.maven.apache.org-0-1] INFO  o.e.m.c.i.e.AbstractTransferListenerAdapter - Downloaded https://repo.maven.apache.org/maven2/org/eclipse/angus/angus-activation/2.0.3/angus-activation-2.0.3.jar
2026-01-31 15:15:41,653 [AetherRepositoryConnector-repo.maven.apache.org-0-0] INFO  o.e.m.c.i.e.AbstractTransferListenerAdapter - Downloading https://repo.maven.apache.org/maven2/org/springframework/data/spring-data-jpa/4.0.2/spring-data-jpa-4.0.2.jar
2026-01-31 15:15:41,966 [AetherRepositoryConnector-repo.maven.apache.org-0-4] INFO  o.e.m.c.i.e.AbstractTransferListenerAdapter - Downloading https://repo.maven.apache.org/maven2/org/springframework/spring-context/7.0.3/spring-context-7.0.3.jar
2026-01-31 15:15:41,966 [AetherRepositoryConnector-repo.maven.apache.org-0-1] INFO  o.e.m.c.i.e.AbstractTransferListenerAdapter - Downloading https://repo.maven.apache.org/maven2/org/springframework/spring-aop/7.0.3/spring-aop-7.0.3.jar
2026-01-31 15:15:43,782 [AetherRepositoryConnector-repo.maven.apache.org-0-3] INFO  o.e.m.c.i.e.AbstractTransferListenerAdapter - Downloaded https://repo.maven.apache.org/maven2/org/springframework/spring-orm/7.0.3/spring-orm-7.0.3.jar
2026-01-31 15:15:43,859 [AetherRepositoryConnector-repo.maven.apache.org-0-0] INFO  o.e.m.c.i.e.AbstractTransferListenerAdapter - Downloaded https://repo.maven.apache.org/maven2/org/springframework/data/spring-data-jpa/4.0.2/spring-data-jpa-4.0.2.jar
2026-01-31 15:15:44,023 [AetherRepositoryConnector-repo.maven.apache.org-0-3] INFO  o.e.m.c.i.e.AbstractTransferListenerAdapter - Downloading https://repo.maven.apache.org/maven2/org/springframework/spring-tx/7.0.3/spring-tx-7.0.3.jar
2026-01-31 15:15:44,096 [AetherRepositoryConnector-repo.maven.apache.org-0-0] INFO  o.e.m.c.i.e.AbstractTransferListenerAdapter - Downloading https://repo.maven.apache.org/maven2/org/springframework/spring-beans/7.0.3/spring-beans-7.0.3.jar
2026-01-31 15:15:44,889 [AetherRepositoryConnector-repo.maven.apache.org-0-1] INFO  o.e.m.c.i.e.AbstractTransferListenerAdapter - Downloaded https://repo.maven.apache.org/maven2/org/springframework/spring-aop/7.0.3/spring-aop-7.0.3.jar
2026-01-31 15:15:45,263 [AetherRepositoryConnector-repo.maven.apache.org-0-0] INFO  o.e.m.c.i.e.AbstractTransferListenerAdapter - Downloaded https://repo.maven.apache.org/maven2/org/springframework/spring-beans/7.0.3/spring-beans-7.0.3.jar
2026-01-31 15:15:45,320 [AetherRepositoryConnector-repo.maven.apache.org-0-1] INFO  o.e.m.c.i.e.AbstractTransferListenerAdapter - Downloading https://repo.maven.apache.org/maven2/org/antlr/antlr4-runtime/4.13.2/antlr4-runtime-4.13.2.jar
2026-01-31 15:15:45,615 [AetherRepositoryConnector-repo.maven.apache.org-0-0] INFO  o.e.m.c.i.e.AbstractTransferListenerAdapter - Downloading https://repo.maven.apache.org/maven2/org/springframework/spring-aspects/7.0.3/spring-aspects-7.0.3.jar
2026-01-31 15:15:45,831 [AetherRepositoryConnector-repo.maven.apache.org-0-3] INFO  o.e.m.c.i.e.AbstractTransferListenerAdapter - Downloaded https://repo.maven.apache.org/maven2/org/springframework/spring-tx/7.0.3/spring-tx-7.0.3.jar
2026-01-31 15:15:46,324 [AetherRepositoryConnector-repo.maven.apache.org-0-3] INFO  o.e.m.c.i.e.AbstractTransferListenerAdapter - Downloading https://repo.maven.apache.org/maven2/org/aspectj/aspectjweaver/1.9.25.1/aspectjweaver-1.9.25.1.jar
2026-01-31 15:15:46,340 [AetherRepositoryConnector-repo.maven.apache.org-0-0] INFO  o.e.m.c.i.e.AbstractTransferListenerAdapter - Downloaded https://repo.maven.apache.org/maven2/org/springframework/spring-aspects/7.0.3/spring-aspects-7.0.3.jar
2026-01-31 15:15:46,890 [AetherRepositoryConnector-repo.maven.apache.org-0-0] INFO  o.e.m.c.i.e.AbstractTransferListenerAdapter - Downloading https://repo.maven.apache.org/maven2/org/springframework/boot/spring-boot-jdbc/4.0.2/spring-boot-jdbc-4.0.2.jar
2026-01-31 15:15:47,689 [AetherRepositoryConnector-repo.maven.apache.org-0-4] INFO  o.e.m.c.i.e.AbstractTransferListenerAdapter - Downloaded https://repo.maven.apache.org/maven2/org/springframework/spring-context/7.0.3/spring-context-7.0.3.jar
2026-01-31 15:15:47,700 [AetherRepositoryConnector-repo.maven.apache.org-0-1] INFO  o.e.m.c.i.e.AbstractTransferListenerAdapter - Downloaded https://repo.maven.apache.org/maven2/org/antlr/antlr4-runtime/4.13.2/antlr4-runtime-4.13.2.jar
2026-01-31 15:15:47,864 [AetherRepositoryConnector-repo.maven.apache.org-0-4] INFO  o.e.m.c.i.e.AbstractTransferListenerAdapter - Downloading https://repo.maven.apache.org/maven2/org/springframework/boot/spring-boot/4.0.2/spring-boot-4.0.2.jar
2026-01-31 15:15:47,871 [AetherRepositoryConnector-repo.maven.apache.org-0-3] INFO  o.e.m.c.i.e.AbstractTransferListenerAdapter - Downloaded https://repo.maven.apache.org/maven2/org/aspectj/aspectjweaver/1.9.25.1/aspectjweaver-1.9.25.1.jar
2026-01-31 15:15:48,004 [AetherRepositoryConnector-repo.maven.apache.org-0-1] INFO  o.e.m.c.i.e.AbstractTransferListenerAdapter - Downloading https://repo.maven.apache.org/maven2/org/springframework/boot/spring-boot-sql/4.0.2/spring-boot-sql-4.0.2.jar
2026-01-31 15:15:48,192 [AetherRepositoryConnector-repo.maven.apache.org-0-3] INFO  o.e.m.c.i.e.AbstractTransferListenerAdapter - Downloading https://repo.maven.apache.org/maven2/org/springframework/boot/spring-boot-transaction/4.0.2/spring-boot-transaction-4.0.2.jar
2026-01-31 15:15:48,396 [AetherRepositoryConnector-repo.maven.apache.org-0-0] INFO  o.e.m.c.i.e.AbstractTransferListenerAdapter - Downloaded https://repo.maven.apache.org/maven2/org/springframework/boot/spring-boot-jdbc/4.0.2/spring-boot-jdbc-4.0.2.jar
2026-01-31 15:15:48,823 [AetherRepositoryConnector-repo.maven.apache.org-0-0] INFO  o.e.m.c.i.e.AbstractTransferListenerAdapter - Downloading https://repo.maven.apache.org/maven2/org/springframework/spring-jdbc/7.0.3/spring-jdbc-7.0.3.jar
2026-01-31 15:15:49,272 [AetherRepositoryConnector-repo.maven.apache.org-0-3] INFO  o.e.m.c.i.e.AbstractTransferListenerAdapter - Downloaded https://repo.maven.apache.org/maven2/org/springframework/boot/spring-boot-transaction/4.0.2/spring-boot-transaction-4.0.2.jar
2026-01-31 15:15:49,282 [AetherRepositoryConnector-repo.maven.apache.org-0-1] INFO  o.e.m.c.i.e.AbstractTransferListenerAdapter - Downloaded https://repo.maven.apache.org/maven2/org/springframework/boot/spring-boot-sql/4.0.2/spring-boot-sql-4.0.2.jar
2026-01-31 15:15:49,503 [AetherRepositoryConnector-repo.maven.apache.org-0-3] INFO  o.e.m.c.i.e.AbstractTransferListenerAdapter - Downloading https://repo.maven.apache.org/maven2/org/springframework/boot/spring-boot-starter-webmvc/4.0.2/spring-boot-starter-webmvc-4.0.2.jar
2026-01-31 15:15:49,565 [AetherRepositoryConnector-repo.maven.apache.org-0-1] INFO  o.e.m.c.i.e.AbstractTransferListenerAdapter - Downloading https://repo.maven.apache.org/maven2/org/springframework/boot/spring-boot-starter-jackson/4.0.2/spring-boot-starter-jackson-4.0.2.jar
2026-01-31 15:15:49,850 [AetherRepositoryConnector-repo.maven.apache.org-0-0] INFO  o.e.m.c.i.e.AbstractTransferListenerAdapter - Downloaded https://repo.maven.apache.org/maven2/org/springframework/spring-jdbc/7.0.3/spring-jdbc-7.0.3.jar
2026-01-31 15:15:49,850 [AetherRepositoryConnector-repo.maven.apache.org-0-4] INFO  o.e.m.c.i.e.AbstractTransferListenerAdapter - Downloaded https://repo.maven.apache.org/maven2/org/springframework/boot/spring-boot/4.0.2/spring-boot-4.0.2.jar
2026-01-31 15:15:49,949 [AetherRepositoryConnector-repo.maven.apache.org-0-3] INFO  o.e.m.c.i.e.AbstractTransferListenerAdapter - Downloaded https://repo.maven.apache.org/maven2/org/springframework/boot/spring-boot-starter-webmvc/4.0.2/spring-boot-starter-webmvc-4.0.2.jar
2026-01-31 15:15:49,949 [AetherRepositoryConnector-repo.maven.apache.org-0-1] INFO  o.e.m.c.i.e.AbstractTransferListenerAdapter - Downloaded https://repo.maven.apache.org/maven2/org/springframework/boot/spring-boot-starter-jackson/4.0.2/spring-boot-starter-jackson-4.0.2.jar
2026-01-31 15:15:50,106 [AetherRepositoryConnector-repo.maven.apache.org-0-4] INFO  o.e.m.c.i.e.AbstractTransferListenerAdapter - Downloading https://repo.maven.apache.org/maven2/tools/jackson/core/jackson-databind/3.0.4/jackson-databind-3.0.4.jar
2026-01-31 15:15:50,106 [AetherRepositoryConnector-repo.maven.apache.org-0-0] INFO  o.e.m.c.i.e.AbstractTransferListenerAdapter - Downloading https://repo.maven.apache.org/maven2/org/springframework/boot/spring-boot-jackson/4.0.2/spring-boot-jackson-4.0.2.jar
2026-01-31 15:15:50,276 [AetherRepositoryConnector-repo.maven.apache.org-0-1] INFO  o.e.m.c.i.e.AbstractTransferListenerAdapter - Downloading https://repo.maven.apache.org/maven2/tools/jackson/core/jackson-core/3.0.4/jackson-core-3.0.4.jar
2026-01-31 15:15:50,286 [AetherRepositoryConnector-repo.maven.apache.org-0-3] INFO  o.e.m.c.i.e.AbstractTransferListenerAdapter - Downloading https://repo.maven.apache.org/maven2/com/fasterxml/jackson/core/jackson-annotations/2.20/jackson-annotations-2.20.jar
2026-01-31 15:15:51,241 [AetherRepositoryConnector-repo.maven.apache.org-0-3] INFO  o.e.m.c.i.e.AbstractTransferListenerAdapter - Downloaded https://repo.maven.apache.org/maven2/com/fasterxml/jackson/core/jackson-annotations/2.20/jackson-annotations-2.20.jar
2026-01-31 15:15:51,397 [AetherRepositoryConnector-repo.maven.apache.org-0-0] INFO  o.e.m.c.i.e.AbstractTransferListenerAdapter - Downloaded https://repo.maven.apache.org/maven2/org/springframework/boot/spring-boot-jackson/4.0.2/spring-boot-jackson-4.0.2.jar
2026-01-31 15:15:51,461 [AetherRepositoryConnector-repo.maven.apache.org-0-3] INFO  o.e.m.c.i.e.AbstractTransferListenerAdapter - Downloading https://repo.maven.apache.org/maven2/org/springframework/boot/spring-boot-starter-tomcat/4.0.2/spring-boot-starter-tomcat-4.0.2.jar
2026-01-31 15:15:51,677 [AetherRepositoryConnector-repo.maven.apache.org-0-0] INFO  o.e.m.c.i.e.AbstractTransferListenerAdapter - Downloading https://repo.maven.apache.org/maven2/org/springframework/boot/spring-boot-starter-tomcat-runtime/4.0.2/spring-boot-starter-tomcat-runtime-4.0.2.jar
2026-01-31 15:15:51,936 [AetherRepositoryConnector-repo.maven.apache.org-0-1] INFO  o.e.m.c.i.e.AbstractTransferListenerAdapter - Downloaded https://repo.maven.apache.org/maven2/tools/jackson/core/jackson-core/3.0.4/jackson-core-3.0.4.jar
2026-01-31 15:15:52,121 [AetherRepositoryConnector-repo.maven.apache.org-0-3] INFO  o.e.m.c.i.e.AbstractTransferListenerAdapter - Downloaded https://repo.maven.apache.org/maven2/org/springframework/boot/spring-boot-starter-tomcat/4.0.2/spring-boot-starter-tomcat-4.0.2.jar
2026-01-31 15:15:52,229 [AetherRepositoryConnector-repo.maven.apache.org-0-1] INFO  o.e.m.c.i.e.AbstractTransferListenerAdapter - Downloading https://repo.maven.apache.org/maven2/org/apache/tomcat/embed/tomcat-embed-core/11.0.15/tomcat-embed-core-11.0.15.jar
2026-01-31 15:15:52,418 [AetherRepositoryConnector-repo.maven.apache.org-0-3] INFO  o.e.m.c.i.e.AbstractTransferListenerAdapter - Downloading https://repo.maven.apache.org/maven2/org/apache/tomcat/embed/tomcat-embed-el/11.0.15/tomcat-embed-el-11.0.15.jar
2026-01-31 15:15:53,097 [AetherRepositoryConnector-repo.maven.apache.org-0-0] INFO  o.e.m.c.i.e.AbstractTransferListenerAdapter - Downloaded https://repo.maven.apache.org/maven2/org/springframework/boot/spring-boot-starter-tomcat-runtime/4.0.2/spring-boot-starter-tomcat-runtime-4.0.2.jar
2026-01-31 15:15:53,220 [AetherRepositoryConnector-repo.maven.apache.org-0-0] INFO  o.e.m.c.i.e.AbstractTransferListenerAdapter - Downloading https://repo.maven.apache.org/maven2/org/apache/tomcat/embed/tomcat-embed-websocket/11.0.15/tomcat-embed-websocket-11.0.15.jar
2026-01-31 15:15:53,400 [AetherRepositoryConnector-repo.maven.apache.org-0-2] INFO  o.e.m.c.i.e.AbstractTransferListenerAdapter - Downloaded https://repo.maven.apache.org/maven2/org/hibernate/orm/hibernate-core/7.2.1.Final/hibernate-core-7.2.1.Final.jar
2026-01-31 15:15:53,521 [AetherRepositoryConnector-repo.maven.apache.org-0-2] INFO  o.e.m.c.i.e.AbstractTransferListenerAdapter - Downloading https://repo.maven.apache.org/maven2/org/springframework/boot/spring-boot-tomcat/4.0.2/spring-boot-tomcat-4.0.2.jar
2026-01-31 15:15:53,583 [AetherRepositoryConnector-repo.maven.apache.org-0-0] INFO  o.e.m.c.i.e.AbstractTransferListenerAdapter - Downloaded https://repo.maven.apache.org/maven2/org/apache/tomcat/embed/tomcat-embed-websocket/11.0.15/tomcat-embed-websocket-11.0.15.jar
2026-01-31 15:15:53,633 [AetherRepositoryConnector-repo.maven.apache.org-0-4] INFO  o.e.m.c.i.e.AbstractTransferListenerAdapter - Downloaded https://repo.maven.apache.org/maven2/tools/jackson/core/jackson-databind/3.0.4/jackson-databind-3.0.4.jar
2026-01-31 15:15:53,654 [AetherRepositoryConnector-repo.maven.apache.org-0-3] INFO  o.e.m.c.i.e.AbstractTransferListenerAdapter - Downloaded https://repo.maven.apache.org/maven2/org/apache/tomcat/embed/tomcat-embed-el/11.0.15/tomcat-embed-el-11.0.15.jar
2026-01-31 15:15:53,718 [AetherRepositoryConnector-repo.maven.apache.org-0-0] INFO  o.e.m.c.i.e.AbstractTransferListenerAdapter - Downloading https://repo.maven.apache.org/maven2/org/springframework/boot/spring-boot-http-converter/4.0.2/spring-boot-http-converter-4.0.2.jar
2026-01-31 15:15:53,752 [AetherRepositoryConnector-repo.maven.apache.org-0-4] INFO  o.e.m.c.i.e.AbstractTransferListenerAdapter - Downloading https://repo.maven.apache.org/maven2/org/springframework/spring-web/7.0.3/spring-web-7.0.3.jar
2026-01-31 15:15:53,769 [AetherRepositoryConnector-repo.maven.apache.org-0-3] INFO  o.e.m.c.i.e.AbstractTransferListenerAdapter - Downloading https://repo.maven.apache.org/maven2/io/micrometer/micrometer-observation/1.16.2/micrometer-observation-1.16.2.jar
2026-01-31 15:15:53,844 [AetherRepositoryConnector-repo.maven.apache.org-0-2] INFO  o.e.m.c.i.e.AbstractTransferListenerAdapter - Downloaded https://repo.maven.apache.org/maven2/org/springframework/boot/spring-boot-tomcat/4.0.2/spring-boot-tomcat-4.0.2.jar
2026-01-31 15:15:53,959 [AetherRepositoryConnector-repo.maven.apache.org-0-2] INFO  o.e.m.c.i.e.AbstractTransferListenerAdapter - Downloading https://repo.maven.apache.org/maven2/io/micrometer/micrometer-commons/1.16.2/micrometer-commons-1.16.2.jar
2026-01-31 15:15:53,974 [AetherRepositoryConnector-repo.maven.apache.org-0-0] INFO  o.e.m.c.i.e.AbstractTransferListenerAdapter - Downloaded https://repo.maven.apache.org/maven2/org/springframework/boot/spring-boot-http-converter/4.0.2/spring-boot-http-converter-4.0.2.jar
2026-01-31 15:15:54,120 [AetherRepositoryConnector-repo.maven.apache.org-0-3] INFO  o.e.m.c.i.e.AbstractTransferListenerAdapter - Downloaded https://repo.maven.apache.org/maven2/io/micrometer/micrometer-observation/1.16.2/micrometer-observation-1.16.2.jar
2026-01-31 15:15:54,123 [AetherRepositoryConnector-repo.maven.apache.org-0-0] INFO  o.e.m.c.i.e.AbstractTransferListenerAdapter - Downloading https://repo.maven.apache.org/maven2/org/springframework/boot/spring-boot-webmvc/4.0.2/spring-boot-webmvc-4.0.2.jar
2026-01-31 15:15:54,258 [AetherRepositoryConnector-repo.maven.apache.org-0-3] INFO  o.e.m.c.i.e.AbstractTransferListenerAdapter - Downloading https://repo.maven.apache.org/maven2/org/springframework/boot/spring-boot-servlet/4.0.2/spring-boot-servlet-4.0.2.jar
2026-01-31 15:15:54,315 [AetherRepositoryConnector-repo.maven.apache.org-0-2] INFO  o.e.m.c.i.e.AbstractTransferListenerAdapter - Downloaded https://repo.maven.apache.org/maven2/io/micrometer/micrometer-commons/1.16.2/micrometer-commons-1.16.2.jar
2026-01-31 15:15:54,389 [AetherRepositoryConnector-repo.maven.apache.org-0-0] INFO  o.e.m.c.i.e.AbstractTransferListenerAdapter - Downloaded https://repo.maven.apache.org/maven2/org/springframework/boot/spring-boot-webmvc/4.0.2/spring-boot-webmvc-4.0.2.jar
2026-01-31 15:15:54,459 [AetherRepositoryConnector-repo.maven.apache.org-0-2] INFO  o.e.m.c.i.e.AbstractTransferListenerAdapter - Downloading https://repo.maven.apache.org/maven2/org/springframework/spring-webmvc/7.0.3/spring-webmvc-7.0.3.jar
2026-01-31 15:15:54,508 [AetherRepositoryConnector-repo.maven.apache.org-0-0] INFO  o.e.m.c.i.e.AbstractTransferListenerAdapter - Downloading https://repo.maven.apache.org/maven2/org/springframework/spring-expression/7.0.3/spring-expression-7.0.3.jar
2026-01-31 15:15:54,934 [AetherRepositoryConnector-repo.maven.apache.org-0-3] INFO  o.e.m.c.i.e.AbstractTransferListenerAdapter - Downloaded https://repo.maven.apache.org/maven2/org/springframework/boot/spring-boot-servlet/4.0.2/spring-boot-servlet-4.0.2.jar
2026-01-31 15:15:54,977 [AetherRepositoryConnector-repo.maven.apache.org-0-0] INFO  o.e.m.c.i.e.AbstractTransferListenerAdapter - Downloaded https://repo.maven.apache.org/maven2/org/springframework/spring-expression/7.0.3/spring-expression-7.0.3.jar
2026-01-31 15:15:55,033 [AetherRepositoryConnector-repo.maven.apache.org-0-3] INFO  o.e.m.c.i.e.AbstractTransferListenerAdapter - Downloading https://repo.maven.apache.org/maven2/com/mysql/mysql-connector-j/9.5.0/mysql-connector-j-9.5.0.jar
2026-01-31 15:15:55,098 [AetherRepositoryConnector-repo.maven.apache.org-0-1] INFO  o.e.m.c.i.e.AbstractTransferListenerAdapter - Downloaded https://repo.maven.apache.org/maven2/org/apache/tomcat/embed/tomcat-embed-core/11.0.15/tomcat-embed-core-11.0.15.jar
2026-01-31 15:15:55,173 [AetherRepositoryConnector-repo.maven.apache.org-0-0] INFO  o.e.m.c.i.e.AbstractTransferListenerAdapter - Downloading https://repo.maven.apache.org/maven2/org/springframework/boot/spring-boot-starter-data-jpa-test/4.0.2/spring-boot-starter-data-jpa-test-4.0.2.jar
2026-01-31 15:15:55,255 [AetherRepositoryConnector-repo.maven.apache.org-0-1] INFO  o.e.m.c.i.e.AbstractTransferListenerAdapter - Downloading https://repo.maven.apache.org/maven2/org/springframework/boot/spring-boot-starter-test/4.0.2/spring-boot-starter-test-4.0.2.jar
2026-01-31 15:15:55,505 [AetherRepositoryConnector-repo.maven.apache.org-0-4] INFO  o.e.m.c.i.e.AbstractTransferListenerAdapter - Downloaded https://repo.maven.apache.org/maven2/org/springframework/spring-web/7.0.3/spring-web-7.0.3.jar
2026-01-31 15:15:55,516 [AetherRepositoryConnector-repo.maven.apache.org-0-2] INFO  o.e.m.c.i.e.AbstractTransferListenerAdapter - Downloaded https://repo.maven.apache.org/maven2/org/springframework/spring-webmvc/7.0.3/spring-webmvc-7.0.3.jar
2026-01-31 15:15:55,604 [AetherRepositoryConnector-repo.maven.apache.org-0-4] INFO  o.e.m.c.i.e.AbstractTransferListenerAdapter - Downloading https://repo.maven.apache.org/maven2/org/springframework/boot/spring-boot-test/4.0.2/spring-boot-test-4.0.2.jar
2026-01-31 15:15:55,706 [AetherRepositoryConnector-repo.maven.apache.org-0-2] INFO  o.e.m.c.i.e.AbstractTransferListenerAdapter - Downloading https://repo.maven.apache.org/maven2/org/springframework/boot/spring-boot-test-autoconfigure/4.0.2/spring-boot-test-autoconfigure-4.0.2.jar
2026-01-31 15:15:55,733 [AetherRepositoryConnector-repo.maven.apache.org-0-1] INFO  o.e.m.c.i.e.AbstractTransferListenerAdapter - Downloaded https://repo.maven.apache.org/maven2/org/springframework/boot/spring-boot-starter-test/4.0.2/spring-boot-starter-test-4.0.2.jar
2026-01-31 15:15:55,733 [AetherRepositoryConnector-repo.maven.apache.org-0-3] INFO  o.e.m.c.i.e.AbstractTransferListenerAdapter - Downloaded https://repo.maven.apache.org/maven2/com/mysql/mysql-connector-j/9.5.0/mysql-connector-j-9.5.0.jar
2026-01-31 15:15:55,733 [AetherRepositoryConnector-repo.maven.apache.org-0-0] INFO  o.e.m.c.i.e.AbstractTransferListenerAdapter - Downloaded https://repo.maven.apache.org/maven2/org/springframework/boot/spring-boot-starter-data-jpa-test/4.0.2/spring-boot-starter-data-jpa-test-4.0.2.jar
2026-01-31 15:15:55,809 [AetherRepositoryConnector-repo.maven.apache.org-0-4] INFO  o.e.m.c.i.e.AbstractTransferListenerAdapter - Downloaded https://repo.maven.apache.org/maven2/org/springframework/boot/spring-boot-test/4.0.2/spring-boot-test-4.0.2.jar
2026-01-31 15:15:55,896 [AetherRepositoryConnector-repo.maven.apache.org-0-3] INFO  o.e.m.c.i.e.AbstractTransferListenerAdapter - Downloading https://repo.maven.apache.org/maven2/org/junit/jupiter/junit-jupiter-api/6.0.2/junit-jupiter-api-6.0.2.jar
2026-01-31 15:15:55,926 [AetherRepositoryConnector-repo.maven.apache.org-0-0] INFO  o.e.m.c.i.e.AbstractTransferListenerAdapter - Downloading https://repo.maven.apache.org/maven2/org/junit/platform/junit-platform-commons/6.0.2/junit-platform-commons-6.0.2.jar
2026-01-31 15:15:55,926 [AetherRepositoryConnector-repo.maven.apache.org-0-1] INFO  o.e.m.c.i.e.AbstractTransferListenerAdapter - Downloading https://repo.maven.apache.org/maven2/org/junit/jupiter/junit-jupiter/6.0.2/junit-jupiter-6.0.2.jar
2026-01-31 15:15:56,008 [AetherRepositoryConnector-repo.maven.apache.org-0-4] INFO  o.e.m.c.i.e.AbstractTransferListenerAdapter - Downloading https://repo.maven.apache.org/maven2/org/junit/jupiter/junit-jupiter-params/6.0.2/junit-jupiter-params-6.0.2.jar
2026-01-31 15:15:56,112 [AetherRepositoryConnector-repo.maven.apache.org-0-2] INFO  o.e.m.c.i.e.AbstractTransferListenerAdapter - Downloaded https://repo.maven.apache.org/maven2/org/springframework/boot/spring-boot-test-autoconfigure/4.0.2/spring-boot-test-autoconfigure-4.0.2.jar
2026-01-31 15:15:56,116 [AetherRepositoryConnector-repo.maven.apache.org-0-0] INFO  o.e.m.c.i.e.AbstractTransferListenerAdapter - Downloaded https://repo.maven.apache.org/maven2/org/junit/platform/junit-platform-commons/6.0.2/junit-platform-commons-6.0.2.jar
2026-01-31 15:15:56,145 [AetherRepositoryConnector-repo.maven.apache.org-0-3] INFO  o.e.m.c.i.e.AbstractTransferListenerAdapter - Downloaded https://repo.maven.apache.org/maven2/org/junit/jupiter/junit-jupiter-api/6.0.2/junit-jupiter-api-6.0.2.jar
2026-01-31 15:15:56,150 [AetherRepositoryConnector-repo.maven.apache.org-0-1] INFO  o.e.m.c.i.e.AbstractTransferListenerAdapter - Downloaded https://repo.maven.apache.org/maven2/org/junit/jupiter/junit-jupiter/6.0.2/junit-jupiter-6.0.2.jar
2026-01-31 15:15:56,211 [AetherRepositoryConnector-repo.maven.apache.org-0-2] INFO  o.e.m.c.i.e.AbstractTransferListenerAdapter - Downloading https://repo.maven.apache.org/maven2/org/junit/jupiter/junit-jupiter-engine/6.0.2/junit-jupiter-engine-6.0.2.jar
2026-01-31 15:15:56,237 [AetherRepositoryConnector-repo.maven.apache.org-0-0] INFO  o.e.m.c.i.e.AbstractTransferListenerAdapter - Downloading https://repo.maven.apache.org/maven2/org/junit/platform/junit-platform-engine/6.0.2/junit-platform-engine-6.0.2.jar
2026-01-31 15:15:56,253 [AetherRepositoryConnector-repo.maven.apache.org-0-4] INFO  o.e.m.c.i.e.AbstractTransferListenerAdapter - Downloaded https://repo.maven.apache.org/maven2/org/junit/jupiter/junit-jupiter-params/6.0.2/junit-jupiter-params-6.0.2.jar
2026-01-31 15:15:56,342 [AetherRepositoryConnector-repo.maven.apache.org-0-3] INFO  o.e.m.c.i.e.AbstractTransferListenerAdapter - Downloading https://repo.maven.apache.org/maven2/org/springframework/spring-core/7.0.3/spring-core-7.0.3.jar
2026-01-31 15:15:56,358 [AetherRepositoryConnector-repo.maven.apache.org-0-1] INFO  o.e.m.c.i.e.AbstractTransferListenerAdapter - Downloading https://repo.maven.apache.org/maven2/org/springframework/spring-test/7.0.3/spring-test-7.0.3.jar
2026-01-31 15:15:56,380 [AetherRepositoryConnector-repo.maven.apache.org-0-4] INFO  o.e.m.c.i.e.AbstractTransferListenerAdapter - Downloading https://repo.maven.apache.org/maven2/org/springframework/boot/spring-boot-starter-jdbc-test/4.0.2/spring-boot-starter-jdbc-test-4.0.2.jar
2026-01-31 15:15:56,932 [AetherRepositoryConnector-repo.maven.apache.org-0-1] INFO  o.e.m.c.i.e.AbstractTransferListenerAdapter - Downloaded https://repo.maven.apache.org/maven2/org/springframework/spring-test/7.0.3/spring-test-7.0.3.jar
2026-01-31 15:15:56,933 [AetherRepositoryConnector-repo.maven.apache.org-0-0] INFO  o.e.m.c.i.e.AbstractTransferListenerAdapter - Downloaded https://repo.maven.apache.org/maven2/org/junit/platform/junit-platform-engine/6.0.2/junit-platform-engine-6.0.2.jar
2026-01-31 15:15:56,933 [AetherRepositoryConnector-repo.maven.apache.org-0-2] INFO  o.e.m.c.i.e.AbstractTransferListenerAdapter - Downloaded https://repo.maven.apache.org/maven2/org/junit/jupiter/junit-jupiter-engine/6.0.2/junit-jupiter-engine-6.0.2.jar
2026-01-31 15:15:57,044 [AetherRepositoryConnector-repo.maven.apache.org-0-1] INFO  o.e.m.c.i.e.AbstractTransferListenerAdapter - Downloading https://repo.maven.apache.org/maven2/org/springframework/boot/spring-boot-jdbc-test/4.0.2/spring-boot-jdbc-test-4.0.2.jar
2026-01-31 15:15:57,052 [AetherRepositoryConnector-repo.maven.apache.org-0-0] INFO  o.e.m.c.i.e.AbstractTransferListenerAdapter - Downloading https://repo.maven.apache.org/maven2/org/springframework/boot/spring-boot-data-jpa-test/4.0.2/spring-boot-data-jpa-test-4.0.2.jar
2026-01-31 15:15:57,138 [AetherRepositoryConnector-repo.maven.apache.org-0-2] INFO  o.e.m.c.i.e.AbstractTransferListenerAdapter - Downloading https://repo.maven.apache.org/maven2/org/springframework/boot/spring-boot-jpa-test/4.0.2/spring-boot-jpa-test-4.0.2.jar
2026-01-31 15:15:57,153 [AetherRepositoryConnector-repo.maven.apache.org-0-4] INFO  o.e.m.c.i.e.AbstractTransferListenerAdapter - Downloaded https://repo.maven.apache.org/maven2/org/springframework/boot/spring-boot-starter-jdbc-test/4.0.2/spring-boot-starter-jdbc-test-4.0.2.jar
2026-01-31 15:15:57,153 [AetherRepositoryConnector-repo.maven.apache.org-0-3] INFO  o.e.m.c.i.e.AbstractTransferListenerAdapter - Downloaded https://repo.maven.apache.org/maven2/org/springframework/spring-core/7.0.3/spring-core-7.0.3.jar
2026-01-31 15:15:57,260 [AetherRepositoryConnector-repo.maven.apache.org-0-0] INFO  o.e.m.c.i.e.AbstractTransferListenerAdapter - Downloaded https://repo.maven.apache.org/maven2/org/springframework/boot/spring-boot-data-jpa-test/4.0.2/spring-boot-data-jpa-test-4.0.2.jar
2026-01-31 15:15:57,340 [AetherRepositoryConnector-repo.maven.apache.org-0-4] INFO  o.e.m.c.i.e.AbstractTransferListenerAdapter - Downloading https://repo.maven.apache.org/maven2/org/springframework/boot/spring-boot-starter-webmvc-test/4.0.2/spring-boot-starter-webmvc-test-4.0.2.jar
2026-01-31 15:15:57,349 [AetherRepositoryConnector-repo.maven.apache.org-0-3] INFO  o.e.m.c.i.e.AbstractTransferListenerAdapter - Downloading https://repo.maven.apache.org/maven2/org/springframework/boot/spring-boot-starter-jackson-test/4.0.2/spring-boot-starter-jackson-test-4.0.2.jar
2026-01-31 15:15:57,365 [AetherRepositoryConnector-repo.maven.apache.org-0-1] INFO  o.e.m.c.i.e.AbstractTransferListenerAdapter - Downloaded https://repo.maven.apache.org/maven2/org/springframework/boot/spring-boot-jdbc-test/4.0.2/spring-boot-jdbc-test-4.0.2.jar
2026-01-31 15:15:57,365 [AetherRepositoryConnector-repo.maven.apache.org-0-2] INFO  o.e.m.c.i.e.AbstractTransferListenerAdapter - Downloaded https://repo.maven.apache.org/maven2/org/springframework/boot/spring-boot-jpa-test/4.0.2/spring-boot-jpa-test-4.0.2.jar
2026-01-31 15:15:57,444 [AetherRepositoryConnector-repo.maven.apache.org-0-0] INFO  o.e.m.c.i.e.AbstractTransferListenerAdapter - Downloading https://repo.maven.apache.org/maven2/org/springframework/boot/spring-boot-webmvc-test/4.0.2/spring-boot-webmvc-test-4.0.2.jar
2026-01-31 15:15:57,542 [AetherRepositoryConnector-repo.maven.apache.org-0-1] INFO  o.e.m.c.i.e.AbstractTransferListenerAdapter - Downloading https://repo.maven.apache.org/maven2/org/springframework/boot/spring-boot-web-server/4.0.2/spring-boot-web-server-4.0.2.jar
2026-01-31 15:15:57,553 [AetherRepositoryConnector-repo.maven.apache.org-0-4] INFO  o.e.m.c.i.e.AbstractTransferListenerAdapter - Downloaded https://repo.maven.apache.org/maven2/org/springframework/boot/spring-boot-starter-webmvc-test/4.0.2/spring-boot-starter-webmvc-test-4.0.2.jar
2026-01-31 15:15:57,562 [AetherRepositoryConnector-repo.maven.apache.org-0-2] INFO  o.e.m.c.i.e.AbstractTransferListenerAdapter - Downloading https://repo.maven.apache.org/maven2/org/springframework/boot/spring-boot-resttestclient/4.0.2/spring-boot-resttestclient-4.0.2.jar
2026-01-31 15:15:57,584 [AetherRepositoryConnector-repo.maven.apache.org-0-3] INFO  o.e.m.c.i.e.AbstractTransferListenerAdapter - Downloaded https://repo.maven.apache.org/maven2/org/springframework/boot/spring-boot-starter-jackson-test/4.0.2/spring-boot-starter-jackson-test-4.0.2.jar
2026-01-31 15:15:57,739 [AetherRepositoryConnector-repo.maven.apache.org-0-1] INFO  o.e.m.c.i.e.AbstractTransferListenerAdapter - Downloaded https://repo.maven.apache.org/maven2/org/springframework/boot/spring-boot-web-server/4.0.2/spring-boot-web-server-4.0.2.jar
2026-01-31 15:15:58,009 [AetherRepositoryConnector-repo.maven.apache.org-0-0] INFO  o.e.m.c.i.e.AbstractTransferListenerAdapter - Downloaded https://repo.maven.apache.org/maven2/org/springframework/boot/spring-boot-webmvc-test/4.0.2/spring-boot-webmvc-test-4.0.2.jar
2026-01-31 15:15:58,118 [AetherRepositoryConnector-repo.maven.apache.org-0-2] INFO  o.e.m.c.i.e.AbstractTransferListenerAdapter - Downloaded https://repo.maven.apache.org/maven2/org/springframework/boot/spring-boot-resttestclient/4.0.2/spring-boot-resttestclient-4.0.2.jar
2026-01-31 15:16:00,628 [Worker-14: Importing Maven projects] INFO  o.e.m.j.i.AbstractJavaProjectConfigurator - Adding source folder /demo/src/main/java
2026-01-31 15:16:00,628 [Worker-14: Importing Maven projects] INFO  o.e.m.j.i.AbstractJavaProjectConfigurator - Adding resource folder /demo/src/main/resources
2026-01-31 15:16:00,644 [Worker-14: Importing Maven projects] INFO  o.e.m.j.i.AbstractJavaProjectConfigurator - Adding resource folder /demo/src/main/resources
2026-01-31 15:16:00,658 [Worker-14: Importing Maven projects] INFO  o.e.m.j.i.AbstractJavaProjectConfigurator - Adding source folder /demo/src/test/java
2026-01-31 15:16:01,579 [Worker-19: Download sources and javadoc] INFO  o.e.m.c.i.e.AbstractTransferListenerAdapter - Downloading https://repo.maven.apache.org/maven2/org/springframework/boot/spring-boot-starter-data-jpa/4.0.2/spring-boot-starter-data-jpa-4.0.2-sources.jar
2026-01-31 15:16:01,765 [Worker-19: Download sources and javadoc] INFO  o.e.m.c.i.e.AbstractTransferListenerAdapter - Downloaded https://repo.maven.apache.org/maven2/org/springframework/boot/spring-boot-starter-data-jpa/4.0.2/spring-boot-starter-data-jpa-4.0.2-sources.jar
2026-01-31 15:16:01,769 [Worker-19: Download sources and javadoc] INFO  o.e.m.j.internal.DownloadSourcesJob - Downloaded sources for org.springframework.boot:spring-boot-starter-data-jpa:4.0.2
2026-01-31 15:16:02,155 [Worker-19: Download sources and javadoc] INFO  o.e.m.c.i.e.AbstractTransferListenerAdapter - Downloading https://repo.maven.apache.org/maven2/org/springframework/boot/spring-boot-starter/4.0.2/spring-boot-starter-4.0.2-sources.jar
2026-01-31 15:16:02,327 [Worker-19: Download sources and javadoc] INFO  o.e.m.c.i.e.AbstractTransferListenerAdapter - Downloaded https://repo.maven.apache.org/maven2/org/springframework/boot/spring-boot-starter/4.0.2/spring-boot-starter-4.0.2-sources.jar
2026-01-31 15:16:02,330 [Worker-19: Download sources and javadoc] INFO  o.e.m.j.internal.DownloadSourcesJob - Downloaded sources for org.springframework.boot:spring-boot-starter:4.0.2
2026-01-31 15:16:02,693 [Worker-19: Download sources and javadoc] INFO  o.e.m.c.i.e.AbstractTransferListenerAdapter - Downloading https://repo.maven.apache.org/maven2/org/springframework/boot/spring-boot-starter-logging/4.0.2/spring-boot-starter-logging-4.0.2-sources.jar
2026-01-31 15:16:02,912 [Worker-19: Download sources and javadoc] INFO  o.e.m.c.i.e.AbstractTransferListenerAdapter - Downloaded https://repo.maven.apache.org/maven2/org/springframework/boot/spring-boot-starter-logging/4.0.2/spring-boot-starter-logging-4.0.2-sources.jar
2026-01-31 15:16:02,917 [Worker-19: Download sources and javadoc] INFO  o.e.m.j.internal.DownloadSourcesJob - Downloaded sources for org.springframework.boot:spring-boot-starter-logging:4.0.2
2026-01-31 15:16:03,244 [Worker-19: Download sources and javadoc] INFO  o.e.m.c.i.e.AbstractTransferListenerAdapter - Downloading https://repo.maven.apache.org/maven2/ch/qos/logback/logback-classic/1.5.25/logback-classic-1.5.25-sources.jar
2026-01-31 15:16:03,589 [Worker-19: Download sources and javadoc] INFO  o.e.m.c.i.e.AbstractTransferListenerAdapter - Downloaded https://repo.maven.apache.org/maven2/ch/qos/logback/logback-classic/1.5.25/logback-classic-1.5.25-sources.jar
2026-01-31 15:16:03,592 [Worker-19: Download sources and javadoc] INFO  o.e.m.j.internal.DownloadSourcesJob - Downloaded sources for ch.qos.logback:logback-classic:1.5.25
2026-01-31 15:16:03,945 [Worker-19: Download sources and javadoc] INFO  o.e.m.c.i.e.AbstractTransferListenerAdapter - Downloading https://repo.maven.apache.org/maven2/ch/qos/logback/logback-core/1.5.25/logback-core-1.5.25-sources.jar
2026-01-31 15:16:04,433 [Worker-19: Download sources and javadoc] INFO  o.e.m.c.i.e.AbstractTransferListenerAdapter - Downloaded https://repo.maven.apache.org/maven2/ch/qos/logback/logback-core/1.5.25/logback-core-1.5.25-sources.jar
2026-01-31 15:16:04,437 [Worker-19: Download sources and javadoc] INFO  o.e.m.j.internal.DownloadSourcesJob - Downloaded sources for ch.qos.logback:logback-core:1.5.25
2026-01-31 15:16:04,815 [Worker-19: Download sources and javadoc] INFO  o.e.m.c.i.e.AbstractTransferListenerAdapter - Downloading https://repo.maven.apache.org/maven2/org/springframework/boot/spring-boot-autoconfigure/4.0.2/spring-boot-autoconfigure-4.0.2-sources.jar
2026-01-31 15:16:05,141 [Worker-19: Download sources and javadoc] INFO  o.e.m.c.i.e.AbstractTransferListenerAdapter - Downloaded https://repo.maven.apache.org/maven2/org/springframework/boot/spring-boot-autoconfigure/4.0.2/spring-boot-autoconfigure-4.0.2-sources.jar
2026-01-31 15:16:05,144 [Worker-19: Download sources and javadoc] INFO  o.e.m.j.internal.DownloadSourcesJob - Downloaded sources for org.springframework.boot:spring-boot-autoconfigure:4.0.2
2026-01-31 15:16:05,499 [Worker-19: Download sources and javadoc] INFO  o.e.m.c.i.e.AbstractTransferListenerAdapter - Downloading https://repo.maven.apache.org/maven2/org/springframework/boot/spring-boot-starter-jdbc/4.0.2/spring-boot-starter-jdbc-4.0.2-sources.jar
2026-01-31 15:16:05,697 [Worker-19: Download sources and javadoc] INFO  o.e.m.c.i.e.AbstractTransferListenerAdapter - Downloaded https://repo.maven.apache.org/maven2/org/springframework/boot/spring-boot-starter-jdbc/4.0.2/spring-boot-starter-jdbc-4.0.2-sources.jar
2026-01-31 15:16:05,700 [Worker-19: Download sources and javadoc] INFO  o.e.m.j.internal.DownloadSourcesJob - Downloaded sources for org.springframework.boot:spring-boot-starter-jdbc:4.0.2
2026-01-31 15:16:06,055 [Worker-19: Download sources and javadoc] INFO  o.e.m.c.i.e.AbstractTransferListenerAdapter - Downloading https://repo.maven.apache.org/maven2/com/zaxxer/HikariCP/7.0.2/HikariCP-7.0.2-sources.jar
2026-01-31 15:16:06,301 [Worker-19: Download sources and javadoc] INFO  o.e.m.c.i.e.AbstractTransferListenerAdapter - Downloaded https://repo.maven.apache.org/maven2/com/zaxxer/HikariCP/7.0.2/HikariCP-7.0.2-sources.jar
2026-01-31 15:16:06,305 [Worker-19: Download sources and javadoc] INFO  o.e.m.j.internal.DownloadSourcesJob - Downloaded sources for com.zaxxer:HikariCP:7.0.2
2026-01-31 15:16:06,575 [Worker-19: Download sources and javadoc] INFO  o.e.m.c.i.e.AbstractTransferListenerAdapter - Downloading https://repo.maven.apache.org/maven2/org/springframework/boot/spring-boot-data-jpa/4.0.2/spring-boot-data-jpa-4.0.2-sources.jar
2026-01-31 15:16:06,754 [Worker-19: Download sources and javadoc] INFO  o.e.m.c.i.e.AbstractTransferListenerAdapter - Downloaded https://repo.maven.apache.org/maven2/org/springframework/boot/spring-boot-data-jpa/4.0.2/spring-boot-data-jpa-4.0.2-sources.jar
2026-01-31 15:16:06,757 [Worker-19: Download sources and javadoc] INFO  o.e.m.j.internal.DownloadSourcesJob - Downloaded sources for org.springframework.boot:spring-boot-data-jpa:4.0.2
2026-01-31 15:16:07,143 [Worker-19: Download sources and javadoc] INFO  o.e.m.c.i.e.AbstractTransferListenerAdapter - Downloading https://repo.maven.apache.org/maven2/org/springframework/boot/spring-boot-data-commons/4.0.2/spring-boot-data-commons-4.0.2-sources.jar
2026-01-31 15:16:07,473 [Worker-19: Download sources and javadoc] INFO  o.e.m.c.i.e.AbstractTransferListenerAdapter - Downloaded https://repo.maven.apache.org/maven2/org/springframework/boot/spring-boot-data-commons/4.0.2/spring-boot-data-commons-4.0.2-sources.jar
2026-01-31 15:16:07,476 [Worker-19: Download sources and javadoc] INFO  o.e.m.j.internal.DownloadSourcesJob - Downloaded sources for org.springframework.boot:spring-boot-data-commons:4.0.2
2026-01-31 15:16:07,851 [Worker-19: Download sources and javadoc] INFO  o.e.m.c.i.e.AbstractTransferListenerAdapter - Downloading https://repo.maven.apache.org/maven2/org/springframework/boot/spring-boot-persistence/4.0.2/spring-boot-persistence-4.0.2-sources.jar
2026-01-31 15:16:08,114 [Worker-14: Importing Maven projects] INFO  o.e.m.c.i.p.ProjectConfigurationManager - Imported and configured 1 project(s) in 75 sec
2026-01-31 15:16:08,174 [Worker-19: Download sources and javadoc] INFO  o.e.m.c.i.e.AbstractTransferListenerAdapter - Downloaded https://repo.maven.apache.org/maven2/org/springframework/boot/spring-boot-persistence/4.0.2/spring-boot-persistence-4.0.2-sources.jar
2026-01-31 15:16:08,178 [Worker-19: Download sources and javadoc] INFO  o.e.m.j.internal.DownloadSourcesJob - Downloaded sources for org.springframework.boot:spring-boot-persistence:4.0.2
2026-01-31 15:16:08,579 [Worker-19: Download sources and javadoc] INFO  o.e.m.c.i.e.AbstractTransferListenerAdapter - Downloading https://repo.maven.apache.org/maven2/org/springframework/data/spring-data-commons/4.0.2/spring-data-commons-4.0.2-sources.jar
2026-01-31 15:16:09,212 [Worker-19: Download sources and javadoc] INFO  o.e.m.c.i.e.AbstractTransferListenerAdapter - Downloaded https://repo.maven.apache.org/maven2/org/springframework/data/spring-data-commons/4.0.2/spring-data-commons-4.0.2-sources.jar
2026-01-31 15:16:09,216 [Worker-19: Download sources and javadoc] INFO  o.e.m.j.internal.DownloadSourcesJob - Downloaded sources for org.springframework.data:spring-data-commons:4.0.2
2026-01-31 15:16:09,487 [Worker-19: Download sources and javadoc] INFO  o.e.m.c.i.e.AbstractTransferListenerAdapter - Downloading https://repo.maven.apache.org/maven2/org/springframework/boot/spring-boot-hibernate/4.0.2/spring-boot-hibernate-4.0.2-sources.jar
2026-01-31 15:16:09,614 [Worker-17: Building] INFO  o.a.m.s.f.DefaultMavenResourcesFiltering - Copying 1 resource from src\main\resources to target\classes
2026-01-31 15:16:09,639 [Worker-17: Building] INFO  o.a.m.s.f.DefaultMavenResourcesFiltering - Copying 0 resource from src\main\resources to target\classes
2026-01-31 15:16:09,643 [Worker-17: Building] INFO  o.a.m.s.f.DefaultMavenResourcesFiltering - skip non existing resourceDirectory C:\Users\Expert\Desktop\Spring REST API with Advance features\demo\src\test\resources
2026-01-31 15:16:09,891 [Worker-19: Download sources and javadoc] INFO  o.e.m.c.i.e.AbstractTransferListenerAdapter - Downloaded https://repo.maven.apache.org/maven2/org/springframework/boot/spring-boot-hibernate/4.0.2/spring-boot-hibernate-4.0.2-sources.jar
2026-01-31 15:16:09,896 [Worker-19: Download sources and javadoc] INFO  o.e.m.j.internal.DownloadSourcesJob - Downloaded sources for org.springframework.boot:spring-boot-hibernate:4.0.2
2026-01-31 15:16:10,296 [Worker-19: Download sources and javadoc] INFO  o.e.m.c.i.e.AbstractTransferListenerAdapter - Downloading https://repo.maven.apache.org/maven2/org/springframework/boot/spring-boot-jpa/4.0.2/spring-boot-jpa-4.0.2-sources.jar
2026-01-31 15:16:10,584 [Worker-19: Download sources and javadoc] INFO  o.e.m.c.i.e.AbstractTransferListenerAdapter - Downloaded https://repo.maven.apache.org/maven2/org/springframework/boot/spring-boot-jpa/4.0.2/spring-boot-jpa-4.0.2-sources.jar
2026-01-31 15:16:10,586 [Worker-19: Download sources and javadoc] INFO  o.e.m.j.internal.DownloadSourcesJob - Downloaded sources for org.springframework.boot:spring-boot-jpa:4.0.2
2026-01-31 15:16:10,861 [Worker-19: Download sources and javadoc] INFO  o.e.m.c.i.e.AbstractTransferListenerAdapter - Downloading https://repo.maven.apache.org/maven2/jakarta/persistence/jakarta.persistence-api/3.2.0/jakarta.persistence-api-3.2.0-sources.jar
2026-01-31 15:16:11,175 [Worker-19: Download sources and javadoc] INFO  o.e.m.c.i.e.AbstractTransferListenerAdapter - Downloaded https://repo.maven.apache.org/maven2/jakarta/persistence/jakarta.persistence-api/3.2.0/jakarta.persistence-api-3.2.0-sources.jar
2026-01-31 15:16:11,179 [Worker-19: Download sources and javadoc] INFO  o.e.m.j.internal.DownloadSourcesJob - Downloaded sources for jakarta.persistence:jakarta.persistence-api:3.2.0
2026-01-31 15:16:11,478 [Worker-19: Download sources and javadoc] INFO  o.e.m.c.i.e.AbstractTransferListenerAdapter - Downloading https://repo.maven.apache.org/maven2/org/hibernate/orm/hibernate-core/7.2.1.Final/hibernate-core-7.2.1.Final-sources.jar
2026-01-31 15:16:13,269 [Worker-19: Download sources and javadoc] INFO  o.e.m.c.i.e.AbstractTransferListenerAdapter - Downloaded https://repo.maven.apache.org/maven2/org/hibernate/orm/hibernate-core/7.2.1.Final/hibernate-core-7.2.1.Final-sources.jar
2026-01-31 15:16:13,273 [Worker-19: Download sources and javadoc] INFO  o.e.m.j.internal.DownloadSourcesJob - Downloaded sources for org.hibernate.orm:hibernate-core:7.2.1.Final
2026-01-31 15:16:13,641 [Worker-19: Download sources and javadoc] INFO  o.e.m.c.i.e.AbstractTransferListenerAdapter - Downloading https://repo.maven.apache.org/maven2/org/hibernate/models/hibernate-models/1.0.1/hibernate-models-1.0.1-sources.jar
2026-01-31 15:16:13,930 [Worker-19: Download sources and javadoc] INFO  o.e.m.c.i.e.AbstractTransferListenerAdapter - Downloaded https://repo.maven.apache.org/maven2/org/hibernate/models/hibernate-models/1.0.1/hibernate-models-1.0.1-sources.jar
2026-01-31 15:16:13,932 [Worker-19: Download sources and javadoc] INFO  o.e.m.j.internal.DownloadSourcesJob - Downloaded sources for org.hibernate.models:hibernate-models:1.0.1
2026-01-31 15:16:14,289 [Worker-19: Download sources and javadoc] INFO  o.e.m.c.i.e.AbstractTransferListenerAdapter - Downloading https://repo.maven.apache.org/maven2/com/fasterxml/classmate/1.7.3/classmate-1.7.3-sources.jar
2026-01-31 15:16:14,504 [Worker-19: Download sources and javadoc] INFO  o.e.m.c.i.e.AbstractTransferListenerAdapter - Downloaded https://repo.maven.apache.org/maven2/com/fasterxml/classmate/1.7.3/classmate-1.7.3-sources.jar
2026-01-31 15:16:14,506 [Worker-19: Download sources and javadoc] INFO  o.e.m.j.internal.DownloadSourcesJob - Downloaded sources for com.fasterxml:classmate:1.7.3
2026-01-31 15:16:14,855 [Worker-19: Download sources and javadoc] INFO  o.e.m.c.i.e.AbstractTransferListenerAdapter - Downloading https://repo.maven.apache.org/maven2/org/glassfish/jaxb/jaxb-runtime/4.0.6/jaxb-runtime-4.0.6-sources.jar
2026-01-31 15:16:15,344 [Worker-19: Download sources and javadoc] INFO  o.e.m.c.i.e.AbstractTransferListenerAdapter - Downloaded https://repo.maven.apache.org/maven2/org/glassfish/jaxb/jaxb-runtime/4.0.6/jaxb-runtime-4.0.6-sources.jar
2026-01-31 15:16:15,347 [Worker-19: Download sources and javadoc] INFO  o.e.m.j.internal.DownloadSourcesJob - Downloaded sources for org.glassfish.jaxb:jaxb-runtime:4.0.6
2026-01-31 15:16:15,728 [Worker-19: Download sources and javadoc] INFO  o.e.m.c.i.e.AbstractTransferListenerAdapter - Downloading https://repo.maven.apache.org/maven2/org/glassfish/jaxb/jaxb-core/4.0.6/jaxb-core-4.0.6-sources.jar
2026-01-31 15:16:16,035 [Worker-19: Download sources and javadoc] INFO  o.e.m.c.i.e.AbstractTransferListenerAdapter - Downloaded https://repo.maven.apache.org/maven2/org/glassfish/jaxb/jaxb-core/4.0.6/jaxb-core-4.0.6-sources.jar
2026-01-31 15:16:16,037 [Worker-19: Download sources and javadoc] INFO  o.e.m.j.internal.DownloadSourcesJob - Downloaded sources for org.glassfish.jaxb:jaxb-core:4.0.6
2026-01-31 15:16:16,295 [Worker-19: Download sources and javadoc] INFO  o.e.m.c.i.e.AbstractTransferListenerAdapter - Downloading https://repo.maven.apache.org/maven2/org/eclipse/angus/angus-activation/2.0.3/angus-activation-2.0.3-sources.jar
2026-01-31 15:16:16,622 [Worker-19: Download sources and javadoc] INFO  o.e.m.c.i.e.AbstractTransferListenerAdapter - Downloaded https://repo.maven.apache.org/maven2/org/eclipse/angus/angus-activation/2.0.3/angus-activation-2.0.3-sources.jar
2026-01-31 15:16:16,626 [Worker-19: Download sources and javadoc] INFO  o.e.m.j.internal.DownloadSourcesJob - Downloaded sources for org.eclipse.angus:angus-activation:2.0.3
2026-01-31 15:16:16,999 [Worker-19: Download sources and javadoc] INFO  o.e.m.c.i.e.AbstractTransferListenerAdapter - Downloading https://repo.maven.apache.org/maven2/org/glassfish/jaxb/txw2/4.0.6/txw2-4.0.6-sources.jar
2026-01-31 15:16:17,229 [Worker-19: Download sources and javadoc] INFO  o.e.m.c.i.e.AbstractTransferListenerAdapter - Downloaded https://repo.maven.apache.org/maven2/org/glassfish/jaxb/txw2/4.0.6/txw2-4.0.6-sources.jar
2026-01-31 15:16:17,231 [Worker-19: Download sources and javadoc] INFO  o.e.m.j.internal.DownloadSourcesJob - Downloaded sources for org.glassfish.jaxb:txw2:4.0.6
2026-01-31 15:16:17,484 [Worker-19: Download sources and javadoc] INFO  o.e.m.c.i.e.AbstractTransferListenerAdapter - Downloading https://repo.maven.apache.org/maven2/org/springframework/spring-orm/7.0.3/spring-orm-7.0.3-sources.jar
2026-01-31 15:16:17,740 [Worker-19: Download sources and javadoc] INFO  o.e.m.c.i.e.AbstractTransferListenerAdapter - Downloaded https://repo.maven.apache.org/maven2/org/springframework/spring-orm/7.0.3/spring-orm-7.0.3-sources.jar
2026-01-31 15:16:17,743 [Worker-19: Download sources and javadoc] INFO  o.e.m.j.internal.DownloadSourcesJob - Downloaded sources for org.springframework:spring-orm:7.0.3
2026-01-31 15:16:18,096 [Worker-19: Download sources and javadoc] INFO  o.e.m.c.i.e.AbstractTransferListenerAdapter - Downloading https://repo.maven.apache.org/maven2/org/springframework/data/spring-data-jpa/4.0.2/spring-data-jpa-4.0.2-sources.jar
2026-01-31 15:16:18,633 [Worker-19: Download sources and javadoc] INFO  o.e.m.c.i.e.AbstractTransferListenerAdapter - Downloaded https://repo.maven.apache.org/maven2/org/springframework/data/spring-data-jpa/4.0.2/spring-data-jpa-4.0.2-sources.jar
2026-01-31 15:16:18,636 [Worker-19: Download sources and javadoc] INFO  o.e.m.j.internal.DownloadSourcesJob - Downloaded sources for org.springframework.data:spring-data-jpa:4.0.2
2026-01-31 15:16:18,984 [Worker-19: Download sources and javadoc] INFO  o.e.m.c.i.e.AbstractTransferListenerAdapter - Downloading https://repo.maven.apache.org/maven2/org/springframework/spring-context/7.0.3/spring-context-7.0.3-sources.jar
2026-01-31 15:16:19,549 [Worker-19: Download sources and javadoc] INFO  o.e.m.c.i.e.AbstractTransferListenerAdapter - Downloaded https://repo.maven.apache.org/maven2/org/springframework/spring-context/7.0.3/spring-context-7.0.3-sources.jar
2026-01-31 15:16:19,552 [Worker-19: Download sources and javadoc] INFO  o.e.m.j.internal.DownloadSourcesJob - Downloaded sources for org.springframework:spring-context:7.0.3
2026-01-31 15:16:19,908 [Worker-19: Download sources and javadoc] INFO  o.e.m.c.i.e.AbstractTransferListenerAdapter - Downloading https://repo.maven.apache.org/maven2/org/springframework/spring-aop/7.0.3/spring-aop-7.0.3-sources.jar
2026-01-31 15:16:20,362 [Worker-19: Download sources and javadoc] INFO  o.e.m.c.i.e.AbstractTransferListenerAdapter - Downloaded https://repo.maven.apache.org/maven2/org/springframework/spring-aop/7.0.3/spring-aop-7.0.3-sources.jar
2026-01-31 15:16:20,364 [Worker-19: Download sources and javadoc] INFO  o.e.m.j.internal.DownloadSourcesJob - Downloaded sources for org.springframework:spring-aop:7.0.3
2026-01-31 15:16:20,728 [Worker-19: Download sources and javadoc] INFO  o.e.m.c.i.e.AbstractTransferListenerAdapter - Downloading https://repo.maven.apache.org/maven2/org/springframework/spring-tx/7.0.3/spring-tx-7.0.3-sources.jar
2026-01-31 15:16:21,097 [Worker-19: Download sources and javadoc] INFO  o.e.m.c.i.e.AbstractTransferListenerAdapter - Downloaded https://repo.maven.apache.org/maven2/org/springframework/spring-tx/7.0.3/spring-tx-7.0.3-sources.jar
2026-01-31 15:16:21,099 [Worker-19: Download sources and javadoc] INFO  o.e.m.j.internal.DownloadSourcesJob - Downloaded sources for org.springframework:spring-tx:7.0.3
2026-01-31 15:16:21,459 [Worker-19: Download sources and javadoc] INFO  o.e.m.c.i.e.AbstractTransferListenerAdapter - Downloading https://repo.maven.apache.org/maven2/org/springframework/spring-beans/7.0.3/spring-beans-7.0.3-sources.jar
2026-01-31 15:16:21,994 [Worker-19: Download sources and javadoc] INFO  o.e.m.c.i.e.AbstractTransferListenerAdapter - Downloaded https://repo.maven.apache.org/maven2/org/springframework/spring-beans/7.0.3/spring-beans-7.0.3-sources.jar
2026-01-31 15:16:21,997 [Worker-19: Download sources and javadoc] INFO  o.e.m.j.internal.DownloadSourcesJob - Downloaded sources for org.springframework:spring-beans:7.0.3
2026-01-31 15:16:22,390 [Worker-19: Download sources and javadoc] INFO  o.e.m.c.i.e.AbstractTransferListenerAdapter - Downloading https://repo.maven.apache.org/maven2/org/antlr/antlr4-runtime/4.13.2/antlr4-runtime-4.13.2-sources.jar
2026-01-31 15:16:22,805 [Worker-19: Download sources and javadoc] INFO  o.e.m.c.i.e.AbstractTransferListenerAdapter - Downloaded https://repo.maven.apache.org/maven2/org/antlr/antlr4-runtime/4.13.2/antlr4-runtime-4.13.2-sources.jar
2026-01-31 15:16:22,807 [Worker-19: Download sources and javadoc] INFO  o.e.m.j.internal.DownloadSourcesJob - Downloaded sources for org.antlr:antlr4-runtime:4.13.2
2026-01-31 15:16:23,071 [Worker-19: Download sources and javadoc] INFO  o.e.m.c.i.e.AbstractTransferListenerAdapter - Downloading https://repo.maven.apache.org/maven2/org/springframework/spring-aspects/7.0.3/spring-aspects-7.0.3-sources.jar
2026-01-31 15:16:23,441 [Worker-19: Download sources and javadoc] INFO  o.e.m.c.i.e.AbstractTransferListenerAdapter - Downloaded https://repo.maven.apache.org/maven2/org/springframework/spring-aspects/7.0.3/spring-aspects-7.0.3-sources.jar
2026-01-31 15:16:23,443 [Worker-19: Download sources and javadoc] INFO  o.e.m.j.internal.DownloadSourcesJob - Downloaded sources for org.springframework:spring-aspects:7.0.3
2026-01-31 15:16:23,787 [Worker-19: Download sources and javadoc] INFO  o.e.m.c.i.e.AbstractTransferListenerAdapter - Downloading https://repo.maven.apache.org/maven2/org/aspectj/aspectjweaver/1.9.25.1/aspectjweaver-1.9.25.1-sources.jar
2026-01-31 15:16:24,529 [Worker-19: Download sources and javadoc] INFO  o.e.m.c.i.e.AbstractTransferListenerAdapter - Downloaded https://repo.maven.apache.org/maven2/org/aspectj/aspectjweaver/1.9.25.1/aspectjweaver-1.9.25.1-sources.jar
2026-01-31 15:16:24,532 [Worker-19: Download sources and javadoc] INFO  o.e.m.j.internal.DownloadSourcesJob - Downloaded sources for org.aspectj:aspectjweaver:1.9.25.1
2026-01-31 15:16:24,772 [Worker-19: Download sources and javadoc] INFO  o.e.m.c.i.e.AbstractTransferListenerAdapter - Downloading https://repo.maven.apache.org/maven2/org/springframework/boot/spring-boot-jdbc/4.0.2/spring-boot-jdbc-4.0.2-sources.jar
2026-01-31 15:16:24,957 [Worker-19: Download sources and javadoc] INFO  o.e.m.c.i.e.AbstractTransferListenerAdapter - Downloaded https://repo.maven.apache.org/maven2/org/springframework/boot/spring-boot-jdbc/4.0.2/spring-boot-jdbc-4.0.2-sources.jar
2026-01-31 15:16:24,960 [Worker-19: Download sources and javadoc] INFO  o.e.m.j.internal.DownloadSourcesJob - Downloaded sources for org.springframework.boot:spring-boot-jdbc:4.0.2
2026-01-31 15:16:25,189 [Worker-19: Download sources and javadoc] INFO  o.e.m.c.i.e.AbstractTransferListenerAdapter - Downloading https://repo.maven.apache.org/maven2/org/springframework/boot/spring-boot/4.0.2/spring-boot-4.0.2-sources.jar
2026-01-31 15:16:25,581 [Worker-19: Download sources and javadoc] INFO  o.e.m.c.i.e.AbstractTransferListenerAdapter - Downloaded https://repo.maven.apache.org/maven2/org/springframework/boot/spring-boot/4.0.2/spring-boot-4.0.2-sources.jar
2026-01-31 15:16:25,584 [Worker-19: Download sources and javadoc] INFO  o.e.m.j.internal.DownloadSourcesJob - Downloaded sources for org.springframework.boot:spring-boot:4.0.2
2026-01-31 15:16:25,944 [Worker-19: Download sources and javadoc] INFO  o.e.m.c.i.e.AbstractTransferListenerAdapter - Downloading https://repo.maven.apache.org/maven2/org/springframework/boot/spring-boot-sql/4.0.2/spring-boot-sql-4.0.2-sources.jar
2026-01-31 15:16:26,336 [Worker-19: Download sources and javadoc] INFO  o.e.m.c.i.e.AbstractTransferListenerAdapter - Downloaded https://repo.maven.apache.org/maven2/org/springframework/boot/spring-boot-sql/4.0.2/spring-boot-sql-4.0.2-sources.jar
2026-01-31 15:16:26,339 [Worker-19: Download sources and javadoc] INFO  o.e.m.j.internal.DownloadSourcesJob - Downloaded sources for org.springframework.boot:spring-boot-sql:4.0.2
2026-01-31 15:16:26,690 [Worker-19: Download sources and javadoc] INFO  o.e.m.c.i.e.AbstractTransferListenerAdapter - Downloading https://repo.maven.apache.org/maven2/org/springframework/boot/spring-boot-transaction/4.0.2/spring-boot-transaction-4.0.2-sources.jar
2026-01-31 15:16:26,960 [Worker-19: Download sources and javadoc] INFO  o.e.m.c.i.e.AbstractTransferListenerAdapter - Downloaded https://repo.maven.apache.org/maven2/org/springframework/boot/spring-boot-transaction/4.0.2/spring-boot-transaction-4.0.2-sources.jar
2026-01-31 15:16:26,963 [Worker-19: Download sources and javadoc] INFO  o.e.m.j.internal.DownloadSourcesJob - Downloaded sources for org.springframework.boot:spring-boot-transaction:4.0.2
2026-01-31 15:16:27,219 [Worker-19: Download sources and javadoc] INFO  o.e.m.c.i.e.AbstractTransferListenerAdapter - Downloading https://repo.maven.apache.org/maven2/org/springframework/spring-jdbc/7.0.3/spring-jdbc-7.0.3-sources.jar
2026-01-31 15:16:27,521 [Worker-19: Download sources and javadoc] INFO  o.e.m.c.i.e.AbstractTransferListenerAdapter - Downloaded https://repo.maven.apache.org/maven2/org/springframework/spring-jdbc/7.0.3/spring-jdbc-7.0.3-sources.jar
2026-01-31 15:16:27,537 [Worker-19: Download sources and javadoc] INFO  o.e.m.j.internal.DownloadSourcesJob - Downloaded sources for org.springframework:spring-jdbc:7.0.3
2026-01-31 15:16:27,895 [Worker-19: Download sources and javadoc] INFO  o.e.m.c.i.e.AbstractTransferListenerAdapter - Downloading https://repo.maven.apache.org/maven2/org/springframework/boot/spring-boot-starter-webmvc/4.0.2/spring-boot-starter-webmvc-4.0.2-sources.jar
2026-01-31 15:16:28,092 [Worker-19: Download sources and javadoc] INFO  o.e.m.c.i.e.AbstractTransferListenerAdapter - Downloaded https://repo.maven.apache.org/maven2/org/springframework/boot/spring-boot-starter-webmvc/4.0.2/spring-boot-starter-webmvc-4.0.2-sources.jar
2026-01-31 15:16:28,096 [Worker-19: Download sources and javadoc] INFO  o.e.m.j.internal.DownloadSourcesJob - Downloaded sources for org.springframework.boot:spring-boot-starter-webmvc:4.0.2
2026-01-31 15:16:28,359 [Worker-19: Download sources and javadoc] INFO  o.e.m.c.i.e.AbstractTransferListenerAdapter - Downloading https://repo.maven.apache.org/maven2/org/springframework/boot/spring-boot-starter-jackson/4.0.2/spring-boot-starter-jackson-4.0.2-sources.jar
2026-01-31 15:16:28,493 [Worker-19: Download sources and javadoc] INFO  o.e.m.c.i.e.AbstractTransferListenerAdapter - Downloaded https://repo.maven.apache.org/maven2/org/springframework/boot/spring-boot-starter-jackson/4.0.2/spring-boot-starter-jackson-4.0.2-sources.jar
2026-01-31 15:16:28,497 [Worker-19: Download sources and javadoc] INFO  o.e.m.j.internal.DownloadSourcesJob - Downloaded sources for org.springframework.boot:spring-boot-starter-jackson:4.0.2
2026-01-31 15:16:28,875 [Worker-19: Download sources and javadoc] INFO  o.e.m.c.i.e.AbstractTransferListenerAdapter - Downloading https://repo.maven.apache.org/maven2/org/springframework/boot/spring-boot-jackson/4.0.2/spring-boot-jackson-4.0.2-sources.jar
2026-01-31 15:16:29,295 [Worker-19: Download sources and javadoc] INFO  o.e.m.c.i.e.AbstractTransferListenerAdapter - Downloaded https://repo.maven.apache.org/maven2/org/springframework/boot/spring-boot-jackson/4.0.2/spring-boot-jackson-4.0.2-sources.jar
2026-01-31 15:16:29,297 [Worker-19: Download sources and javadoc] INFO  o.e.m.j.internal.DownloadSourcesJob - Downloaded sources for org.springframework.boot:spring-boot-jackson:4.0.2
2026-01-31 15:16:29,550 [Worker-19: Download sources and javadoc] INFO  o.e.m.c.i.e.AbstractTransferListenerAdapter - Downloading https://repo.maven.apache.org/maven2/tools/jackson/core/jackson-databind/3.0.4/jackson-databind-3.0.4-sources.jar
2026-01-31 15:16:30,034 [Worker-19: Download sources and javadoc] INFO  o.e.m.c.i.e.AbstractTransferListenerAdapter - Downloaded https://repo.maven.apache.org/maven2/tools/jackson/core/jackson-databind/3.0.4/jackson-databind-3.0.4-sources.jar
2026-01-31 15:16:30,047 [Worker-19: Download sources and javadoc] INFO  o.e.m.j.internal.DownloadSourcesJob - Downloaded sources for tools.jackson.core:jackson-databind:3.0.4
2026-01-31 15:16:30,392 [Worker-19: Download sources and javadoc] INFO  o.e.m.c.i.e.AbstractTransferListenerAdapter - Downloading https://repo.maven.apache.org/maven2/com/fasterxml/jackson/core/jackson-annotations/2.20/jackson-annotations-2.20-sources.jar
2026-01-31 15:16:30,599 [Worker-19: Download sources and javadoc] INFO  o.e.m.c.i.e.AbstractTransferListenerAdapter - Downloaded https://repo.maven.apache.org/maven2/com/fasterxml/jackson/core/jackson-annotations/2.20/jackson-annotations-2.20-sources.jar
2026-01-31 15:16:30,602 [Worker-19: Download sources and javadoc] INFO  o.e.m.j.internal.DownloadSourcesJob - Downloaded sources for com.fasterxml.jackson.core:jackson-annotations:2.20
2026-01-31 15:16:30,977 [Worker-19: Download sources and javadoc] INFO  o.e.m.c.i.e.AbstractTransferListenerAdapter - Downloading https://repo.maven.apache.org/maven2/tools/jackson/core/jackson-core/3.0.4/jackson-core-3.0.4-sources.jar
2026-01-31 15:16:31,424 [Worker-19: Download sources and javadoc] INFO  o.e.m.c.i.e.AbstractTransferListenerAdapter - Downloaded https://repo.maven.apache.org/maven2/tools/jackson/core/jackson-core/3.0.4/jackson-core-3.0.4-sources.jar
2026-01-31 15:16:31,426 [Worker-19: Download sources and javadoc] INFO  o.e.m.j.internal.DownloadSourcesJob - Downloaded sources for tools.jackson.core:jackson-core:3.0.4
2026-01-31 15:16:31,692 [Worker-19: Download sources and javadoc] INFO  o.e.m.c.i.e.AbstractTransferListenerAdapter - Downloading https://repo.maven.apache.org/maven2/org/springframework/boot/spring-boot-starter-tomcat/4.0.2/spring-boot-starter-tomcat-4.0.2-sources.jar
2026-01-31 15:16:31,821 [Worker-19: Download sources and javadoc] INFO  o.e.m.c.i.e.AbstractTransferListenerAdapter - Downloaded https://repo.maven.apache.org/maven2/org/springframework/boot/spring-boot-starter-tomcat/4.0.2/spring-boot-starter-tomcat-4.0.2-sources.jar
2026-01-31 15:16:31,825 [Worker-19: Download sources and javadoc] INFO  o.e.m.j.internal.DownloadSourcesJob - Downloaded sources for org.springframework.boot:spring-boot-starter-tomcat:4.0.2
2026-01-31 15:16:32,217 [Worker-19: Download sources and javadoc] INFO  o.e.m.c.i.e.AbstractTransferListenerAdapter - Downloading https://repo.maven.apache.org/maven2/org/springframework/boot/spring-boot-starter-tomcat-runtime/4.0.2/spring-boot-starter-tomcat-runtime-4.0.2-sources.jar
2026-01-31 15:16:32,435 [Worker-19: Download sources and javadoc] INFO  o.e.m.c.i.e.AbstractTransferListenerAdapter - Downloaded https://repo.maven.apache.org/maven2/org/springframework/boot/spring-boot-starter-tomcat-runtime/4.0.2/spring-boot-starter-tomcat-runtime-4.0.2-sources.jar
2026-01-31 15:16:32,437 [Worker-19: Download sources and javadoc] INFO  o.e.m.j.internal.DownloadSourcesJob - Downloaded sources for org.springframework.boot:spring-boot-starter-tomcat-runtime:4.0.2
2026-01-31 15:16:32,778 [Worker-19: Download sources and javadoc] INFO  o.e.m.c.i.e.AbstractTransferListenerAdapter - Downloading https://repo.maven.apache.org/maven2/org/apache/tomcat/embed/tomcat-embed-core/11.0.15/tomcat-embed-core-11.0.15-sources.jar
2026-01-31 15:16:33,792 [Worker-19: Download sources and javadoc] INFO  o.e.m.c.i.e.AbstractTransferListenerAdapter - Downloaded https://repo.maven.apache.org/maven2/org/apache/tomcat/embed/tomcat-embed-core/11.0.15/tomcat-embed-core-11.0.15-sources.jar
2026-01-31 15:16:33,795 [Worker-19: Download sources and javadoc] INFO  o.e.m.j.internal.DownloadSourcesJob - Downloaded sources for org.apache.tomcat.embed:tomcat-embed-core:11.0.15
2026-01-31 15:16:34,153 [Worker-19: Download sources and javadoc] INFO  o.e.m.c.i.e.AbstractTransferListenerAdapter - Downloading https://repo.maven.apache.org/maven2/org/apache/tomcat/embed/tomcat-embed-el/11.0.15/tomcat-embed-el-11.0.15-sources.jar
2026-01-31 15:16:34,478 [Worker-19: Download sources and javadoc] INFO  o.e.m.c.i.e.AbstractTransferListenerAdapter - Downloaded https://repo.maven.apache.org/maven2/org/apache/tomcat/embed/tomcat-embed-el/11.0.15/tomcat-embed-el-11.0.15-sources.jar
2026-01-31 15:16:34,480 [Worker-19: Download sources and javadoc] INFO  o.e.m.j.internal.DownloadSourcesJob - Downloaded sources for org.apache.tomcat.embed:tomcat-embed-el:11.0.15
2026-01-31 15:16:34,720 [Worker-19: Download sources and javadoc] INFO  o.e.m.c.i.e.AbstractTransferListenerAdapter - Downloading https://repo.maven.apache.org/maven2/org/apache/tomcat/embed/tomcat-embed-websocket/11.0.15/tomcat-embed-websocket-11.0.15-sources.jar
2026-01-31 15:16:34,960 [Worker-19: Download sources and javadoc] INFO  o.e.m.c.i.e.AbstractTransferListenerAdapter - Downloaded https://repo.maven.apache.org/maven2/org/apache/tomcat/embed/tomcat-embed-websocket/11.0.15/tomcat-embed-websocket-11.0.15-sources.jar
2026-01-31 15:16:34,963 [Worker-19: Download sources and javadoc] INFO  o.e.m.j.internal.DownloadSourcesJob - Downloaded sources for org.apache.tomcat.embed:tomcat-embed-websocket:11.0.15
2026-01-31 15:16:35,303 [Worker-19: Download sources and javadoc] INFO  o.e.m.c.i.e.AbstractTransferListenerAdapter - Downloading https://repo.maven.apache.org/maven2/org/springframework/boot/spring-boot-tomcat/4.0.2/spring-boot-tomcat-4.0.2-sources.jar
2026-01-31 15:16:35,529 [Worker-19: Download sources and javadoc] INFO  o.e.m.c.i.e.AbstractTransferListenerAdapter - Downloaded https://repo.maven.apache.org/maven2/org/springframework/boot/spring-boot-tomcat/4.0.2/spring-boot-tomcat-4.0.2-sources.jar
2026-01-31 15:16:35,532 [Worker-19: Download sources and javadoc] INFO  o.e.m.j.internal.DownloadSourcesJob - Downloaded sources for org.springframework.boot:spring-boot-tomcat:4.0.2
2026-01-31 15:16:35,783 [Worker-19: Download sources and javadoc] INFO  o.e.m.c.i.e.AbstractTransferListenerAdapter - Downloading https://repo.maven.apache.org/maven2/org/springframework/boot/spring-boot-http-converter/4.0.2/spring-boot-http-converter-4.0.2-sources.jar
2026-01-31 15:16:36,132 [Worker-19: Download sources and javadoc] INFO  o.e.m.c.i.e.AbstractTransferListenerAdapter - Downloaded https://repo.maven.apache.org/maven2/org/springframework/boot/spring-boot-http-converter/4.0.2/spring-boot-http-converter-4.0.2-sources.jar
2026-01-31 15:16:36,135 [Worker-19: Download sources and javadoc] INFO  o.e.m.j.internal.DownloadSourcesJob - Downloaded sources for org.springframework.boot:spring-boot-http-converter:4.0.2
2026-01-31 15:16:36,421 [Worker-19: Download sources and javadoc] INFO  o.e.m.c.i.e.AbstractTransferListenerAdapter - Downloading https://repo.maven.apache.org/maven2/org/springframework/spring-web/7.0.3/spring-web-7.0.3-sources.jar
2026-01-31 15:16:36,936 [Worker-19: Download sources and javadoc] INFO  o.e.m.c.i.e.AbstractTransferListenerAdapter - Downloaded https://repo.maven.apache.org/maven2/org/springframework/spring-web/7.0.3/spring-web-7.0.3-sources.jar
2026-01-31 15:16:36,950 [Worker-19: Download sources and javadoc] INFO  o.e.m.j.internal.DownloadSourcesJob - Downloaded sources for org.springframework:spring-web:7.0.3
2026-01-31 15:16:37,300 [Worker-19: Download sources and javadoc] INFO  o.e.m.c.i.e.AbstractTransferListenerAdapter - Downloading https://repo.maven.apache.org/maven2/io/micrometer/micrometer-observation/1.16.2/micrometer-observation-1.16.2-sources.jar
2026-01-31 15:16:37,518 [Worker-19: Download sources and javadoc] INFO  o.e.m.c.i.e.AbstractTransferListenerAdapter - Downloaded https://repo.maven.apache.org/maven2/io/micrometer/micrometer-observation/1.16.2/micrometer-observation-1.16.2-sources.jar
2026-01-31 15:16:37,521 [Worker-19: Download sources and javadoc] INFO  o.e.m.j.internal.DownloadSourcesJob - Downloaded sources for io.micrometer:micrometer-observation:1.16.2
2026-01-31 15:16:37,896 [Worker-19: Download sources and javadoc] INFO  o.e.m.c.i.e.AbstractTransferListenerAdapter - Downloading https://repo.maven.apache.org/maven2/io/micrometer/micrometer-commons/1.16.2/micrometer-commons-1.16.2-sources.jar
2026-01-31 15:16:38,389 [Worker-19: Download sources and javadoc] INFO  o.e.m.c.i.e.AbstractTransferListenerAdapter - Downloaded https://repo.maven.apache.org/maven2/io/micrometer/micrometer-commons/1.16.2/micrometer-commons-1.16.2-sources.jar
2026-01-31 15:16:38,403 [Worker-19: Download sources and javadoc] INFO  o.e.m.j.internal.DownloadSourcesJob - Downloaded sources for io.micrometer:micrometer-commons:1.16.2
2026-01-31 15:16:38,761 [Worker-19: Download sources and javadoc] INFO  o.e.m.c.i.e.AbstractTransferListenerAdapter - Downloading https://repo.maven.apache.org/maven2/org/springframework/boot/spring-boot-webmvc/4.0.2/spring-boot-webmvc-4.0.2-sources.jar
2026-01-31 15:16:38,984 [Worker-19: Download sources and javadoc] INFO  o.e.m.c.i.e.AbstractTransferListenerAdapter - Downloaded https://repo.maven.apache.org/maven2/org/springframework/boot/spring-boot-webmvc/4.0.2/spring-boot-webmvc-4.0.2-sources.jar
2026-01-31 15:16:38,986 [Worker-19: Download sources and javadoc] INFO  o.e.m.j.internal.DownloadSourcesJob - Downloaded sources for org.springframework.boot:spring-boot-webmvc:4.0.2
2026-01-31 15:16:39,260 [Worker-19: Download sources and javadoc] INFO  o.e.m.c.i.e.AbstractTransferListenerAdapter - Downloading https://repo.maven.apache.org/maven2/org/springframework/boot/spring-boot-servlet/4.0.2/spring-boot-servlet-4.0.2-sources.jar
2026-01-31 15:16:39,788 [Worker-19: Download sources and javadoc] INFO  o.e.m.c.i.e.AbstractTransferListenerAdapter - Downloaded https://repo.maven.apache.org/maven2/org/springframework/boot/spring-boot-servlet/4.0.2/spring-boot-servlet-4.0.2-sources.jar
2026-01-31 15:16:39,791 [Worker-19: Download sources and javadoc] INFO  o.e.m.j.internal.DownloadSourcesJob - Downloaded sources for org.springframework.boot:spring-boot-servlet:4.0.2
2026-01-31 15:16:40,127 [Worker-19: Download sources and javadoc] INFO  o.e.m.c.i.e.AbstractTransferListenerAdapter - Downloading https://repo.maven.apache.org/maven2/org/springframework/spring-webmvc/7.0.3/spring-webmvc-7.0.3-sources.jar
2026-01-31 15:16:40,676 [Worker-19: Download sources and javadoc] INFO  o.e.m.c.i.e.AbstractTransferListenerAdapter - Downloaded https://repo.maven.apache.org/maven2/org/springframework/spring-webmvc/7.0.3/spring-webmvc-7.0.3-sources.jar
2026-01-31 15:16:40,679 [Worker-19: Download sources and javadoc] INFO  o.e.m.j.internal.DownloadSourcesJob - Downloaded sources for org.springframework:spring-webmvc:7.0.3
2026-01-31 15:16:41,033 [Worker-19: Download sources and javadoc] INFO  o.e.m.c.i.e.AbstractTransferListenerAdapter - Downloading https://repo.maven.apache.org/maven2/org/springframework/spring-expression/7.0.3/spring-expression-7.0.3-sources.jar
2026-01-31 15:16:41,382 [Worker-19: Download sources and javadoc] INFO  o.e.m.c.i.e.AbstractTransferListenerAdapter - Downloaded https://repo.maven.apache.org/maven2/org/springframework/spring-expression/7.0.3/spring-expression-7.0.3-sources.jar
2026-01-31 15:16:41,385 [Worker-19: Download sources and javadoc] INFO  o.e.m.j.internal.DownloadSourcesJob - Downloaded sources for org.springframework:spring-expression:7.0.3
2026-01-31 15:16:41,651 [Worker-19: Download sources and javadoc] INFO  o.e.m.c.i.e.AbstractTransferListenerAdapter - Downloading https://repo.maven.apache.org/maven2/com/mysql/mysql-connector-j/9.5.0/mysql-connector-j-9.5.0-sources.jar
2026-01-31 15:16:42,220 [Worker-19: Download sources and javadoc] INFO  o.e.m.c.i.e.AbstractTransferListenerAdapter - Downloaded https://repo.maven.apache.org/maven2/com/mysql/mysql-connector-j/9.5.0/mysql-connector-j-9.5.0-sources.jar
2026-01-31 15:16:42,223 [Worker-19: Download sources and javadoc] INFO  o.e.m.j.internal.DownloadSourcesJob - Downloaded sources for com.mysql:mysql-connector-j:9.5.0
2026-01-31 15:16:42,477 [Worker-19: Download sources and javadoc] INFO  o.e.m.c.i.e.AbstractTransferListenerAdapter - Downloading https://repo.maven.apache.org/maven2/org/springframework/boot/spring-boot-starter-data-jpa-test/4.0.2/spring-boot-starter-data-jpa-test-4.0.2-sources.jar
2026-01-31 15:16:42,636 [Worker-19: Download sources and javadoc] INFO  o.e.m.c.i.e.AbstractTransferListenerAdapter - Downloaded https://repo.maven.apache.org/maven2/org/springframework/boot/spring-boot-starter-data-jpa-test/4.0.2/spring-boot-starter-data-jpa-test-4.0.2-sources.jar
2026-01-31 15:16:42,640 [Worker-19: Download sources and javadoc] INFO  o.e.m.j.internal.DownloadSourcesJob - Downloaded sources for org.springframework.boot:spring-boot-starter-data-jpa-test:4.0.2
2026-01-31 15:16:42,895 [Worker-19: Download sources and javadoc] INFO  o.e.m.c.i.e.AbstractTransferListenerAdapter - Downloading https://repo.maven.apache.org/maven2/org/springframework/boot/spring-boot-starter-test/4.0.2/spring-boot-starter-test-4.0.2-sources.jar
2026-01-31 15:16:43,037 [Worker-19: Download sources and javadoc] INFO  o.e.m.c.i.e.AbstractTransferListenerAdapter - Downloaded https://repo.maven.apache.org/maven2/org/springframework/boot/spring-boot-starter-test/4.0.2/spring-boot-starter-test-4.0.2-sources.jar
2026-01-31 15:16:43,039 [Worker-19: Download sources and javadoc] INFO  o.e.m.j.internal.DownloadSourcesJob - Downloaded sources for org.springframework.boot:spring-boot-starter-test:4.0.2
2026-01-31 15:16:43,419 [Worker-19: Download sources and javadoc] INFO  o.e.m.c.i.e.AbstractTransferListenerAdapter - Downloading https://repo.maven.apache.org/maven2/org/springframework/boot/spring-boot-test/4.0.2/spring-boot-test-4.0.2-sources.jar
2026-01-31 15:16:43,725 [Worker-19: Download sources and javadoc] INFO  o.e.m.c.i.e.AbstractTransferListenerAdapter - Downloaded https://repo.maven.apache.org/maven2/org/springframework/boot/spring-boot-test/4.0.2/spring-boot-test-4.0.2-sources.jar
2026-01-31 15:16:43,741 [Worker-19: Download sources and javadoc] INFO  o.e.m.j.internal.DownloadSourcesJob - Downloaded sources for org.springframework.boot:spring-boot-test:4.0.2
2026-01-31 15:16:44,068 [Worker-19: Download sources and javadoc] INFO  o.e.m.c.i.e.AbstractTransferListenerAdapter - Downloading https://repo.maven.apache.org/maven2/org/springframework/boot/spring-boot-test-autoconfigure/4.0.2/spring-boot-test-autoconfigure-4.0.2-sources.jar
2026-01-31 15:16:44,392 [Worker-19: Download sources and javadoc] INFO  o.e.m.c.i.e.AbstractTransferListenerAdapter - Downloaded https://repo.maven.apache.org/maven2/org/springframework/boot/spring-boot-test-autoconfigure/4.0.2/spring-boot-test-autoconfigure-4.0.2-sources.jar
2026-01-31 15:16:44,394 [Worker-19: Download sources and javadoc] INFO  o.e.m.j.internal.DownloadSourcesJob - Downloaded sources for org.springframework.boot:spring-boot-test-autoconfigure:4.0.2
2026-01-31 15:16:44,650 [Worker-19: Download sources and javadoc] INFO  o.e.m.c.i.e.AbstractTransferListenerAdapter - Downloading https://repo.maven.apache.org/maven2/org/junit/jupiter/junit-jupiter/6.0.2/junit-jupiter-6.0.2-sources.jar
2026-01-31 15:16:44,809 [Worker-19: Download sources and javadoc] INFO  o.e.m.c.i.e.AbstractTransferListenerAdapter - Downloaded https://repo.maven.apache.org/maven2/org/junit/jupiter/junit-jupiter/6.0.2/junit-jupiter-6.0.2-sources.jar
2026-01-31 15:16:44,811 [Worker-19: Download sources and javadoc] INFO  o.e.m.j.internal.DownloadSourcesJob - Downloaded sources for org.junit.jupiter:junit-jupiter:6.0.2
2026-01-31 15:16:45,168 [Worker-19: Download sources and javadoc] INFO  o.e.m.c.i.e.AbstractTransferListenerAdapter - Downloading https://repo.maven.apache.org/maven2/org/junit/jupiter/junit-jupiter-api/6.0.2/junit-jupiter-api-6.0.2-sources.jar
2026-01-31 15:16:48,511 [Worker-19: Download sources and javadoc] INFO  o.e.m.c.i.e.AbstractTransferListenerAdapter - Downloaded https://repo.maven.apache.org/maven2/org/junit/jupiter/junit-jupiter-api/6.0.2/junit-jupiter-api-6.0.2-sources.jar
2026-01-31 15:16:48,514 [Worker-19: Download sources and javadoc] INFO  o.e.m.j.internal.DownloadSourcesJob - Downloaded sources for org.junit.jupiter:junit-jupiter-api:6.0.2
2026-01-31 15:16:48,851 [Worker-19: Download sources and javadoc] INFO  o.e.m.c.i.e.AbstractTransferListenerAdapter - Downloading https://repo.maven.apache.org/maven2/org/junit/platform/junit-platform-commons/6.0.2/junit-platform-commons-6.0.2-sources.jar
2026-01-31 15:16:49,092 [Worker-19: Download sources and javadoc] INFO  o.e.m.c.i.e.AbstractTransferListenerAdapter - Downloaded https://repo.maven.apache.org/maven2/org/junit/platform/junit-platform-commons/6.0.2/junit-platform-commons-6.0.2-sources.jar
2026-01-31 15:16:49,095 [Worker-19: Download sources and javadoc] INFO  o.e.m.j.internal.DownloadSourcesJob - Downloaded sources for org.junit.platform:junit-platform-commons:6.0.2
2026-01-31 15:16:49,419 [Worker-19: Download sources and javadoc] INFO  o.e.m.c.i.e.AbstractTransferListenerAdapter - Downloading https://repo.maven.apache.org/maven2/org/junit/jupiter/junit-jupiter-params/6.0.2/junit-jupiter-params-6.0.2-sources.jar
2026-01-31 15:16:49,711 [Worker-19: Download sources and javadoc] INFO  o.e.m.c.i.e.AbstractTransferListenerAdapter - Downloaded https://repo.maven.apache.org/maven2/org/junit/jupiter/junit-jupiter-params/6.0.2/junit-jupiter-params-6.0.2-sources.jar
2026-01-31 15:16:49,724 [Worker-19: Download sources and javadoc] INFO  o.e.m.j.internal.DownloadSourcesJob - Downloaded sources for org.junit.jupiter:junit-jupiter-params:6.0.2
2026-01-31 15:16:50,073 [Worker-19: Download sources and javadoc] INFO  o.e.m.c.i.e.AbstractTransferListenerAdapter - Downloading https://repo.maven.apache.org/maven2/org/junit/jupiter/junit-jupiter-engine/6.0.2/junit-jupiter-engine-6.0.2-sources.jar
2026-01-31 15:16:50,396 [Worker-19: Download sources and javadoc] INFO  o.e.m.c.i.e.AbstractTransferListenerAdapter - Downloaded https://repo.maven.apache.org/maven2/org/junit/jupiter/junit-jupiter-engine/6.0.2/junit-jupiter-engine-6.0.2-sources.jar
2026-01-31 15:16:50,398 [Worker-19: Download sources and javadoc] INFO  o.e.m.j.internal.DownloadSourcesJob - Downloaded sources for org.junit.jupiter:junit-jupiter-engine:6.0.2
2026-01-31 15:16:50,769 [Worker-19: Download sources and javadoc] INFO  o.e.m.c.i.e.AbstractTransferListenerAdapter - Downloading https://repo.maven.apache.org/maven2/org/junit/platform/junit-platform-engine/6.0.2/junit-platform-engine-6.0.2-sources.jar
2026-01-31 15:16:51,089 [Worker-19: Download sources and javadoc] INFO  o.e.m.c.i.e.AbstractTransferListenerAdapter - Downloaded https://repo.maven.apache.org/maven2/org/junit/platform/junit-platform-engine/6.0.2/junit-platform-engine-6.0.2-sources.jar
2026-01-31 15:16:51,091 [Worker-19: Download sources and javadoc] INFO  o.e.m.j.internal.DownloadSourcesJob - Downloaded sources for org.junit.platform:junit-platform-engine:6.0.2
2026-01-31 15:16:51,336 [Worker-19: Download sources and javadoc] INFO  o.e.m.c.i.e.AbstractTransferListenerAdapter - Downloading https://repo.maven.apache.org/maven2/org/springframework/spring-core/7.0.3/spring-core-7.0.3-sources.jar
2026-01-31 15:16:51,881 [Worker-19: Download sources and javadoc] INFO  o.e.m.c.i.e.AbstractTransferListenerAdapter - Downloaded https://repo.maven.apache.org/maven2/org/springframework/spring-core/7.0.3/spring-core-7.0.3-sources.jar
2026-01-31 15:16:51,884 [Worker-19: Download sources and javadoc] INFO  o.e.m.j.internal.DownloadSourcesJob - Downloaded sources for org.springframework:spring-core:7.0.3
2026-01-31 15:16:52,245 [Worker-19: Download sources and javadoc] INFO  o.e.m.c.i.e.AbstractTransferListenerAdapter - Downloading https://repo.maven.apache.org/maven2/org/springframework/spring-test/7.0.3/spring-test-7.0.3-sources.jar
2026-01-31 15:16:52,740 [Worker-19: Download sources and javadoc] INFO  o.e.m.c.i.e.AbstractTransferListenerAdapter - Downloaded https://repo.maven.apache.org/maven2/org/springframework/spring-test/7.0.3/spring-test-7.0.3-sources.jar
2026-01-31 15:16:52,744 [Worker-19: Download sources and javadoc] INFO  o.e.m.j.internal.DownloadSourcesJob - Downloaded sources for org.springframework:spring-test:7.0.3
2026-01-31 15:16:53,103 [Worker-19: Download sources and javadoc] INFO  o.e.m.c.i.e.AbstractTransferListenerAdapter - Downloading https://repo.maven.apache.org/maven2/org/springframework/boot/spring-boot-starter-jdbc-test/4.0.2/spring-boot-starter-jdbc-test-4.0.2-sources.jar
2026-01-31 15:16:53,309 [Worker-19: Download sources and javadoc] INFO  o.e.m.c.i.e.AbstractTransferListenerAdapter - Downloaded https://repo.maven.apache.org/maven2/org/springframework/boot/spring-boot-starter-jdbc-test/4.0.2/spring-boot-starter-jdbc-test-4.0.2-sources.jar
2026-01-31 15:16:53,313 [Worker-19: Download sources and javadoc] INFO  o.e.m.j.internal.DownloadSourcesJob - Downloaded sources for org.springframework.boot:spring-boot-starter-jdbc-test:4.0.2
2026-01-31 15:16:53,554 [Worker-19: Download sources and javadoc] INFO  o.e.m.c.i.e.AbstractTransferListenerAdapter - Downloading https://repo.maven.apache.org/maven2/org/springframework/boot/spring-boot-jdbc-test/4.0.2/spring-boot-jdbc-test-4.0.2-sources.jar
2026-01-31 15:16:53,800 [Worker-19: Download sources and javadoc] INFO  o.e.m.c.i.e.AbstractTransferListenerAdapter - Downloaded https://repo.maven.apache.org/maven2/org/springframework/boot/spring-boot-jdbc-test/4.0.2/spring-boot-jdbc-test-4.0.2-sources.jar
2026-01-31 15:16:53,803 [Worker-19: Download sources and javadoc] INFO  o.e.m.j.internal.DownloadSourcesJob - Downloaded sources for org.springframework.boot:spring-boot-jdbc-test:4.0.2
2026-01-31 15:16:54,160 [Worker-19: Download sources and javadoc] INFO  o.e.m.c.i.e.AbstractTransferListenerAdapter - Downloading https://repo.maven.apache.org/maven2/org/springframework/boot/spring-boot-data-jpa-test/4.0.2/spring-boot-data-jpa-test-4.0.2-sources.jar
2026-01-31 15:16:54,390 [Worker-19: Download sources and javadoc] INFO  o.e.m.c.i.e.AbstractTransferListenerAdapter - Downloaded https://repo.maven.apache.org/maven2/org/springframework/boot/spring-boot-data-jpa-test/4.0.2/spring-boot-data-jpa-test-4.0.2-sources.jar
2026-01-31 15:16:54,392 [Worker-19: Download sources and javadoc] INFO  o.e.m.j.internal.DownloadSourcesJob - Downloaded sources for org.springframework.boot:spring-boot-data-jpa-test:4.0.2
2026-01-31 15:16:54,732 [Worker-19: Download sources and javadoc] INFO  o.e.m.c.i.e.AbstractTransferListenerAdapter - Downloading https://repo.maven.apache.org/maven2/org/springframework/boot/spring-boot-jpa-test/4.0.2/spring-boot-jpa-test-4.0.2-sources.jar
2026-01-31 15:16:54,980 [Worker-19: Download sources and javadoc] INFO  o.e.m.c.i.e.AbstractTransferListenerAdapter - Downloaded https://repo.maven.apache.org/maven2/org/springframework/boot/spring-boot-jpa-test/4.0.2/spring-boot-jpa-test-4.0.2-sources.jar
2026-01-31 15:16:54,982 [Worker-19: Download sources and javadoc] INFO  o.e.m.j.internal.DownloadSourcesJob - Downloaded sources for org.springframework.boot:spring-boot-jpa-test:4.0.2
2026-01-31 15:16:55,331 [Worker-19: Download sources and javadoc] INFO  o.e.m.c.i.e.AbstractTransferListenerAdapter - Downloading https://repo.maven.apache.org/maven2/org/springframework/boot/spring-boot-starter-webmvc-test/4.0.2/spring-boot-starter-webmvc-test-4.0.2-sources.jar
2026-01-31 15:16:55,541 [Worker-19: Download sources and javadoc] INFO  o.e.m.c.i.e.AbstractTransferListenerAdapter - Downloaded https://repo.maven.apache.org/maven2/org/springframework/boot/spring-boot-starter-webmvc-test/4.0.2/spring-boot-starter-webmvc-test-4.0.2-sources.jar
2026-01-31 15:16:55,545 [Worker-19: Download sources and javadoc] INFO  o.e.m.j.internal.DownloadSourcesJob - Downloaded sources for org.springframework.boot:spring-boot-starter-webmvc-test:4.0.2
2026-01-31 15:16:55,907 [Worker-19: Download sources and javadoc] INFO  o.e.m.c.i.e.AbstractTransferListenerAdapter - Downloading https://repo.maven.apache.org/maven2/org/springframework/boot/spring-boot-starter-jackson-test/4.0.2/spring-boot-starter-jackson-test-4.0.2-sources.jar
2026-01-31 15:16:56,099 [Worker-19: Download sources and javadoc] INFO  o.e.m.c.i.e.AbstractTransferListenerAdapter - Downloaded https://repo.maven.apache.org/maven2/org/springframework/boot/spring-boot-starter-jackson-test/4.0.2/spring-boot-starter-jackson-test-4.0.2-sources.jar
2026-01-31 15:16:56,103 [Worker-19: Download sources and javadoc] INFO  o.e.m.j.internal.DownloadSourcesJob - Downloaded sources for org.springframework.boot:spring-boot-starter-jackson-test:4.0.2
2026-01-31 15:16:56,469 [Worker-19: Download sources and javadoc] INFO  o.e.m.c.i.e.AbstractTransferListenerAdapter - Downloading https://repo.maven.apache.org/maven2/org/springframework/boot/spring-boot-webmvc-test/4.0.2/spring-boot-webmvc-test-4.0.2-sources.jar
2026-01-31 15:16:56,884 [Worker-19: Download sources and javadoc] INFO  o.e.m.c.i.e.AbstractTransferListenerAdapter - Downloaded https://repo.maven.apache.org/maven2/org/springframework/boot/spring-boot-webmvc-test/4.0.2/spring-boot-webmvc-test-4.0.2-sources.jar
2026-01-31 15:16:56,886 [Worker-19: Download sources and javadoc] INFO  o.e.m.j.internal.DownloadSourcesJob - Downloaded sources for org.springframework.boot:spring-boot-webmvc-test:4.0.2
2026-01-31 15:16:57,241 [Worker-19: Download sources and javadoc] INFO  o.e.m.c.i.e.AbstractTransferListenerAdapter - Downloading https://repo.maven.apache.org/maven2/org/springframework/boot/spring-boot-web-server/4.0.2/spring-boot-web-server-4.0.2-sources.jar
2026-01-31 15:16:57,483 [Worker-19: Download sources and javadoc] INFO  o.e.m.c.i.e.AbstractTransferListenerAdapter - Downloaded https://repo.maven.apache.org/maven2/org/springframework/boot/spring-boot-web-server/4.0.2/spring-boot-web-server-4.0.2-sources.jar
2026-01-31 15:16:57,486 [Worker-19: Download sources and javadoc] INFO  o.e.m.j.internal.DownloadSourcesJob - Downloaded sources for org.springframework.boot:spring-boot-web-server:4.0.2
2026-01-31 15:16:57,856 [Worker-19: Download sources and javadoc] INFO  o.e.m.c.i.e.AbstractTransferListenerAdapter - Downloading https://repo.maven.apache.org/maven2/org/springframework/boot/spring-boot-resttestclient/4.0.2/spring-boot-resttestclient-4.0.2-sources.jar
2026-01-31 15:16:58,140 [Worker-19: Download sources and javadoc] INFO  o.e.m.c.i.e.AbstractTransferListenerAdapter - Downloaded https://repo.maven.apache.org/maven2/org/springframework/boot/spring-boot-resttestclient/4.0.2/spring-boot-resttestclient-4.0.2-sources.jar
2026-01-31 15:16:58,143 [Worker-19: Download sources and javadoc] INFO  o.e.m.j.internal.DownloadSourcesJob - Downloaded sources for org.springframework.boot:spring-boot-resttestclient:4.0.2
2026-01-31 15:16:58,518 [Worker-1: Building] INFO  o.a.m.s.f.DefaultMavenResourcesFiltering - Copying 0 resource from src\main\resources to target\classes
2026-01-31 15:16:58,520 [Worker-1: Building] INFO  o.a.m.s.f.DefaultMavenResourcesFiltering - Copying 0 resource from src\main\resources to target\classes
2026-01-31 15:16:58,523 [Worker-1: Building] INFO  o.a.m.s.f.DefaultMavenResourcesFiltering - skip non existing resourceDirectory C:\Users\Expert\Desktop\Spring REST API with Advance features\demo\src\test\resources
2026-01-31 15:20:17,532 [Worker-17: Building] INFO  o.a.m.s.f.DefaultMavenResourcesFiltering - Copying 1 resource from src\main\resources to target\classes
2026-01-31 15:20:17,764 [Worker-17: Building] INFO  o.a.m.s.f.DefaultMavenResourcesFiltering - Copying 0 resource from src\main\resources to target\classes
2026-01-31 15:20:17,771 [Worker-17: Building] INFO  o.a.m.s.f.DefaultMavenResourcesFiltering - skip non existing resourceDirectory C:\Users\Expert\Desktop\Spring REST API with Advance features\demo\src\test\resources
2026-01-31 15:22:00,026 [Worker-21: Building] INFO  o.a.m.s.f.DefaultMavenResourcesFiltering - Copying 1 resource from src\main\resources to target\classes
2026-01-31 15:22:00,040 [Worker-21: Building] INFO  o.a.m.s.f.DefaultMavenResourcesFiltering - Copying 0 resource from src\main\resources to target\classes
2026-01-31 15:22:00,047 [Worker-21: Building] INFO  o.a.m.s.f.DefaultMavenResourcesFiltering - skip non existing resourceDirectory C:\Users\Expert\Desktop\Spring REST API with Advance features\demo\src\test\resources
2026-01-31 15:22:03,204 [Worker-21: Building] INFO  o.a.m.s.f.DefaultMavenResourcesFiltering - Copying 1 resource from src\main\resources to target\classes
2026-01-31 15:22:03,235 [Worker-21: Building] INFO  o.a.m.s.f.DefaultMavenResourcesFiltering - Copying 0 resource from src\main\resources to target\classes
2026-01-31 15:22:03,240 [Worker-21: Building] INFO  o.a.m.s.f.DefaultMavenResourcesFiltering - skip non existing resourceDirectory C:\Users\Expert\Desktop\Spring REST API with Advance features\demo\src\test\resources
2026-01-31 15:24:03,281 [Worker-17: Building] INFO  o.a.m.s.f.DefaultMavenResourcesFiltering - Copying 1 resource from src\main\resources to target\classes
2026-01-31 15:24:03,312 [Worker-17: Building] INFO  o.a.m.s.f.DefaultMavenResourcesFiltering - Copying 0 resource from src\main\resources to target\classes
2026-01-31 15:24:03,315 [Worker-17: Building] INFO  o.a.m.s.f.DefaultMavenResourcesFiltering - skip non existing resourceDirectory C:\Users\Expert\Desktop\Spring REST API with Advance features\demo\src\test\resources
2026-01-31 15:24:13,945 [Worker-23: Building] INFO  o.a.m.s.f.DefaultMavenResourcesFiltering - Copying 1 resource from src\main\resources to target\classes
2026-01-31 15:24:13,986 [Worker-23: Building] INFO  o.a.m.s.f.DefaultMavenResourcesFiltering - Copying 0 resource from src\main\resources to target\classes
2026-01-31 15:24:13,990 [Worker-23: Building] INFO  o.a.m.s.f.DefaultMavenResourcesFiltering - skip non existing resourceDirectory C:\Users\Expert\Desktop\Spring REST API with Advance features\demo\src\test\resources
2026-01-31 15:25:02,052 [Worker-8: Building] INFO  o.a.m.s.f.DefaultMavenResourcesFiltering - Copying 1 resource from src\main\resources to target\classes
2026-01-31 15:25:02,068 [Worker-8: Building] INFO  o.a.m.s.f.DefaultMavenResourcesFiltering - Copying 0 resource from src\main\resources to target\classes
2026-01-31 15:25:02,074 [Worker-8: Building] INFO  o.a.m.s.f.DefaultMavenResourcesFiltering - skip non existing resourceDirectory C:\Users\Expert\Desktop\Spring REST API with Advance features\demo\src\test\resources
2026-01-31 15:25:13,755 [Worker-8: Building] INFO  o.a.m.s.f.DefaultMavenResourcesFiltering - Copying 1 resource from src\main\resources to target\classes
2026-01-31 15:25:13,770 [Worker-8: Building] INFO  o.a.m.s.f.DefaultMavenResourcesFiltering - Copying 0 resource from src\main\resources to target\classes
2026-01-31 15:25:13,775 [Worker-8: Building] INFO  o.a.m.s.f.DefaultMavenResourcesFiltering - skip non existing resourceDirectory C:\Users\Expert\Desktop\Spring REST API with Advance features\demo\src\test\resources
2026-01-31 15:25:57,656 [Worker-25: Building] INFO  o.a.m.s.f.DefaultMavenResourcesFiltering - Copying 1 resource from src\main\resources to target\classes
2026-01-31 15:25:57,665 [Worker-25: Building] INFO  o.a.m.s.f.DefaultMavenResourcesFiltering - Copying 0 resource from src\main\resources to target\classes
2026-01-31 15:25:57,667 [Worker-25: Building] INFO  o.a.m.s.f.DefaultMavenResourcesFiltering - skip non existing resourceDirectory C:\Users\Expert\Desktop\Spring REST API with Advance features\demo\src\test\resources
2026-01-31 15:27:10,462 [Worker-23: Building] INFO  o.a.m.s.f.DefaultMavenResourcesFiltering - Copying 1 resource from src\main\resources to target\classes
2026-01-31 15:27:10,471 [Worker-23: Building] INFO  o.a.m.s.f.DefaultMavenResourcesFiltering - Copying 0 resource from src\main\resources to target\classes
2026-01-31 15:27:10,475 [Worker-23: Building] INFO  o.a.m.s.f.DefaultMavenResourcesFiltering - skip non existing resourceDirectory C:\Users\Expert\Desktop\Spring REST API with Advance features\demo\src\test\resources
2026-01-31 15:27:36,949 [Worker-26: Building] INFO  o.a.m.s.f.DefaultMavenResourcesFiltering - Copying 1 resource from src\main\resources to target\classes
2026-01-31 15:27:36,962 [Worker-26: Building] INFO  o.a.m.s.f.DefaultMavenResourcesFiltering - Copying 0 resource from src\main\resources to target\classes
2026-01-31 15:27:36,967 [Worker-26: Building] INFO  o.a.m.s.f.DefaultMavenResourcesFiltering - skip non existing resourceDirectory C:\Users\Expert\Desktop\Spring REST API with Advance features\demo\src\test\resources
2026-01-31 15:29:13,168 [Worker-23: Launching DemoApplication] INFO  o.a.m.s.f.DefaultMavenResourcesFiltering - Copying 1 resource from src\main\resources to target\classes
2026-01-31 15:29:13,179 [Worker-23: Launching DemoApplication] INFO  o.a.m.s.f.DefaultMavenResourcesFiltering - Copying 0 resource from src\main\resources to target\classes
2026-01-31 15:29:13,185 [Worker-23: Launching DemoApplication] INFO  o.a.m.s.f.DefaultMavenResourcesFiltering - skip non existing resourceDirectory C:\Users\Expert\Desktop\Spring REST API with Advance features\demo\src\test\resources
2026-01-31 15:34:51,286 [Worker-23: Building] INFO  o.e.m.c.i.l.LifecycleMappingFactory - Using org.eclipse.m2e.jdt.JarLifecycleMapping lifecycle mapping for MavenProject: com.infy.ems:demo:0.0.1-SNAPSHOT @ C:\Users\Expert\Desktop\Spring REST API with Advance features\demo\pom.xml.
2026-01-31 15:34:52,176 [Worker-23: Building] INFO  o.e.m.c.i.e.AbstractTransferListenerAdapter - Downloaded https://repo.maven.apache.org/maven2/org/springframework/boot/spring-boot-devtools/4.0.2/spring-boot-devtools-4.0.2.pom
2026-01-31 15:34:52,523 [Worker-23: Building] INFO  o.e.m.c.i.e.AbstractTransferListenerAdapter - Downloading https://repo.maven.apache.org/maven2/org/springframework/boot/spring-boot-devtools/4.0.2/spring-boot-devtools-4.0.2.jar
2026-01-31 15:34:52,979 [Worker-23: Building] INFO  o.e.m.c.i.e.AbstractTransferListenerAdapter - Downloaded https://repo.maven.apache.org/maven2/org/springframework/boot/spring-boot-devtools/4.0.2/spring-boot-devtools-4.0.2.jar
2026-01-31 15:34:53,743 [Worker-23: Building] INFO  o.a.m.s.f.DefaultMavenResourcesFiltering - Copying 0 resource from src\main\resources to target\classes
2026-01-31 15:34:53,743 [Worker-23: Building] INFO  o.a.m.s.f.DefaultMavenResourcesFiltering - Copying 0 resource from src\main\resources to target\classes
2026-01-31 15:34:53,746 [Worker-23: Building] INFO  o.a.m.s.f.DefaultMavenResourcesFiltering - skip non existing resourceDirectory C:\Users\Expert\Desktop\Spring REST API with Advance features\demo\src\test\resources
2026-01-31 15:34:54,579 [Worker-29: Download sources and javadoc] INFO  o.e.m.c.i.e.AbstractTransferListenerAdapter - Downloading https://repo.maven.apache.org/maven2/org/springframework/boot/spring-boot-devtools/4.0.2/spring-boot-devtools-4.0.2-sources.jar
2026-01-31 15:34:54,902 [Worker-29: Download sources and javadoc] INFO  o.e.m.c.i.e.AbstractTransferListenerAdapter - Downloaded https://repo.maven.apache.org/maven2/org/springframework/boot/spring-boot-devtools/4.0.2/spring-boot-devtools-4.0.2-sources.jar
2026-01-31 15:34:54,925 [Worker-29: Download sources and javadoc] INFO  o.e.m.j.internal.DownloadSourcesJob - Downloaded sources for org.springframework.boot:spring-boot-devtools:4.0.2
2026-01-31 15:34:56,688 [Worker-28: Building] INFO  o.a.m.s.f.DefaultMavenResourcesFiltering - Copying 1 resource from src\main\resources to target\classes
2026-01-31 15:34:56,707 [Worker-28: Building] INFO  o.a.m.s.f.DefaultMavenResourcesFiltering - Copying 0 resource from src\main\resources to target\classes
2026-01-31 15:34:56,711 [Worker-28: Building] INFO  o.a.m.s.f.DefaultMavenResourcesFiltering - skip non existing resourceDirectory C:\Users\Expert\Desktop\Spring REST API with Advance features\demo\src\test\resources
2026-01-31 15:36:35,069 [Worker-28: Building] INFO  o.a.m.s.f.DefaultMavenResourcesFiltering - Copying 1 resource from src\main\resources to target\classes
2026-01-31 15:36:35,080 [Worker-28: Building] INFO  o.a.m.s.f.DefaultMavenResourcesFiltering - Copying 0 resource from src\main\resources to target\classes
2026-01-31 15:36:35,084 [Worker-28: Building] INFO  o.a.m.s.f.DefaultMavenResourcesFiltering - skip non existing resourceDirectory C:\Users\Expert\Desktop\Spring REST API with Advance features\demo\src\test\resources
2026-01-31 15:42:57,531 [Worker-34: Building] INFO  o.a.m.s.f.DefaultMavenResourcesFiltering - Copying 1 resource from src\main\resources to target\classes
2026-01-31 15:42:57,576 [Worker-34: Building] INFO  o.a.m.s.f.DefaultMavenResourcesFiltering - Copying 0 resource from src\main\resources to target\classes
2026-01-31 15:42:57,579 [Worker-34: Building] INFO  o.a.m.s.f.DefaultMavenResourcesFiltering - skip non existing resourceDirectory C:\Users\Expert\Desktop\Spring REST API with Advance features\demo\src\test\resources
2026-01-31 15:46:13,174 [Worker-33: Building] INFO  o.a.m.s.f.DefaultMavenResourcesFiltering - Copying 1 resource from src\main\resources to target\classes
2026-01-31 15:46:13,182 [Worker-33: Building] INFO  o.a.m.s.f.DefaultMavenResourcesFiltering - Copying 0 resource from src\main\resources to target\classes
2026-01-31 15:46:13,185 [Worker-33: Building] INFO  o.a.m.s.f.DefaultMavenResourcesFiltering - skip non existing resourceDirectory C:\Users\Expert\Desktop\Spring REST API with Advance features\demo\src\test\resources
2026-01-31 15:47:25,943 [Worker-32: Building] INFO  o.a.m.s.f.DefaultMavenResourcesFiltering - Copying 1 resource from src\main\resources to target\classes
2026-01-31 15:47:26,024 [Worker-32: Building] INFO  o.a.m.s.f.DefaultMavenResourcesFiltering - Copying 0 resource from src\main\resources to target\classes
2026-01-31 15:47:26,028 [Worker-32: Building] INFO  o.a.m.s.f.DefaultMavenResourcesFiltering - skip non existing resourceDirectory C:\Users\Expert\Desktop\Spring REST API with Advance features\demo\src\test\resources
2026-01-31 15:48:40,347 [Worker-35: Building] INFO  o.a.m.s.f.DefaultMavenResourcesFiltering - Copying 1 resource from src\main\resources to target\classes
2026-01-31 15:48:40,354 [Worker-35: Building] INFO  o.a.m.s.f.DefaultMavenResourcesFiltering - Copying 0 resource from src\main\resources to target\classes
2026-01-31 15:48:40,357 [Worker-35: Building] INFO  o.a.m.s.f.DefaultMavenResourcesFiltering - skip non existing resourceDirectory C:\Users\Expert\Desktop\Spring REST API with Advance features\demo\src\test\resources
2026-01-31 15:51:53,614 [Worker-36: Building] INFO  o.a.m.s.f.DefaultMavenResourcesFiltering - Copying 1 resource from src\main\resources to target\classes
2026-01-31 15:51:53,622 [Worker-36: Building] INFO  o.a.m.s.f.DefaultMavenResourcesFiltering - Copying 0 resource from src\main\resources to target\classes
2026-01-31 15:51:53,625 [Worker-36: Building] INFO  o.a.m.s.f.DefaultMavenResourcesFiltering - skip non existing resourceDirectory C:\Users\Expert\Desktop\Spring REST API with Advance features\demo\src\test\resources
2026-01-31 15:54:00,856 [Worker-40: Building] INFO  o.a.m.s.f.DefaultMavenResourcesFiltering - Copying 1 resource from src\main\resources to target\classes
2026-01-31 15:54:00,867 [Worker-40: Building] INFO  o.a.m.s.f.DefaultMavenResourcesFiltering - Copying 0 resource from src\main\resources to target\classes
2026-01-31 15:54:00,870 [Worker-40: Building] INFO  o.a.m.s.f.DefaultMavenResourcesFiltering - skip non existing resourceDirectory C:\Users\Expert\Desktop\Spring REST API with Advance features\demo\src\test\resources
2026-01-31 18:00:55,094 [Worker-43: Building] INFO  o.a.m.s.f.DefaultMavenResourcesFiltering - Copying 1 resource from src\main\resources to target\classes
2026-01-31 18:00:55,152 [Worker-43: Building] INFO  o.a.m.s.f.DefaultMavenResourcesFiltering - Copying 0 resource from src\main\resources to target\classes
2026-01-31 18:00:55,157 [Worker-43: Building] INFO  o.a.m.s.f.DefaultMavenResourcesFiltering - skip non existing resourceDirectory C:\Users\Expert\Desktop\Spring REST API with Advance features\demo\src\test\resources
2026-01-31 18:02:46,143 [Worker-46: Building] INFO  o.e.m.c.i.l.LifecycleMappingFactory - Using org.eclipse.m2e.jdt.JarLifecycleMapping lifecycle mapping for MavenProject: com.infy.ems:demo:0.0.1-SNAPSHOT @ C:\Users\Expert\Desktop\Spring REST API with Advance features\demo\pom.xml.
2026-01-31 18:02:47,912 [Worker-46: Building] INFO  o.a.m.s.f.DefaultMavenResourcesFiltering - Copying 1 resource from src\main\resources to target\classes
2026-01-31 18:02:48,003 [Worker-46: Building] INFO  o.a.m.s.f.DefaultMavenResourcesFiltering - Copying 0 resource from src\main\resources to target\classes
2026-01-31 18:02:48,012 [Worker-46: Building] INFO  o.a.m.s.f.DefaultMavenResourcesFiltering - skip non existing resourceDirectory C:\Users\Expert\Desktop\Spring REST API with Advance features\demo\src\test\resources
2026-01-31 18:02:49,087 [Worker-46: Download sources and javadoc] INFO  o.e.m.c.i.e.AbstractTransferListenerAdapter - Downloading https://repo.maven.apache.org/maven2/org/springframework/boot/spring-boot-starter-validation/4.0.2/spring-boot-starter-validation-4.0.2-sources.jar
2026-01-31 18:02:49,302 [Worker-46: Download sources and javadoc] INFO  o.e.m.c.i.e.AbstractTransferListenerAdapter - Downloaded https://repo.maven.apache.org/maven2/org/springframework/boot/spring-boot-starter-validation/4.0.2/spring-boot-starter-validation-4.0.2-sources.jar
2026-01-31 18:02:49,306 [Worker-46: Download sources and javadoc] INFO  o.e.m.j.internal.DownloadSourcesJob - Downloaded sources for org.springframework.boot:spring-boot-starter-validation:4.0.2
2026-01-31 18:02:49,619 [Worker-46: Download sources and javadoc] INFO  o.e.m.c.i.e.AbstractTransferListenerAdapter - Downloading https://repo.maven.apache.org/maven2/org/springframework/boot/spring-boot-validation/4.0.2/spring-boot-validation-4.0.2-sources.jar
2026-01-31 18:02:49,713 [Worker-47: Building] INFO  o.a.m.s.f.DefaultMavenResourcesFiltering - Copying 1 resource from src\main\resources to target\classes
2026-01-31 18:02:49,730 [Worker-47: Building] INFO  o.a.m.s.f.DefaultMavenResourcesFiltering - Copying 0 resource from src\main\resources to target\classes
2026-01-31 18:02:49,736 [Worker-47: Building] INFO  o.a.m.s.f.DefaultMavenResourcesFiltering - skip non existing resourceDirectory C:\Users\Expert\Desktop\Spring REST API with Advance features\demo\src\test\resources
2026-01-31 18:02:50,081 [Worker-46: Download sources and javadoc] INFO  o.e.m.c.i.e.AbstractTransferListenerAdapter - Downloaded https://repo.maven.apache.org/maven2/org/springframework/boot/spring-boot-validation/4.0.2/spring-boot-validation-4.0.2-sources.jar
2026-01-31 18:02:50,087 [Worker-46: Download sources and javadoc] INFO  o.e.m.j.internal.DownloadSourcesJob - Downloaded sources for org.springframework.boot:spring-boot-validation:4.0.2
2026-01-31 18:02:50,375 [Worker-46: Download sources and javadoc] INFO  o.e.m.c.i.e.AbstractTransferListenerAdapter - Downloading https://repo.maven.apache.org/maven2/org/hibernate/validator/hibernate-validator/9.0.1.Final/hibernate-validator-9.0.1.Final-sources.jar
2026-01-31 18:02:51,004 [Worker-46: Download sources and javadoc] INFO  o.e.m.c.i.e.AbstractTransferListenerAdapter - Downloaded https://repo.maven.apache.org/maven2/org/hibernate/validator/hibernate-validator/9.0.1.Final/hibernate-validator-9.0.1.Final-sources.jar
2026-01-31 18:02:51,010 [Worker-46: Download sources and javadoc] INFO  o.e.m.j.internal.DownloadSourcesJob - Downloaded sources for org.hibernate.validator:hibernate-validator:9.0.1.Final
2026-01-31 18:02:51,288 [Worker-46: Download sources and javadoc] INFO  o.e.m.c.i.e.AbstractTransferListenerAdapter - Downloading https://repo.maven.apache.org/maven2/jakarta/validation/jakarta.validation-api/3.1.1/jakarta.validation-api-3.1.1-sources.jar
2026-01-31 18:02:51,659 [Worker-46: Download sources and javadoc] INFO  o.e.m.c.i.e.AbstractTransferListenerAdapter - Downloaded https://repo.maven.apache.org/maven2/jakarta/validation/jakarta.validation-api/3.1.1/jakarta.validation-api-3.1.1-sources.jar
2026-01-31 18:02:51,664 [Worker-46: Download sources and javadoc] INFO  o.e.m.j.internal.DownloadSourcesJob - Downloaded sources for jakarta.validation:jakarta.validation-api:3.1.1
2026-01-31 18:02:51,978 [Worker-46: Download sources and javadoc] INFO  o.e.m.c.i.e.AbstractTransferListenerAdapter - Downloading https://repo.maven.apache.org/maven2/org/springframework/boot/spring-boot-starter-validation-test/4.0.2/spring-boot-starter-validation-test-4.0.2-sources.jar
2026-01-31 18:02:52,233 [Worker-46: Download sources and javadoc] INFO  o.e.m.c.i.e.AbstractTransferListenerAdapter - Downloaded https://repo.maven.apache.org/maven2/org/springframework/boot/spring-boot-starter-validation-test/4.0.2/spring-boot-starter-validation-test-4.0.2-sources.jar
2026-01-31 18:02:52,236 [Worker-46: Download sources and javadoc] INFO  o.e.m.j.internal.DownloadSourcesJob - Downloaded sources for org.springframework.boot:spring-boot-starter-validation-test:4.0.2
2026-01-31 18:02:53,000 [Worker-46: Building] INFO  o.a.m.s.f.DefaultMavenResourcesFiltering - Copying 0 resource from src\main\resources to target\classes
2026-01-31 18:02:53,000 [Worker-46: Building] INFO  o.a.m.s.f.DefaultMavenResourcesFiltering - Copying 0 resource from src\main\resources to target\classes
2026-01-31 18:02:53,007 [Worker-46: Building] INFO  o.a.m.s.f.DefaultMavenResourcesFiltering - skip non existing resourceDirectory C:\Users\Expert\Desktop\Spring REST API with Advance features\demo\src\test\resources
2026-01-31 18:09:48,182 [Worker-48: Building] INFO  o.a.m.s.f.DefaultMavenResourcesFiltering - Copying 1 resource from src\main\resources to target\classes
2026-01-31 18:09:48,198 [Worker-48: Building] INFO  o.a.m.s.f.DefaultMavenResourcesFiltering - Copying 0 resource from src\main\resources to target\classes
2026-01-31 18:09:48,202 [Worker-48: Building] INFO  o.a.m.s.f.DefaultMavenResourcesFiltering - skip non existing resourceDirectory C:\Users\Expert\Desktop\Spring REST API with Advance features\demo\src\test\resources
2026-01-31 18:11:18,446 [Worker-48: Building] INFO  o.a.m.s.f.DefaultMavenResourcesFiltering - Copying 1 resource from src\main\resources to target\classes
2026-01-31 18:11:18,457 [Worker-48: Building] INFO  o.a.m.s.f.DefaultMavenResourcesFiltering - Copying 0 resource from src\main\resources to target\classes
2026-01-31 18:11:18,461 [Worker-48: Building] INFO  o.a.m.s.f.DefaultMavenResourcesFiltering - skip non existing resourceDirectory C:\Users\Expert\Desktop\Spring REST API with Advance features\demo\src\test\resources
2026-01-31 18:18:53,461 [Worker-41: Building] INFO  o.a.m.s.f.DefaultMavenResourcesFiltering - Copying 1 resource from src\main\resources to target\classes
2026-01-31 18:18:53,504 [Worker-41: Building] INFO  o.a.m.s.f.DefaultMavenResourcesFiltering - Copying 0 resource from src\main\resources to target\classes
2026-01-31 18:18:53,508 [Worker-41: Building] INFO  o.a.m.s.f.DefaultMavenResourcesFiltering - skip non existing resourceDirectory C:\Users\Expert\Desktop\Spring REST API with Advance features\demo\src\test\resources
2026-01-31 18:20:23,942 [Worker-41: Building] INFO  o.a.m.s.f.DefaultMavenResourcesFiltering - Copying 1 resource from src\main\resources to target\classes
2026-01-31 18:20:23,985 [Worker-41: Building] INFO  o.a.m.s.f.DefaultMavenResourcesFiltering - Copying 0 resource from src\main\resources to target\classes
2026-01-31 18:20:23,988 [Worker-41: Building] INFO  o.a.m.s.f.DefaultMavenResourcesFiltering - skip non existing resourceDirectory C:\Users\Expert\Desktop\Spring REST API with Advance features\demo\src\test\resources
2026-01-31 18:25:24,446 [Worker-54: Building] INFO  o.e.m.c.i.l.LifecycleMappingFactory - Using org.eclipse.m2e.jdt.JarLifecycleMapping lifecycle mapping for MavenProject: com.infy.ems:demo:0.0.1-SNAPSHOT @ C:\Users\Expert\Desktop\Spring REST API with Advance features\demo\pom.xml.
2026-01-31 18:25:25,617 [Worker-54: Building] INFO  o.a.m.s.f.DefaultMavenResourcesFiltering - Copying 1 resource from src\main\resources to target\classes
2026-01-31 18:25:25,640 [Worker-54: Building] INFO  o.a.m.s.f.DefaultMavenResourcesFiltering - Copying 0 resource from src\main\resources to target\classes
2026-01-31 18:25:25,646 [Worker-54: Building] INFO  o.a.m.s.f.DefaultMavenResourcesFiltering - skip non existing resourceDirectory C:\Users\Expert\Desktop\Spring REST API with Advance features\demo\src\test\resources
2026-01-31 18:25:27,238 [Worker-57: Building] INFO  o.a.m.s.f.DefaultMavenResourcesFiltering - Copying 1 resource from src\main\resources to target\classes
2026-01-31 18:25:27,247 [Worker-57: Building] INFO  o.a.m.s.f.DefaultMavenResourcesFiltering - Copying 0 resource from src\main\resources to target\classes
2026-01-31 18:25:27,249 [Worker-57: Building] INFO  o.a.m.s.f.DefaultMavenResourcesFiltering - skip non existing resourceDirectory C:\Users\Expert\Desktop\Spring REST API with Advance features\demo\src\test\resources
2026-02-02 12:07:05,966 [Worker-71: Building] INFO  o.a.m.s.f.DefaultMavenResourcesFiltering - Copying 1 resource from src\main\resources to target\classes
2026-02-02 12:07:06,008 [Worker-71: Building] INFO  o.a.m.s.f.DefaultMavenResourcesFiltering - Copying 0 resource from src\main\resources to target\classes
2026-02-02 12:07:06,014 [Worker-71: Building] INFO  o.a.m.s.f.DefaultMavenResourcesFiltering - skip non existing resourceDirectory C:\Users\Expert\Desktop\Spring REST API with Advance features\demo\src\test\resources
2026-02-02 12:10:51,635 [Worker-74: Building] INFO  o.a.m.s.f.DefaultMavenResourcesFiltering - Copying 1 resource from src\main\resources to target\classes
2026-02-02 12:10:51,723 [Worker-74: Building] INFO  o.a.m.s.f.DefaultMavenResourcesFiltering - Copying 0 resource from src\main\resources to target\classes
2026-02-02 12:10:51,727 [Worker-74: Building] INFO  o.a.m.s.f.DefaultMavenResourcesFiltering - skip non existing resourceDirectory C:\Users\Expert\Desktop\Spring REST API with Advance features\demo\src\test\resources
2026-02-02 12:12:10,151 [Worker-74: Building] INFO  o.a.m.s.f.DefaultMavenResourcesFiltering - Copying 1 resource from src\main\resources to target\classes
2026-02-02 12:12:10,204 [Worker-74: Building] INFO  o.a.m.s.f.DefaultMavenResourcesFiltering - Copying 0 resource from src\main\resources to target\classes
2026-02-02 12:12:10,207 [Worker-74: Building] INFO  o.a.m.s.f.DefaultMavenResourcesFiltering - skip non existing resourceDirectory C:\Users\Expert\Desktop\Spring REST API with Advance features\demo\src\test\resources
2026-02-02 12:20:33,190 [Worker-76: Building] INFO  o.a.m.s.f.DefaultMavenResourcesFiltering - Copying 1 resource from src\main\resources to target\classes
2026-02-02 12:20:33,221 [Worker-76: Building] INFO  o.a.m.s.f.DefaultMavenResourcesFiltering - Copying 0 resource from src\main\resources to target\classes
2026-02-02 12:20:33,224 [Worker-76: Building] INFO  o.a.m.s.f.DefaultMavenResourcesFiltering - skip non existing resourceDirectory C:\Users\Expert\Desktop\Spring REST API with Advance features\demo\src\test\resources
2026-02-02 12:21:23,762 [Worker-77: Building] INFO  o.a.m.s.f.DefaultMavenResourcesFiltering - Copying 1 resource from src\main\resources to target\classes
2026-02-02 12:21:23,802 [Worker-77: Building] INFO  o.a.m.s.f.DefaultMavenResourcesFiltering - Copying 0 resource from src\main\resources to target\classes
2026-02-02 12:21:23,804 [Worker-77: Building] INFO  o.a.m.s.f.DefaultMavenResourcesFiltering - skip non existing resourceDirectory C:\Users\Expert\Desktop\Spring REST API with Advance features\demo\src\test\resources
2026-02-02 12:22:04,128 [Worker-67: Building] INFO  o.a.m.s.f.DefaultMavenResourcesFiltering - Copying 1 resource from src\main\resources to target\classes
2026-02-02 12:22:04,165 [Worker-67: Building] INFO  o.a.m.s.f.DefaultMavenResourcesFiltering - Copying 0 resource from src\main\resources to target\classes
2026-02-02 12:22:04,167 [Worker-67: Building] INFO  o.a.m.s.f.DefaultMavenResourcesFiltering - skip non existing resourceDirectory C:\Users\Expert\Desktop\Spring REST API with Advance features\demo\src\test\resources
2026-02-02 13:52:56,187 [Worker-78: Building] INFO  o.a.m.s.f.DefaultMavenResourcesFiltering - Copying 1 resource from src\main\resources to target\classes
2026-02-02 13:52:56,204 [Worker-78: Building] INFO  o.a.m.s.f.DefaultMavenResourcesFiltering - Copying 0 resource from src\main\resources to target\classes
2026-02-02 13:52:56,208 [Worker-78: Building] INFO  o.a.m.s.f.DefaultMavenResourcesFiltering - skip non existing resourceDirectory C:\Users\Expert\Desktop\Spring REST API with Advance features\demo\src\test\resources
2026-02-02 13:54:01,926 [Worker-78: Building] INFO  o.a.m.s.f.DefaultMavenResourcesFiltering - Copying 1 resource from src\main\resources to target\classes
2026-02-02 13:54:02,142 [Worker-78: Building] INFO  o.a.m.s.f.DefaultMavenResourcesFiltering - Copying 0 resource from src\main\resources to target\classes
2026-02-02 13:54:02,146 [Worker-78: Building] INFO  o.a.m.s.f.DefaultMavenResourcesFiltering - skip non existing resourceDirectory C:\Users\Expert\Desktop\Spring REST API with Advance features\demo\src\test\resources
2026-02-02 13:58:43,532 [Worker-84: Building] INFO  o.a.m.s.f.DefaultMavenResourcesFiltering - Copying 1 resource from src\main\resources to target\classes
2026-02-02 13:58:43,653 [Worker-84: Building] INFO  o.a.m.s.f.DefaultMavenResourcesFiltering - Copying 0 resource from src\main\resources to target\classes
2026-02-02 13:58:43,659 [Worker-84: Building] INFO  o.a.m.s.f.DefaultMavenResourcesFiltering - skip non existing resourceDirectory C:\Users\Expert\Desktop\Spring REST API with Advance features\demo\src\test\resources
2026-02-02 14:00:20,137 [Worker-81: Building] INFO  o.a.m.s.f.DefaultMavenResourcesFiltering - Copying 1 resource from src\main\resources to target\classes
2026-02-02 14:00:20,174 [Worker-81: Building] INFO  o.a.m.s.f.DefaultMavenResourcesFiltering - Copying 0 resource from src\main\resources to target\classes
2026-02-02 14:00:20,181 [Worker-81: Building] INFO  o.a.m.s.f.DefaultMavenResourcesFiltering - skip non existing resourceDirectory C:\Users\Expert\Desktop\Spring REST API with Advance features\demo\src\test\resources
2026-02-02 14:04:20,014 [Worker-81: Building] INFO  o.a.m.s.f.DefaultMavenResourcesFiltering - Copying 1 resource from src\main\resources to target\classes
2026-02-02 14:04:20,022 [Worker-81: Building] INFO  o.a.m.s.f.DefaultMavenResourcesFiltering - Copying 0 resource from src\main\resources to target\classes
2026-02-02 14:04:20,025 [Worker-81: Building] INFO  o.a.m.s.f.DefaultMavenResourcesFiltering - skip non existing resourceDirectory C:\Users\Expert\Desktop\Spring REST API with Advance features\demo\src\test\resources
2026-02-02 14:05:45,385 [Worker-81: Building] INFO  o.a.m.s.f.DefaultMavenResourcesFiltering - Copying 1 resource from src\main\resources to target\classes
2026-02-02 14:05:45,392 [Worker-81: Building] INFO  o.a.m.s.f.DefaultMavenResourcesFiltering - Copying 0 resource from src\main\resources to target\classes
2026-02-02 14:05:45,394 [Worker-81: Building] INFO  o.a.m.s.f.DefaultMavenResourcesFiltering - skip non existing resourceDirectory C:\Users\Expert\Desktop\Spring REST API with Advance features\demo\src\test\resources
2026-02-02 14:06:24,757 [Worker-81: Building] INFO  o.a.m.s.f.DefaultMavenResourcesFiltering - Copying 1 resource from src\main\resources to target\classes
2026-02-02 14:06:24,766 [Worker-81: Building] INFO  o.a.m.s.f.DefaultMavenResourcesFiltering - Copying 0 resource from src\main\resources to target\classes
2026-02-02 14:06:24,769 [Worker-81: Building] INFO  o.a.m.s.f.DefaultMavenResourcesFiltering - skip non existing resourceDirectory C:\Users\Expert\Desktop\Spring REST API with Advance features\demo\src\test\resources
2026-02-02 15:34:50,772 [Worker-92: Building] INFO  o.a.m.s.f.DefaultMavenResourcesFiltering - Copying 1 resource from src\main\resources to target\classes
2026-02-02 15:34:51,094 [Worker-92: Building] INFO  o.a.m.s.f.DefaultMavenResourcesFiltering - Copying 0 resource from src\main\resources to target\classes
2026-02-02 15:34:51,237 [Worker-92: Building] INFO  o.a.m.s.f.DefaultMavenResourcesFiltering - skip non existing resourceDirectory C:\Users\Expert\Desktop\Spring REST API with Advance features\demo\src\test\resources
2026-02-03 13:08:13,529 [Worker-4: Loading available Gradle versions] INFO  o.e.b.c.i.u.g.PublishedGradleVersions - Gradle version information cache is out-of-date. Trying to update.
2026-02-03 13:17:30,624 [Worker-0: Launching DemoApplication] INFO  o.a.m.s.f.DefaultMavenResourcesFiltering - Copying 1 resource from src\main\resources to target\classes
2026-02-03 13:17:30,655 [Worker-0: Launching DemoApplication] INFO  o.a.m.s.f.DefaultMavenResourcesFiltering - Copying 0 resource from src\main\resources to target\classes
2026-02-03 13:17:30,661 [Worker-0: Launching DemoApplication] INFO  o.a.m.s.f.DefaultMavenResourcesFiltering - skip non existing resourceDirectory C:\Users\Expert\Desktop\Spring REST API with Advance features\demo\src\test\resources
2026-02-03 13:47:52,306 [Worker-25: Building] INFO  o.a.m.s.f.DefaultMavenResourcesFiltering - Copying 1 resource from src\main\resources to target\classes
2026-02-03 13:47:52,354 [Worker-25: Building] INFO  o.a.m.s.f.DefaultMavenResourcesFiltering - Copying 0 resource from src\main\resources to target\classes
2026-02-03 13:47:52,358 [Worker-25: Building] INFO  o.a.m.s.f.DefaultMavenResourcesFiltering - skip non existing resourceDirectory C:\Users\Expert\Desktop\Spring REST API with Advance features\demo\src\test\resources
2026-02-03 14:47:16,106 [Worker-33: Building] INFO  o.a.m.s.f.DefaultMavenResourcesFiltering - Copying 1 resource from src\main\resources to target\classes
2026-02-03 14:47:16,158 [Worker-33: Building] INFO  o.a.m.s.f.DefaultMavenResourcesFiltering - Copying 0 resource from src\main\resources to target\classes
2026-02-03 14:47:16,165 [Worker-33: Building] INFO  o.a.m.s.f.DefaultMavenResourcesFiltering - skip non existing resourceDirectory C:\Users\Expert\Desktop\Spring REST API with Advance features\demo\src\test\resources
2026-02-03 14:51:45,842 [Worker-32: Building] INFO  o.a.m.s.f.DefaultMavenResourcesFiltering - Copying 1 resource from src\main\resources to target\classes
2026-02-03 14:51:45,849 [Worker-32: Building] INFO  o.a.m.s.f.DefaultMavenResourcesFiltering - Copying 0 resource from src\main\resources to target\classes
2026-02-03 14:51:45,853 [Worker-32: Building] INFO  o.a.m.s.f.DefaultMavenResourcesFiltering - skip non existing resourceDirectory C:\Users\Expert\Desktop\Spring REST API with Advance features\demo\src\test\resources
2026-02-03 15:00:19,933 [Worker-37: Building] INFO  o.a.m.s.f.DefaultMavenResourcesFiltering - Copying 1 resource from src\main\resources to target\classes
2026-02-03 15:00:19,942 [Worker-37: Building] INFO  o.a.m.s.f.DefaultMavenResourcesFiltering - Copying 0 resource from src\main\resources to target\classes
2026-02-03 15:00:19,947 [Worker-37: Building] INFO  o.a.m.s.f.DefaultMavenResourcesFiltering - skip non existing resourceDirectory C:\Users\Expert\Desktop\Spring REST API with Advance features\demo\src\test\resources
2026-02-03 15:07:06,288 [Worker-42: Building] INFO  o.a.m.s.f.DefaultMavenResourcesFiltering - Copying 1 resource from src\main\resources to target\classes
2026-02-03 15:07:06,294 [Worker-42: Building] INFO  o.a.m.s.f.DefaultMavenResourcesFiltering - Copying 0 resource from src\main\resources to target\classes
2026-02-03 15:07:06,297 [Worker-42: Building] INFO  o.a.m.s.f.DefaultMavenResourcesFiltering - skip non existing resourceDirectory C:\Users\Expert\Desktop\Spring REST API with Advance features\demo\src\test\resources
2026-02-03 15:08:24,019 [Worker-42: Building] INFO  o.a.m.s.f.DefaultMavenResourcesFiltering - Copying 1 resource from src\main\resources to target\classes
2026-02-03 15:08:24,028 [Worker-42: Building] INFO  o.a.m.s.f.DefaultMavenResourcesFiltering - Copying 0 resource from src\main\resources to target\classes
2026-02-03 15:08:24,032 [Worker-42: Building] INFO  o.a.m.s.f.DefaultMavenResourcesFiltering - skip non existing resourceDirectory C:\Users\Expert\Desktop\Spring REST API with Advance features\demo\src\test\resources
2026-02-03 15:13:31,860 [Worker-41: Building] INFO  o.a.m.s.f.DefaultMavenResourcesFiltering - Copying 1 resource from src\main\resources to target\classes
2026-02-03 15:13:31,867 [Worker-41: Building] INFO  o.a.m.s.f.DefaultMavenResourcesFiltering - Copying 0 resource from src\main\resources to target\classes
2026-02-03 15:13:31,871 [Worker-41: Building] INFO  o.a.m.s.f.DefaultMavenResourcesFiltering - skip non existing resourceDirectory C:\Users\Expert\Desktop\Spring REST API with Advance features\demo\src\test\resources
2026-02-03 15:46:09,633 [Worker-38: Building] INFO  o.a.m.s.f.DefaultMavenResourcesFiltering - Copying 1 resource from src\main\resources to target\classes
2026-02-03 15:46:09,736 [Worker-38: Building] INFO  o.a.m.s.f.DefaultMavenResourcesFiltering - Copying 0 resource from src\main\resources to target\classes
2026-02-03 15:46:09,740 [Worker-38: Building] INFO  o.a.m.s.f.DefaultMavenResourcesFiltering - skip non existing resourceDirectory C:\Users\Expert\Desktop\Spring REST API with Advance features\demo\src\test\resources
2026-02-03 19:01:05,845 [Worker-57: Building] INFO  o.a.m.s.f.DefaultMavenResourcesFiltering - Copying 1 resource from src\main\resources to target\classes
2026-02-03 19:01:06,100 [Worker-57: Building] INFO  o.a.m.s.f.DefaultMavenResourcesFiltering - Copying 0 resource from src\main\resources to target\classes
2026-02-03 19:01:06,103 [Worker-57: Building] INFO  o.a.m.s.f.DefaultMavenResourcesFiltering - skip non existing resourceDirectory C:\Users\Expert\Desktop\Spring REST API with Advance features\demo\src\test\resources
2026-02-03 19:04:58,133 [Worker-58: Building] INFO  o.a.m.s.f.DefaultMavenResourcesFiltering - Copying 1 resource from src\main\resources to target\classes
2026-02-03 19:04:58,255 [Worker-58: Building] INFO  o.a.m.s.f.DefaultMavenResourcesFiltering - Copying 0 resource from src\main\resources to target\classes
2026-02-03 19:04:58,258 [Worker-58: Building] INFO  o.a.m.s.f.DefaultMavenResourcesFiltering - skip non existing resourceDirectory C:\Users\Expert\Desktop\Spring REST API with Advance features\demo\src\test\resources
2026-02-03 19:06:47,664 [Worker-60: Building] INFO  o.a.m.s.f.DefaultMavenResourcesFiltering - Copying 1 resource from src\main\resources to target\classes
2026-02-03 19:06:47,761 [Worker-60: Building] INFO  o.a.m.s.f.DefaultMavenResourcesFiltering - Copying 0 resource from src\main\resources to target\classes
2026-02-03 19:06:47,764 [Worker-60: Building] INFO  o.a.m.s.f.DefaultMavenResourcesFiltering - skip non existing resourceDirectory C:\Users\Expert\Desktop\Spring REST API with Advance features\demo\src\test\resources
2026-02-04 10:55:45,506 [Worker-58: Building] INFO  o.a.m.s.f.DefaultMavenResourcesFiltering - Copying 1 resource from src\main\resources to target\classes
2026-02-04 10:55:45,528 [Worker-58: Building] INFO  o.a.m.s.f.DefaultMavenResourcesFiltering - Copying 0 resource from src\main\resources to target\classes
2026-02-04 10:55:45,534 [Worker-58: Building] INFO  o.a.m.s.f.DefaultMavenResourcesFiltering - skip non existing resourceDirectory C:\Users\Expert\Desktop\Spring REST API with Advance features\demo\src\test\resources
2026-02-04 10:58:05,224 [Worker-58: Building] INFO  o.a.m.s.f.DefaultMavenResourcesFiltering - Copying 1 resource from src\main\resources to target\classes
2026-02-04 10:58:05,296 [Worker-58: Building] INFO  o.a.m.s.f.DefaultMavenResourcesFiltering - Copying 0 resource from src\main\resources to target\classes
2026-02-04 10:58:05,299 [Worker-58: Building] INFO  o.a.m.s.f.DefaultMavenResourcesFiltering - skip non existing resourceDirectory C:\Users\Expert\Desktop\Spring REST API with Advance features\demo\src\test\resources
2026-02-04 11:06:08,195 [Worker-68: Building] INFO  o.a.m.s.f.DefaultMavenResourcesFiltering - Copying 1 resource from src\main\resources to target\classes
2026-02-04 11:06:08,251 [Worker-68: Building] INFO  o.a.m.s.f.DefaultMavenResourcesFiltering - Copying 0 resource from src\main\resources to target\classes
2026-02-04 11:06:08,256 [Worker-68: Building] INFO  o.a.m.s.f.DefaultMavenResourcesFiltering - skip non existing resourceDirectory C:\Users\Expert\Desktop\Spring REST API with Advance features\demo\src\test\resources
2026-02-04 11:12:19,213 [Worker-69: Building] INFO  o.a.m.s.f.DefaultMavenResourcesFiltering - Copying 1 resource from src\main\resources to target\classes
2026-02-04 11:12:19,278 [Worker-69: Building] INFO  o.a.m.s.f.DefaultMavenResourcesFiltering - Copying 0 resource from src\main\resources to target\classes
2026-02-04 11:12:19,282 [Worker-69: Building] INFO  o.a.m.s.f.DefaultMavenResourcesFiltering - skip non existing resourceDirectory C:\Users\Expert\Desktop\Spring REST API with Advance features\demo\src\test\resources
2026-02-04 11:15:34,676 [Worker-74: Building] INFO  o.a.m.s.f.DefaultMavenResourcesFiltering - Copying 1 resource from src\main\resources to target\classes
2026-02-04 11:15:34,906 [Worker-74: Building] INFO  o.a.m.s.f.DefaultMavenResourcesFiltering - Copying 0 resource from src\main\resources to target\classes
2026-02-04 11:15:34,911 [Worker-74: Building] INFO  o.a.m.s.f.DefaultMavenResourcesFiltering - skip non existing resourceDirectory C:\Users\Expert\Desktop\Spring REST API with Advance features\demo\src\test\resources
2026-02-04 11:16:25,963 [Worker-69: Building] INFO  o.a.m.s.f.DefaultMavenResourcesFiltering - Copying 1 resource from src\main\resources to target\classes
2026-02-04 11:16:26,092 [Worker-69: Building] INFO  o.a.m.s.f.DefaultMavenResourcesFiltering - Copying 0 resource from src\main\resources to target\classes
2026-02-04 11:16:26,098 [Worker-69: Building] INFO  o.a.m.s.f.DefaultMavenResourcesFiltering - skip non existing resourceDirectory C:\Users\Expert\Desktop\Spring REST API with Advance features\demo\src\test\resources
2026-02-04 11:19:38,785 [Worker-75: Building] INFO  o.a.m.s.f.DefaultMavenResourcesFiltering - Copying 1 resource from src\main\resources to target\classes
2026-02-04 11:19:38,793 [Worker-75: Building] INFO  o.a.m.s.f.DefaultMavenResourcesFiltering - Copying 0 resource from src\main\resources to target\classes
2026-02-04 11:19:38,797 [Worker-75: Building] INFO  o.a.m.s.f.DefaultMavenResourcesFiltering - skip non existing resourceDirectory C:\Users\Expert\Desktop\Spring REST API with Advance features\demo\src\test\resources
2026-02-10 12:31:07,093 [Worker-2: Loading available Gradle versions] INFO  o.e.b.c.i.u.g.PublishedGradleVersions - Gradle version information cache is up-to-date. Trying to read.
2026-02-10 12:37:10,841 [Worker-10: Building] INFO  o.a.m.s.f.DefaultMavenResourcesFiltering - Copying 1 resource from src\main\resources to target\classes
2026-02-10 12:37:10,859 [Worker-10: Building] INFO  o.a.m.s.f.DefaultMavenResourcesFiltering - Copying 0 resource from src\main\resources to target\classes
2026-02-10 12:37:10,863 [Worker-10: Building] INFO  o.a.m.s.f.DefaultMavenResourcesFiltering - skip non existing resourceDirectory C:\Users\Expert\Desktop\Spring REST API with Advance features\demo\src\test\resources
2026-02-10 12:40:54,143 [Worker-0: Building] INFO  o.a.m.s.f.DefaultMavenResourcesFiltering - Copying 0 resource from src\main\resources to target\classes
2026-02-10 12:40:54,143 [Worker-0: Building] INFO  o.a.m.s.f.DefaultMavenResourcesFiltering - Copying 0 resource from src\main\resources to target\classes
2026-02-10 12:40:54,146 [Worker-0: Building] INFO  o.a.m.s.f.DefaultMavenResourcesFiltering - skip non existing resourceDirectory C:\Users\Expert\Desktop\Spring REST API with Advance features\demo\src\test\resources
2026-02-10 12:40:55,682 [Worker-10: Building] INFO  o.a.m.s.f.DefaultMavenResourcesFiltering - Copying 0 resource from src\main\resources to target\classes
2026-02-10 12:40:55,682 [Worker-10: Building] INFO  o.a.m.s.f.DefaultMavenResourcesFiltering - Copying 0 resource from src\main\resources to target\classes
2026-02-10 12:40:55,685 [Worker-10: Building] INFO  o.a.m.s.f.DefaultMavenResourcesFiltering - skip non existing resourceDirectory C:\Users\Expert\Desktop\Spring REST API with Advance features\demo\src\test\resources
2026-02-10 15:38:16,756 [Worker-10: Building] INFO  o.e.m.c.i.l.LifecycleMappingFactory - Using org.eclipse.m2e.jdt.JarLifecycleMapping lifecycle mapping for MavenProject: com.infy.ems:demo:0.0.1-SNAPSHOT @ C:\Users\Expert\Desktop\Spring REST API with Advance features\demo\pom.xml.
2026-02-10 15:38:34,363 [Worker-23: Download sources and javadoc] INFO  o.e.m.c.i.e.AbstractTransferListenerAdapter - Downloading https://repo.maven.apache.org/maven2/org/springframework/boot/spring-boot-starter-actuator/4.0.2/spring-boot-starter-actuator-4.0.2-sources.jar
2026-02-10 15:38:34,647 [Worker-10: Building] INFO  o.a.m.s.f.DefaultMavenResourcesFiltering - Copying 0 resource from src\main\resources to target\classes
2026-02-10 15:38:34,648 [Worker-10: Building] INFO  o.a.m.s.f.DefaultMavenResourcesFiltering - Copying 0 resource from src\main\resources to target\classes
2026-02-10 15:38:34,702 [Worker-10: Building] INFO  o.a.m.s.f.DefaultMavenResourcesFiltering - skip non existing resourceDirectory C:\Users\Expert\Desktop\Spring REST API with Advance features\demo\src\test\resources
2026-02-10 15:38:35,224 [Worker-23: Download sources and javadoc] INFO  o.e.m.c.i.e.AbstractTransferListenerAdapter - Downloaded https://repo.maven.apache.org/maven2/org/springframework/boot/spring-boot-starter-actuator/4.0.2/spring-boot-starter-actuator-4.0.2-sources.jar
2026-02-10 15:38:35,473 [Worker-23: Download sources and javadoc] INFO  o.e.m.j.internal.DownloadSourcesJob - Downloaded sources for org.springframework.boot:spring-boot-starter-actuator:4.0.2
2026-02-10 15:38:37,344 [Worker-23: Download sources and javadoc] INFO  o.e.m.c.i.e.AbstractTransferListenerAdapter - Downloading https://repo.maven.apache.org/maven2/org/springframework/boot/spring-boot-starter-micrometer-metrics/4.0.2/spring-boot-starter-micrometer-metrics-4.0.2-sources.jar
2026-02-10 15:38:37,524 [Worker-23: Download sources and javadoc] INFO  o.e.m.c.i.e.AbstractTransferListenerAdapter - Downloaded https://repo.maven.apache.org/maven2/org/springframework/boot/spring-boot-starter-micrometer-metrics/4.0.2/spring-boot-starter-micrometer-metrics-4.0.2-sources.jar
2026-02-10 15:38:37,537 [Worker-23: Download sources and javadoc] INFO  o.e.m.j.internal.DownloadSourcesJob - Downloaded sources for org.springframework.boot:spring-boot-starter-micrometer-metrics:4.0.2
2026-02-10 15:38:37,836 [Worker-23: Download sources and javadoc] INFO  o.e.m.c.i.e.AbstractTransferListenerAdapter - Downloading https://repo.maven.apache.org/maven2/org/springframework/boot/spring-boot-micrometer-metrics/4.0.2/spring-boot-micrometer-metrics-4.0.2-sources.jar
2026-02-10 15:38:38,123 [Worker-23: Download sources and javadoc] INFO  o.e.m.c.i.e.AbstractTransferListenerAdapter - Downloaded https://repo.maven.apache.org/maven2/org/springframework/boot/spring-boot-micrometer-metrics/4.0.2/spring-boot-micrometer-metrics-4.0.2-sources.jar
2026-02-10 15:38:38,134 [Worker-23: Download sources and javadoc] INFO  o.e.m.j.internal.DownloadSourcesJob - Downloaded sources for org.springframework.boot:spring-boot-micrometer-metrics:4.0.2
2026-02-10 15:38:38,378 [Worker-23: Download sources and javadoc] INFO  o.e.m.c.i.e.AbstractTransferListenerAdapter - Downloading https://repo.maven.apache.org/maven2/org/springframework/boot/spring-boot-micrometer-observation/4.0.2/spring-boot-micrometer-observation-4.0.2-sources.jar
2026-02-10 15:38:38,840 [Worker-23: Download sources and javadoc] INFO  o.e.m.c.i.e.AbstractTransferListenerAdapter - Downloaded https://repo.maven.apache.org/maven2/org/springframework/boot/spring-boot-micrometer-observation/4.0.2/spring-boot-micrometer-observation-4.0.2-sources.jar
2026-02-10 15:38:38,850 [Worker-23: Download sources and javadoc] INFO  o.e.m.j.internal.DownloadSourcesJob - Downloaded sources for org.springframework.boot:spring-boot-micrometer-observation:4.0.2
2026-02-10 15:38:39,094 [Worker-23: Download sources and javadoc] INFO  o.e.m.c.i.e.AbstractTransferListenerAdapter - Downloading https://repo.maven.apache.org/maven2/org/springframework/boot/spring-boot-actuator-autoconfigure/4.0.2/spring-boot-actuator-autoconfigure-4.0.2-sources.jar
2026-02-10 15:38:39,304 [Worker-23: Download sources and javadoc] INFO  o.e.m.c.i.e.AbstractTransferListenerAdapter - Downloaded https://repo.maven.apache.org/maven2/org/springframework/boot/spring-boot-actuator-autoconfigure/4.0.2/spring-boot-actuator-autoconfigure-4.0.2-sources.jar
2026-02-10 15:38:39,310 [Worker-23: Download sources and javadoc] INFO  o.e.m.j.internal.DownloadSourcesJob - Downloaded sources for org.springframework.boot:spring-boot-actuator-autoconfigure:4.0.2
2026-02-10 15:38:39,578 [Worker-23: Download sources and javadoc] INFO  o.e.m.c.i.e.AbstractTransferListenerAdapter - Downloading https://repo.maven.apache.org/maven2/org/springframework/boot/spring-boot-actuator/4.0.2/spring-boot-actuator-4.0.2-sources.jar
2026-02-10 15:38:39,837 [Worker-23: Download sources and javadoc] INFO  o.e.m.c.i.e.AbstractTransferListenerAdapter - Downloaded https://repo.maven.apache.org/maven2/org/springframework/boot/spring-boot-actuator/4.0.2/spring-boot-actuator-4.0.2-sources.jar
2026-02-10 15:38:39,845 [Worker-23: Download sources and javadoc] INFO  o.e.m.j.internal.DownloadSourcesJob - Downloaded sources for org.springframework.boot:spring-boot-actuator:4.0.2
2026-02-10 15:38:40,143 [Worker-23: Download sources and javadoc] INFO  o.e.m.c.i.e.AbstractTransferListenerAdapter - Downloading https://repo.maven.apache.org/maven2/org/springframework/boot/spring-boot-health/4.0.2/spring-boot-health-4.0.2-sources.jar
2026-02-10 15:38:40,378 [Worker-23: Download sources and javadoc] INFO  o.e.m.c.i.e.AbstractTransferListenerAdapter - Downloaded https://repo.maven.apache.org/maven2/org/springframework/boot/spring-boot-health/4.0.2/spring-boot-health-4.0.2-sources.jar
2026-02-10 15:38:40,384 [Worker-23: Download sources and javadoc] INFO  o.e.m.j.internal.DownloadSourcesJob - Downloaded sources for org.springframework.boot:spring-boot-health:4.0.2
2026-02-10 15:38:40,780 [Worker-23: Download sources and javadoc] INFO  o.e.m.c.i.e.AbstractTransferListenerAdapter - Downloading https://repo.maven.apache.org/maven2/io/micrometer/micrometer-jakarta9/1.16.2/micrometer-jakarta9-1.16.2-sources.jar
2026-02-10 15:38:41,312 [Worker-23: Download sources and javadoc] INFO  o.e.m.c.i.e.AbstractTransferListenerAdapter - Downloaded https://repo.maven.apache.org/maven2/io/micrometer/micrometer-jakarta9/1.16.2/micrometer-jakarta9-1.16.2-sources.jar
2026-02-10 15:38:41,321 [Worker-23: Download sources and javadoc] INFO  o.e.m.j.internal.DownloadSourcesJob - Downloaded sources for io.micrometer:micrometer-jakarta9:1.16.2
2026-02-10 15:38:41,825 [Worker-23: Download sources and javadoc] INFO  o.e.m.c.i.e.AbstractTransferListenerAdapter - Downloading https://repo.maven.apache.org/maven2/io/micrometer/micrometer-core/1.16.2/micrometer-core-1.16.2-sources.jar
2026-02-10 15:38:42,620 [Worker-23: Download sources and javadoc] INFO  o.e.m.c.i.e.AbstractTransferListenerAdapter - Downloaded https://repo.maven.apache.org/maven2/io/micrometer/micrometer-core/1.16.2/micrometer-core-1.16.2-sources.jar
2026-02-10 15:38:42,627 [Worker-23: Download sources and javadoc] INFO  o.e.m.j.internal.DownloadSourcesJob - Downloaded sources for io.micrometer:micrometer-core:1.16.2
2026-02-10 15:38:42,903 [Worker-23: Download sources and javadoc] INFO  o.e.m.c.i.e.AbstractTransferListenerAdapter - Downloading https://repo.maven.apache.org/maven2/org/hdrhistogram/HdrHistogram/2.2.2/HdrHistogram-2.2.2-sources.jar
2026-02-10 15:38:43,180 [Worker-23: Download sources and javadoc] INFO  o.e.m.c.i.e.AbstractTransferListenerAdapter - Downloaded https://repo.maven.apache.org/maven2/org/hdrhistogram/HdrHistogram/2.2.2/HdrHistogram-2.2.2-sources.jar
2026-02-10 15:38:43,199 [Worker-23: Download sources and javadoc] INFO  o.e.m.j.internal.DownloadSourcesJob - Downloaded sources for org.hdrhistogram:HdrHistogram:2.2.2
2026-02-10 15:38:44,939 [Worker-25: Building] INFO  o.a.m.s.f.DefaultMavenResourcesFiltering - Copying 1 resource from src\main\resources to target\classes
2026-02-10 15:38:46,170 [Worker-25: Building] INFO  o.a.m.s.f.DefaultMavenResourcesFiltering - Copying 0 resource from src\main\resources to target\classes
2026-02-10 15:38:46,204 [Worker-25: Building] INFO  o.a.m.s.f.DefaultMavenResourcesFiltering - skip non existing resourceDirectory C:\Users\Expert\Desktop\Spring REST API with Advance features\demo\src\test\resources
2026-02-10 15:38:47,399 [Worker-10: Building] INFO  o.a.m.s.f.DefaultMavenResourcesFiltering - Copying 0 resource from src\main\resources to target\classes
2026-02-10 15:38:47,400 [Worker-10: Building] INFO  o.a.m.s.f.DefaultMavenResourcesFiltering - Copying 0 resource from src\main\resources to target\classes
2026-02-10 15:38:47,404 [Worker-10: Building] INFO  o.a.m.s.f.DefaultMavenResourcesFiltering - skip non existing resourceDirectory C:\Users\Expert\Desktop\Spring REST API with Advance features\demo\src\test\resources
2026-02-10 18:02:37,261 [Worker-33: Building] INFO  o.a.m.s.f.DefaultMavenResourcesFiltering - Copying 1 resource from src\main\resources to target\classes
2026-02-10 18:02:37,390 [Worker-33: Building] INFO  o.a.m.s.f.DefaultMavenResourcesFiltering - Copying 0 resource from src\main\resources to target\classes
2026-02-10 18:02:37,399 [Worker-33: Building] INFO  o.a.m.s.f.DefaultMavenResourcesFiltering - skip non existing resourceDirectory C:\Users\Expert\Desktop\Spring REST API with Advance features\demo\src\test\resources
2026-02-10 18:02:38,450 [Worker-34: Building] INFO  o.a.m.s.f.DefaultMavenResourcesFiltering - Copying 0 resource from src\main\resources to target\classes
2026-02-10 18:02:38,452 [Worker-34: Building] INFO  o.a.m.s.f.DefaultMavenResourcesFiltering - Copying 0 resource from src\main\resources to target\classes
2026-02-10 18:02:38,483 [Worker-34: Building] INFO  o.a.m.s.f.DefaultMavenResourcesFiltering - skip non existing resourceDirectory C:\Users\Expert\Desktop\Spring REST API with Advance features\demo\src\test\resources
2026-02-10 18:03:26,653 [Worker-32: Building] INFO  o.a.m.s.f.DefaultMavenResourcesFiltering - Copying 1 resource from src\main\resources to target\classes
2026-02-10 18:03:26,701 [Worker-32: Building] INFO  o.a.m.s.f.DefaultMavenResourcesFiltering - Copying 0 resource from src\main\resources to target\classes
2026-02-10 18:03:26,706 [Worker-32: Building] INFO  o.a.m.s.f.DefaultMavenResourcesFiltering - skip non existing resourceDirectory C:\Users\Expert\Desktop\Spring REST API with Advance features\demo\src\test\resources
2026-02-10 18:03:27,793 [Worker-10: Building] INFO  o.a.m.s.f.DefaultMavenResourcesFiltering - Copying 0 resource from src\main\resources to target\classes
2026-02-10 18:03:27,794 [Worker-10: Building] INFO  o.a.m.s.f.DefaultMavenResourcesFiltering - Copying 0 resource from src\main\resources to target\classes
2026-02-10 18:03:27,798 [Worker-10: Building] INFO  o.a.m.s.f.DefaultMavenResourcesFiltering - skip non existing resourceDirectory C:\Users\Expert\Desktop\Spring REST API with Advance features\demo\src\test\resources
2026-02-10 18:04:13,327 [Worker-10: Building] INFO  o.a.m.s.f.DefaultMavenResourcesFiltering - Copying 1 resource from src\main\resources to target\classes
2026-02-10 18:04:13,338 [Worker-10: Building] INFO  o.a.m.s.f.DefaultMavenResourcesFiltering - Copying 0 resource from src\main\resources to target\classes
2026-02-10 18:04:13,346 [Worker-10: Building] INFO  o.a.m.s.f.DefaultMavenResourcesFiltering - skip non existing resourceDirectory C:\Users\Expert\Desktop\Spring REST API with Advance features\demo\src\test\resources
2026-02-10 18:04:14,371 [Worker-10: Building] INFO  o.a.m.s.f.DefaultMavenResourcesFiltering - Copying 0 resource from src\main\resources to target\classes
2026-02-10 18:04:14,371 [Worker-10: Building] INFO  o.a.m.s.f.DefaultMavenResourcesFiltering - Copying 0 resource from src\main\resources to target\classes
2026-02-10 18:04:14,376 [Worker-10: Building] INFO  o.a.m.s.f.DefaultMavenResourcesFiltering - skip non existing resourceDirectory C:\Users\Expert\Desktop\Spring REST API with Advance features\demo\src\test\resources
2026-02-10 18:06:20,485 [Worker-34: Building] INFO  o.a.m.s.f.DefaultMavenResourcesFiltering - Copying 1 resource from src\main\resources to target\classes
2026-02-10 18:06:20,503 [Worker-34: Building] INFO  o.a.m.s.f.DefaultMavenResourcesFiltering - Copying 0 resource from src\main\resources to target\classes
2026-02-10 18:06:20,509 [Worker-34: Building] INFO  o.a.m.s.f.DefaultMavenResourcesFiltering - skip non existing resourceDirectory C:\Users\Expert\Desktop\Spring REST API with Advance features\demo\src\test\resources
2026-02-10 18:06:21,532 [Worker-25: Building] INFO  o.a.m.s.f.DefaultMavenResourcesFiltering - Copying 0 resource from src\main\resources to target\classes
2026-02-10 18:06:21,533 [Worker-25: Building] INFO  o.a.m.s.f.DefaultMavenResourcesFiltering - Copying 0 resource from src\main\resources to target\classes
2026-02-10 18:06:21,537 [Worker-25: Building] INFO  o.a.m.s.f.DefaultMavenResourcesFiltering - skip non existing resourceDirectory C:\Users\Expert\Desktop\Spring REST API with Advance features\demo\src\test\resources
2026-02-10 18:09:36,258 [Worker-33: Building] INFO  o.a.m.s.f.DefaultMavenResourcesFiltering - Copying 1 resource from src\main\resources to target\classes
2026-02-10 18:09:36,347 [Worker-33: Building] INFO  o.a.m.s.f.DefaultMavenResourcesFiltering - Copying 0 resource from src\main\resources to target\classes
2026-02-10 18:09:36,353 [Worker-33: Building] INFO  o.a.m.s.f.DefaultMavenResourcesFiltering - skip non existing resourceDirectory C:\Users\Expert\Desktop\Spring REST API with Advance features\demo\src\test\resources
2026-02-10 18:09:37,373 [Worker-37: Building] INFO  o.a.m.s.f.DefaultMavenResourcesFiltering - Copying 0 resource from src\main\resources to target\classes
2026-02-10 18:09:37,373 [Worker-37: Building] INFO  o.a.m.s.f.DefaultMavenResourcesFiltering - Copying 0 resource from src\main\resources to target\classes
2026-02-10 18:09:37,376 [Worker-37: Building] INFO  o.a.m.s.f.DefaultMavenResourcesFiltering - skip non existing resourceDirectory C:\Users\Expert\Desktop\Spring REST API with Advance features\demo\src\test\resources
2026-02-10 18:12:05,114 [Worker-41: Building] INFO  o.a.m.s.f.DefaultMavenResourcesFiltering - Copying 1 resource from src\main\resources to target\classes
2026-02-10 18:12:05,122 [Worker-41: Building] INFO  o.a.m.s.f.DefaultMavenResourcesFiltering - Copying 0 resource from src\main\resources to target\classes
2026-02-10 18:12:05,200 [Worker-41: Building] INFO  o.a.m.s.f.DefaultMavenResourcesFiltering - skip non existing resourceDirectory C:\Users\Expert\Desktop\Spring REST API with Advance features\demo\src\test\resources
2026-02-10 18:12:06,269 [Worker-39: Building] INFO  o.a.m.s.f.DefaultMavenResourcesFiltering - Copying 0 resource from src\main\resources to target\classes
2026-02-10 18:12:06,270 [Worker-39: Building] INFO  o.a.m.s.f.DefaultMavenResourcesFiltering - Copying 0 resource from src\main\resources to target\classes
2026-02-10 18:12:06,273 [Worker-39: Building] INFO  o.a.m.s.f.DefaultMavenResourcesFiltering - skip non existing resourceDirectory C:\Users\Expert\Desktop\Spring REST API with Advance features\demo\src\test\resources
2026-02-10 18:14:53,287 [Worker-41: Building] INFO  o.a.m.s.f.DefaultMavenResourcesFiltering - Copying 1 resource from src\main\resources to target\classes
2026-02-10 18:14:53,300 [Worker-41: Building] INFO  o.a.m.s.f.DefaultMavenResourcesFiltering - Copying 0 resource from src\main\resources to target\classes
2026-02-10 18:14:53,305 [Worker-41: Building] INFO  o.a.m.s.f.DefaultMavenResourcesFiltering - skip non existing resourceDirectory C:\Users\Expert\Desktop\Spring REST API with Advance features\demo\src\test\resources
2026-02-10 18:14:54,386 [Worker-32: Building] INFO  o.a.m.s.f.DefaultMavenResourcesFiltering - Copying 0 resource from src\main\resources to target\classes
2026-02-10 18:14:54,386 [Worker-32: Building] INFO  o.a.m.s.f.DefaultMavenResourcesFiltering - Copying 0 resource from src\main\resources to target\classes
2026-02-10 18:14:54,389 [Worker-32: Building] INFO  o.a.m.s.f.DefaultMavenResourcesFiltering - skip non existing resourceDirectory C:\Users\Expert\Desktop\Spring REST API with Advance features\demo\src\test\resources
2026-02-10 18:16:40,041 [Worker-43: Building] INFO  o.a.m.s.f.DefaultMavenResourcesFiltering - Copying 1 resource from src\main\resources to target\classes
2026-02-10 18:16:40,047 [Worker-43: Building] INFO  o.a.m.s.f.DefaultMavenResourcesFiltering - Copying 0 resource from src\main\resources to target\classes
2026-02-10 18:16:40,049 [Worker-43: Building] INFO  o.a.m.s.f.DefaultMavenResourcesFiltering - skip non existing resourceDirectory C:\Users\Expert\Desktop\Spring REST API with Advance features\demo\src\test\resources
2026-02-10 18:16:41,067 [Worker-43: Building] INFO  o.a.m.s.f.DefaultMavenResourcesFiltering - Copying 0 resource from src\main\resources to target\classes
2026-02-10 18:16:41,068 [Worker-43: Building] INFO  o.a.m.s.f.DefaultMavenResourcesFiltering - Copying 0 resource from src\main\resources to target\classes
2026-02-10 18:16:41,071 [Worker-43: Building] INFO  o.a.m.s.f.DefaultMavenResourcesFiltering - skip non existing resourceDirectory C:\Users\Expert\Desktop\Spring REST API with Advance features\demo\src\test\resources
2026-02-11 11:13:47,706 [Worker-49: Updating Maven Dependencies] INFO  o.e.m.c.i.l.LifecycleMappingFactory - Using org.eclipse.m2e.jdt.JarLifecycleMapping lifecycle mapping for MavenProject: com.infy.ems:demo:0.0.1-SNAPSHOT @ C:\Users\Expert\Desktop\Spring REST API with Advance features\demo\pom.xml.
2026-02-11 11:13:55,192 [Worker-46: Building] INFO  o.a.m.s.f.DefaultMavenResourcesFiltering - Copying 0 resource from src\main\resources to target\classes
2026-02-11 11:13:55,194 [Worker-46: Building] INFO  o.a.m.s.f.DefaultMavenResourcesFiltering - Copying 0 resource from src\main\resources to target\classes
2026-02-11 11:13:55,197 [Worker-46: Building] INFO  o.a.m.s.f.DefaultMavenResourcesFiltering - skip non existing resourceDirectory C:\Users\Expert\Desktop\Spring REST API with Advance features\demo\src\test\resources
2026-02-11 11:14:15,802 [Worker-52: Updating Maven Dependencies] ERROR o.e.m.j.i.l.MavenLaunchConfigurationListener - Launch configuration DemoApplication references non-existing project demo.
org.eclipse.core.runtime.CoreException: Launch configuration DemoApplication references non-existing project demo.
	at org.eclipse.jdt.launching.JavaRuntime.abort(JavaRuntime.java:1861) ~[na:na]
	at org.eclipse.jdt.launching.JavaRuntime.getJavaProject(JavaRuntime.java:1736) ~[na:na]
	at org.eclipse.m2e.jdt.internal.launch.MavenLaunchConfigurationListener.updateLaunchConfiguration(MavenLaunchConfigurationListener.java:64) ~[na:na]
	at org.eclipse.m2e.jdt.internal.launch.MavenLaunchConfigurationListener.launchConfigurationChanged(MavenLaunchConfigurationListener.java:50) ~[na:na]
	at org.eclipse.debug.internal.core.LaunchManager$ConfigurationNotifier.run(LaunchManager.java:225) ~[na:na]
	at org.eclipse.core.runtime.SafeRunner.run(SafeRunner.java:45) ~[org.eclipse.equinox.common_3.16.200.v20220817-1601.jar:na]
	at org.eclipse.debug.internal.core.LaunchManager$ConfigurationNotifier.notify(LaunchManager.java:209) ~[na:na]
	at org.eclipse.debug.internal.core.LaunchConfigurationWorkingCopy.setDirty(LaunchConfigurationWorkingCopy.java:524) ~[na:na]
	at org.eclipse.debug.internal.core.LaunchConfigurationWorkingCopy.setAttribute(LaunchConfigurationWorkingCopy.java:412) ~[na:na]
	at org.eclipse.m2e.jdt.internal.launch.MavenRuntimeClasspathProvider.disable(MavenRuntimeClasspathProvider.java:410) ~[na:na]
	at org.eclipse.m2e.jdt.internal.launch.MavenRuntimeClasspathProvider.disable(MavenRuntimeClasspathProvider.java:436) ~[na:na]
	at org.eclipse.m2e.jdt.internal.launch.MavenLaunchConfigurationListener.mavenProjectChanged(MavenLaunchConfigurationListener.java:135) ~[na:na]
	at org.eclipse.m2e.core.internal.project.registry.ProjectRegistryManager.notifyProjectChangeListeners(ProjectRegistryManager.java:827) ~[na:na]
	at org.eclipse.m2e.core.internal.project.registry.ProjectRegistryManager.applyMutableProjectRegistry(ProjectRegistryManager.java:982) ~[na:na]
	at org.eclipse.m2e.core.internal.project.registry.ProjectRegistryRefreshJob.lambda$0(ProjectRegistryRefreshJob.java:170) ~[na:na]
	at org.eclipse.m2e.core.internal.embedder.MavenExecutionContext.executeBare(MavenExecutionContext.java:350) ~[na:na]
	at org.eclipse.m2e.core.internal.embedder.MavenExecutionContext.execute(MavenExecutionContext.java:262) ~[na:na]
	at org.eclipse.m2e.core.internal.embedder.MavenExecutionContext.execute(MavenExecutionContext.java:205) ~[na:na]
	at org.eclipse.m2e.core.internal.project.registry.ProjectRegistryRefreshJob.run(ProjectRegistryRefreshJob.java:104) ~[na:na]
	at org.eclipse.core.internal.jobs.Worker.run(Worker.java:63) ~[org.eclipse.core.jobs_3.13.100.v20220817-1539.jar:na]
2026-02-11 11:14:15,806 [Worker-52: Updating Maven Dependencies] ERROR o.e.m.j.i.l.MavenLaunchConfigurationListener - Launch configuration DemoApplication references non-existing project demo.
org.eclipse.core.runtime.CoreException: Launch configuration DemoApplication references non-existing project demo.
	at org.eclipse.jdt.launching.JavaRuntime.abort(JavaRuntime.java:1861) ~[na:na]
	at org.eclipse.jdt.launching.JavaRuntime.getJavaProject(JavaRuntime.java:1736) ~[na:na]
	at org.eclipse.m2e.jdt.internal.launch.MavenLaunchConfigurationListener.updateLaunchConfiguration(MavenLaunchConfigurationListener.java:64) ~[na:na]
	at org.eclipse.m2e.jdt.internal.launch.MavenLaunchConfigurationListener.launchConfigurationChanged(MavenLaunchConfigurationListener.java:50) ~[na:na]
	at org.eclipse.debug.internal.core.LaunchManager$ConfigurationNotifier.run(LaunchManager.java:225) ~[na:na]
	at org.eclipse.core.runtime.SafeRunner.run(SafeRunner.java:45) ~[org.eclipse.equinox.common_3.16.200.v20220817-1601.jar:na]
	at org.eclipse.debug.internal.core.LaunchManager$ConfigurationNotifier.notify(LaunchManager.java:209) ~[na:na]
	at org.eclipse.debug.internal.core.LaunchConfigurationWorkingCopy.setDirty(LaunchConfigurationWorkingCopy.java:524) ~[na:na]
	at org.eclipse.debug.internal.core.LaunchConfigurationWorkingCopy.setAttribute(LaunchConfigurationWorkingCopy.java:412) ~[na:na]
	at org.eclipse.m2e.jdt.internal.launch.MavenRuntimeClasspathProvider.disable(MavenRuntimeClasspathProvider.java:411) ~[na:na]
	at org.eclipse.m2e.jdt.internal.launch.MavenRuntimeClasspathProvider.disable(MavenRuntimeClasspathProvider.java:436) ~[na:na]
	at org.eclipse.m2e.jdt.internal.launch.MavenLaunchConfigurationListener.mavenProjectChanged(MavenLaunchConfigurationListener.java:135) ~[na:na]
	at org.eclipse.m2e.core.internal.project.registry.ProjectRegistryManager.notifyProjectChangeListeners(ProjectRegistryManager.java:827) ~[na:na]
	at org.eclipse.m2e.core.internal.project.registry.ProjectRegistryManager.applyMutableProjectRegistry(ProjectRegistryManager.java:982) ~[na:na]
	at org.eclipse.m2e.core.internal.project.registry.ProjectRegistryRefreshJob.lambda$0(ProjectRegistryRefreshJob.java:170) ~[na:na]
	at org.eclipse.m2e.core.internal.embedder.MavenExecutionContext.executeBare(MavenExecutionContext.java:350) ~[na:na]
	at org.eclipse.m2e.core.internal.embedder.MavenExecutionContext.execute(MavenExecutionContext.java:262) ~[na:na]
	at org.eclipse.m2e.core.internal.embedder.MavenExecutionContext.execute(MavenExecutionContext.java:205) ~[na:na]
	at org.eclipse.m2e.core.internal.project.registry.ProjectRegistryRefreshJob.run(ProjectRegistryRefreshJob.java:104) ~[na:na]
	at org.eclipse.core.internal.jobs.Worker.run(Worker.java:63) ~[org.eclipse.core.jobs_3.13.100.v20220817-1539.jar:na]
2026-02-11 11:14:15,854 [Worker-52: Updating Maven Dependencies] ERROR o.e.m.j.i.l.MavenLaunchConfigurationListener - Launch configuration DemoApplication references non-existing project demo.
org.eclipse.core.runtime.CoreException: Launch configuration DemoApplication references non-existing project demo.
	at org.eclipse.jdt.launching.JavaRuntime.abort(JavaRuntime.java:1861) ~[na:na]
	at org.eclipse.jdt.launching.JavaRuntime.getJavaProject(JavaRuntime.java:1736) ~[na:na]
	at org.eclipse.m2e.jdt.internal.launch.MavenLaunchConfigurationListener.updateLaunchConfiguration(MavenLaunchConfigurationListener.java:64) ~[na:na]
	at org.eclipse.m2e.jdt.internal.launch.MavenLaunchConfigurationListener.launchConfigurationChanged(MavenLaunchConfigurationListener.java:50) ~[na:na]
	at org.eclipse.debug.internal.core.LaunchManager$ConfigurationNotifier.run(LaunchManager.java:225) ~[na:na]
	at org.eclipse.core.runtime.SafeRunner.run(SafeRunner.java:45) ~[org.eclipse.equinox.common_3.16.200.v20220817-1601.jar:na]
	at org.eclipse.debug.internal.core.LaunchManager$ConfigurationNotifier.notify(LaunchManager.java:209) ~[na:na]
	at org.eclipse.debug.internal.core.LaunchManager.launchConfigurationChanged(LaunchManager.java:2147) ~[na:na]
	at org.eclipse.debug.internal.core.LaunchConfigurationWorkingCopy.writeNewFile(LaunchConfigurationWorkingCopy.java:377) ~[na:na]
	at org.eclipse.debug.internal.core.LaunchConfigurationWorkingCopy.doSave0(LaunchConfigurationWorkingCopy.java:259) ~[na:na]
	at org.eclipse.debug.internal.core.LaunchConfigurationWorkingCopy.doSave(LaunchConfigurationWorkingCopy.java:229) ~[na:na]
	at org.eclipse.debug.internal.core.LaunchConfigurationWorkingCopy.doSave(LaunchConfigurationWorkingCopy.java:187) ~[na:na]
	at org.eclipse.m2e.jdt.internal.launch.MavenRuntimeClasspathProvider.disable(MavenRuntimeClasspathProvider.java:412) ~[na:na]
	at org.eclipse.m2e.jdt.internal.launch.MavenRuntimeClasspathProvider.disable(MavenRuntimeClasspathProvider.java:436) ~[na:na]
	at org.eclipse.m2e.jdt.internal.launch.MavenLaunchConfigurationListener.mavenProjectChanged(MavenLaunchConfigurationListener.java:135) ~[na:na]
	at org.eclipse.m2e.core.internal.project.registry.ProjectRegistryManager.notifyProjectChangeListeners(ProjectRegistryManager.java:827) ~[na:na]
	at org.eclipse.m2e.core.internal.project.registry.ProjectRegistryManager.applyMutableProjectRegistry(ProjectRegistryManager.java:982) ~[na:na]
	at org.eclipse.m2e.core.internal.project.registry.ProjectRegistryRefreshJob.lambda$0(ProjectRegistryRefreshJob.java:170) ~[na:na]
	at org.eclipse.m2e.core.internal.embedder.MavenExecutionContext.executeBare(MavenExecutionContext.java:350) ~[na:na]
	at org.eclipse.m2e.core.internal.embedder.MavenExecutionContext.execute(MavenExecutionContext.java:262) ~[na:na]
	at org.eclipse.m2e.core.internal.embedder.MavenExecutionContext.execute(MavenExecutionContext.java:205) ~[na:na]
	at org.eclipse.m2e.core.internal.project.registry.ProjectRegistryRefreshJob.run(ProjectRegistryRefreshJob.java:104) ~[na:na]
	at org.eclipse.core.internal.jobs.Worker.run(Worker.java:63) ~[org.eclipse.core.jobs_3.13.100.v20220817-1539.jar:na]
2026-02-11 11:14:17,862 [Worker-54: Building] INFO  o.e.m.c.i.l.LifecycleMappingFactory - Using org.eclipse.m2e.jdt.JarLifecycleMapping lifecycle mapping for MavenProject: com.infy.ems:demo:0.0.1-SNAPSHOT @ C:\Users\Expert\Desktop\Spring REST API with Advance features\EmployeeService\pom.xml.
2026-02-11 11:14:19,631 [Worker-54: Building] INFO  o.a.m.s.f.DefaultMavenResourcesFiltering - Copying 1 resource from src\main\resources to target\classes
2026-02-11 11:14:19,664 [Worker-54: Building] INFO  o.a.m.s.f.DefaultMavenResourcesFiltering - Copying 0 resource from src\main\resources to target\classes
2026-02-11 11:14:19,671 [Worker-54: Building] INFO  o.a.m.s.f.DefaultMavenResourcesFiltering - skip non existing resourceDirectory C:\Users\Expert\Desktop\Spring REST API with Advance features\EmployeeService\src\test\resources
2026-02-11 11:14:21,372 [Worker-52: Building] INFO  o.a.m.s.f.DefaultMavenResourcesFiltering - Copying 1 resource from src\main\resources to target\classes
2026-02-11 11:14:21,431 [Worker-52: Building] INFO  o.a.m.s.f.DefaultMavenResourcesFiltering - Copying 0 resource from src\main\resources to target\classes
2026-02-11 11:14:21,458 [Worker-52: Building] INFO  o.a.m.s.f.DefaultMavenResourcesFiltering - skip non existing resourceDirectory C:\Users\Expert\Desktop\Spring REST API with Advance features\EmployeeService\src\test\resources
2026-02-11 11:31:16,046 [Worker-57: Importing Maven projects] INFO  o.e.m.c.i.e.AbstractTransferListenerAdapter - Downloaded https://repo.maven.apache.org/maven2/org/springframework/cloud/spring-cloud-dependencies/2025.1.0/spring-cloud-dependencies-2025.1.0.pom
2026-02-11 11:31:16,330 [Worker-57: Importing Maven projects] INFO  o.e.m.c.i.e.AbstractTransferListenerAdapter - Downloaded https://repo.maven.apache.org/maven2/org/springframework/cloud/spring-cloud-dependencies-parent/5.0.0/spring-cloud-dependencies-parent-5.0.0.pom
2026-02-11 11:31:16,575 [Worker-57: Importing Maven projects] INFO  o.e.m.c.i.e.AbstractTransferListenerAdapter - Downloaded https://repo.maven.apache.org/maven2/org/springframework/cloud/spring-cloud-commons-dependencies/5.0.0/spring-cloud-commons-dependencies-5.0.0.pom
2026-02-11 11:31:16,868 [Worker-57: Importing Maven projects] INFO  o.e.m.c.i.e.AbstractTransferListenerAdapter - Downloaded https://repo.maven.apache.org/maven2/org/springframework/cloud/spring-cloud-netflix-dependencies/5.0.0/spring-cloud-netflix-dependencies-5.0.0.pom
2026-02-11 11:31:17,100 [Worker-57: Importing Maven projects] INFO  o.e.m.c.i.e.AbstractTransferListenerAdapter - Downloaded https://repo.maven.apache.org/maven2/org/springframework/cloud/spring-cloud-stream-dependencies/5.0.0/spring-cloud-stream-dependencies-5.0.0.pom
2026-02-11 11:31:17,337 [Worker-57: Importing Maven projects] INFO  o.e.m.c.i.e.AbstractTransferListenerAdapter - Downloaded https://repo.maven.apache.org/maven2/org/springframework/cloud/spring-cloud-task-dependencies/5.0.0/spring-cloud-task-dependencies-5.0.0.pom
2026-02-11 11:31:17,634 [Worker-57: Importing Maven projects] INFO  o.e.m.c.i.e.AbstractTransferListenerAdapter - Downloaded https://repo.maven.apache.org/maven2/org/springframework/cloud/spring-cloud-circuitbreaker-dependencies/5.0.0/spring-cloud-circuitbreaker-dependencies-5.0.0.pom
2026-02-11 11:31:17,962 [Worker-57: Importing Maven projects] INFO  o.e.m.c.i.e.AbstractTransferListenerAdapter - Downloaded https://repo.maven.apache.org/maven2/io/github/resilience4j/resilience4j-bom/2.3.0/resilience4j-bom-2.3.0.pom
2026-02-11 11:31:18,277 [Worker-57: Importing Maven projects] INFO  o.e.m.c.i.e.AbstractTransferListenerAdapter - Downloaded https://repo.maven.apache.org/maven2/org/springframework/cloud/spring-cloud-config-dependencies/5.0.0/spring-cloud-config-dependencies-5.0.0.pom
2026-02-11 11:31:18,537 [Worker-57: Importing Maven projects] INFO  o.e.m.c.i.e.AbstractTransferListenerAdapter - Downloaded https://repo.maven.apache.org/maven2/org/springframework/cloud/spring-cloud-function-dependencies/5.0.0/spring-cloud-function-dependencies-5.0.0.pom
2026-02-11 11:31:18,811 [Worker-57: Importing Maven projects] INFO  o.e.m.c.i.e.AbstractTransferListenerAdapter - Downloaded https://repo.maven.apache.org/maven2/org/springframework/cloud/spring-cloud-gateway-dependencies/5.0.0/spring-cloud-gateway-dependencies-5.0.0.pom
2026-02-11 11:31:19,156 [Worker-57: Importing Maven projects] INFO  o.e.m.c.i.e.AbstractTransferListenerAdapter - Downloaded https://repo.maven.apache.org/maven2/org/springframework/cloud/spring-cloud-consul-dependencies/5.0.0/spring-cloud-consul-dependencies-5.0.0.pom
2026-02-11 11:31:19,475 [Worker-57: Importing Maven projects] INFO  o.e.m.c.i.e.AbstractTransferListenerAdapter - Downloaded https://repo.maven.apache.org/maven2/org/springframework/cloud/spring-cloud-vault-dependencies/5.0.0/spring-cloud-vault-dependencies-5.0.0.pom
2026-02-11 11:31:19,757 [Worker-57: Importing Maven projects] INFO  o.e.m.c.i.e.AbstractTransferListenerAdapter - Downloaded https://repo.maven.apache.org/maven2/org/springframework/cloud/spring-cloud-zookeeper-dependencies/5.0.0/spring-cloud-zookeeper-dependencies-5.0.0.pom
2026-02-11 11:31:20,036 [Worker-57: Importing Maven projects] INFO  o.e.m.c.i.e.AbstractTransferListenerAdapter - Downloaded https://repo.maven.apache.org/maven2/org/springframework/cloud/spring-cloud-bus-dependencies/5.0.0/spring-cloud-bus-dependencies-5.0.0.pom
2026-02-11 11:31:20,298 [Worker-57: Importing Maven projects] INFO  o.e.m.c.i.e.AbstractTransferListenerAdapter - Downloaded https://repo.maven.apache.org/maven2/org/springframework/cloud/spring-cloud-openfeign-dependencies/5.0.0/spring-cloud-openfeign-dependencies-5.0.0.pom
2026-02-11 11:31:20,606 [Worker-57: Importing Maven projects] INFO  o.e.m.c.i.e.AbstractTransferListenerAdapter - Downloaded https://repo.maven.apache.org/maven2/io/github/openfeign/feign-bom/13.6/feign-bom-13.6.pom
2026-02-11 11:31:20,843 [Worker-57: Importing Maven projects] INFO  o.e.m.c.i.e.AbstractTransferListenerAdapter - Downloaded https://repo.maven.apache.org/maven2/org/springframework/cloud/spring-cloud-kubernetes-dependencies/5.0.0/spring-cloud-kubernetes-dependencies-5.0.0.pom
2026-02-11 11:31:21,117 [Worker-57: Importing Maven projects] INFO  o.e.m.c.i.e.AbstractTransferListenerAdapter - Downloaded https://repo.maven.apache.org/maven2/io/fabric8/kubernetes-client-bom/7.4.0/kubernetes-client-bom-7.4.0.pom
2026-02-11 11:31:21,762 [Worker-57: Importing Maven projects] INFO  o.e.m.c.i.l.LifecycleMappingFactory - Using org.eclipse.m2e.jdt.JarLifecycleMapping lifecycle mapping for MavenProject: com.infy:leave-service:0.0.1-SNAPSHOT @ C:\Users\Expert\Desktop\Spring REST API with Advance features\leave-service\pom.xml.
2026-02-11 11:31:22,366 [Worker-57: Importing Maven projects] INFO  o.e.m.c.i.e.AbstractTransferListenerAdapter - Downloaded https://repo.maven.apache.org/maven2/org/springframework/cloud/spring-cloud-build/5.0.0/spring-cloud-build-5.0.0.pom
2026-02-11 11:31:22,654 [Worker-57: Importing Maven projects] INFO  o.e.m.c.i.e.AbstractTransferListenerAdapter - Downloaded https://repo.maven.apache.org/maven2/org/springframework/cloud/spring-cloud-build-dependencies/5.0.0/spring-cloud-build-dependencies-5.0.0.pom
2026-02-11 11:31:22,924 [Worker-57: Importing Maven projects] INFO  o.e.m.c.i.e.AbstractTransferListenerAdapter - Downloaded https://repo.maven.apache.org/maven2/org/springframework/boot/spring-boot-dependencies/4.0.0/spring-boot-dependencies-4.0.0.pom
2026-02-11 11:31:23,245 [Worker-57: Importing Maven projects] INFO  o.e.m.c.i.e.AbstractTransferListenerAdapter - Downloaded https://repo.maven.apache.org/maven2/org/apache/groovy/groovy-bom/5.0.2/groovy-bom-5.0.2.pom
2026-02-11 11:31:23,511 [Worker-57: Importing Maven projects] INFO  o.e.m.c.i.e.AbstractTransferListenerAdapter - Downloaded https://repo.maven.apache.org/maven2/tools/jackson/jackson-bom/3.0.2/jackson-bom-3.0.2.pom
2026-02-11 11:31:23,767 [Worker-57: Importing Maven projects] INFO  o.e.m.c.i.e.AbstractTransferListenerAdapter - Downloaded https://repo.maven.apache.org/maven2/org/eclipse/jetty/jetty-bom/12.1.4/jetty-bom-12.1.4.pom
2026-02-11 11:31:23,993 [Worker-57: Importing Maven projects] INFO  o.e.m.c.i.e.AbstractTransferListenerAdapter - Downloaded https://repo.maven.apache.org/maven2/org/jooq/jooq-bom/3.19.28/jooq-bom-3.19.28.pom
2026-02-11 11:31:24,261 [Worker-57: Importing Maven projects] INFO  o.e.m.c.i.e.AbstractTransferListenerAdapter - Downloaded https://repo.maven.apache.org/maven2/org/apache/logging/log4j/log4j-bom/2.25.2/log4j-bom-2.25.2.pom
2026-02-11 11:31:24,544 [Worker-57: Importing Maven projects] INFO  o.e.m.c.i.e.AbstractTransferListenerAdapter - Downloaded https://repo.maven.apache.org/maven2/io/micrometer/micrometer-bom/1.16.0/micrometer-bom-1.16.0.pom
2026-02-11 11:31:24,799 [Worker-57: Importing Maven projects] INFO  o.e.m.c.i.e.AbstractTransferListenerAdapter - Downloaded https://repo.maven.apache.org/maven2/io/micrometer/micrometer-tracing-bom/1.6.0/micrometer-tracing-bom-1.6.0.pom
2026-02-11 11:31:25,037 [Worker-57: Importing Maven projects] INFO  o.e.m.c.i.e.AbstractTransferListenerAdapter - Downloaded https://repo.maven.apache.org/maven2/io/netty/netty-bom/4.2.7.Final/netty-bom-4.2.7.Final.pom
2026-02-11 11:31:25,262 [Worker-57: Importing Maven projects] INFO  o.e.m.c.i.e.AbstractTransferListenerAdapter - Downloaded https://repo.maven.apache.org/maven2/org/apache/pulsar/pulsar-bom/4.1.1/pulsar-bom-4.1.1.pom
2026-02-11 11:31:25,500 [Worker-57: Importing Maven projects] INFO  o.e.m.c.i.e.AbstractTransferListenerAdapter - Downloaded https://repo.maven.apache.org/maven2/io/projectreactor/reactor-bom/2025.0.0/reactor-bom-2025.0.0.pom
2026-02-11 11:31:25,723 [Worker-57: Importing Maven projects] INFO  o.e.m.c.i.e.AbstractTransferListenerAdapter - Downloaded https://repo.maven.apache.org/maven2/org/springframework/amqp/spring-amqp-bom/4.0.0/spring-amqp-bom-4.0.0.pom
2026-02-11 11:31:25,967 [Worker-57: Importing Maven projects] INFO  o.e.m.c.i.e.AbstractTransferListenerAdapter - Downloaded https://repo.maven.apache.org/maven2/org/springframework/batch/spring-batch-bom/6.0.0/spring-batch-bom-6.0.0.pom
2026-02-11 11:31:26,192 [Worker-57: Importing Maven projects] INFO  o.e.m.c.i.e.AbstractTransferListenerAdapter - Downloaded https://repo.maven.apache.org/maven2/org/springframework/data/spring-data-bom/2025.1.0/spring-data-bom-2025.1.0.pom
2026-02-11 11:31:26,408 [Worker-57: Importing Maven projects] INFO  o.e.m.c.i.e.AbstractTransferListenerAdapter - Downloaded https://repo.maven.apache.org/maven2/org/springframework/spring-framework-bom/7.0.1/spring-framework-bom-7.0.1.pom
2026-02-11 11:31:26,631 [Worker-57: Importing Maven projects] INFO  o.e.m.c.i.e.AbstractTransferListenerAdapter - Downloaded https://repo.maven.apache.org/maven2/org/springframework/integration/spring-integration-bom/7.0.0/spring-integration-bom-7.0.0.pom
2026-02-11 11:31:26,872 [Worker-57: Importing Maven projects] INFO  o.e.m.c.i.e.AbstractTransferListenerAdapter - Downloaded https://repo.maven.apache.org/maven2/org/springframework/pulsar/spring-pulsar-bom/2.0.0/spring-pulsar-bom-2.0.0.pom
2026-02-11 11:31:27,116 [Worker-57: Importing Maven projects] INFO  o.e.m.c.i.e.AbstractTransferListenerAdapter - Downloaded https://repo.maven.apache.org/maven2/org/springframework/security/spring-security-bom/7.0.0/spring-security-bom-7.0.0.pom
2026-02-11 11:31:27,356 [Worker-57: Importing Maven projects] INFO  o.e.m.c.i.e.AbstractTransferListenerAdapter - Downloaded https://repo.maven.apache.org/maven2/org/testcontainers/testcontainers-bom/2.0.2/testcontainers-bom-2.0.2.pom
2026-02-11 11:31:27,628 [Worker-57: Importing Maven projects] INFO  o.e.m.c.i.e.AbstractTransferListenerAdapter - Downloaded https://repo.maven.apache.org/maven2/org/springframework/cloud/spring-cloud-starter/5.0.0/spring-cloud-starter-5.0.0.pom
2026-02-11 11:31:27,884 [Worker-57: Importing Maven projects] INFO  o.e.m.c.i.e.AbstractTransferListenerAdapter - Downloaded https://repo.maven.apache.org/maven2/org/springframework/cloud/spring-cloud-commons-parent/5.0.0/spring-cloud-commons-parent-5.0.0.pom
2026-02-11 11:31:28,129 [Worker-57: Importing Maven projects] INFO  o.e.m.c.i.e.AbstractTransferListenerAdapter - Downloaded https://repo.maven.apache.org/maven2/org/springframework/cloud/spring-cloud-context/5.0.0/spring-cloud-context-5.0.0.pom
2026-02-11 11:31:28,369 [Worker-57: Importing Maven projects] INFO  o.e.m.c.i.e.AbstractTransferListenerAdapter - Downloaded https://repo.maven.apache.org/maven2/org/springframework/security/spring-security-crypto/7.0.2/spring-security-crypto-7.0.2.pom
2026-02-11 11:31:28,605 [Worker-57: Importing Maven projects] INFO  o.e.m.c.i.e.AbstractTransferListenerAdapter - Downloaded https://repo.maven.apache.org/maven2/org/bouncycastle/bcprov-jdk18on/1.81/bcprov-jdk18on-1.81.pom
2026-02-11 11:31:28,855 [Worker-57: Importing Maven projects] INFO  o.e.m.c.i.e.AbstractTransferListenerAdapter - Downloaded https://repo.maven.apache.org/maven2/org/springframework/cloud/spring-cloud-openfeign-core/5.0.0/spring-cloud-openfeign-core-5.0.0.pom
2026-02-11 11:31:29,092 [Worker-57: Importing Maven projects] INFO  o.e.m.c.i.e.AbstractTransferListenerAdapter - Downloaded https://repo.maven.apache.org/maven2/io/github/openfeign/feign-form-spring/13.6/feign-form-spring-13.6.pom
2026-02-11 11:31:29,337 [Worker-57: Importing Maven projects] INFO  o.e.m.c.i.e.AbstractTransferListenerAdapter - Downloaded https://repo.maven.apache.org/maven2/io/github/openfeign/parent/13.6/parent-13.6.pom
2026-02-11 11:31:29,577 [Worker-57: Importing Maven projects] INFO  o.e.m.c.i.e.AbstractTransferListenerAdapter - Downloaded https://repo.maven.apache.org/maven2/org/apache/commons/commons-text/1.13.0/commons-text-1.13.0.pom
2026-02-11 11:31:29,824 [Worker-57: Importing Maven projects] INFO  o.e.m.c.i.e.AbstractTransferListenerAdapter - Downloaded https://repo.maven.apache.org/maven2/org/apache/commons/commons-parent/78/commons-parent-78.pom
2026-02-11 11:31:30,116 [Worker-57: Importing Maven projects] INFO  o.e.m.c.i.e.AbstractTransferListenerAdapter - Downloaded https://repo.maven.apache.org/maven2/org/apache/commons/commons-lang3/3.19.0/commons-lang3-3.19.0.pom
2026-02-11 11:31:30,380 [Worker-57: Importing Maven projects] INFO  o.e.m.c.i.e.AbstractTransferListenerAdapter - Downloaded https://repo.maven.apache.org/maven2/org/apache/commons/commons-parent/88/commons-parent-88.pom
2026-02-11 11:31:30,660 [Worker-57: Importing Maven projects] INFO  o.e.m.c.i.e.AbstractTransferListenerAdapter - Downloaded https://repo.maven.apache.org/maven2/io/github/openfeign/feign-form/13.6/feign-form-13.6.pom
2026-02-11 11:31:30,929 [Worker-57: Importing Maven projects] INFO  o.e.m.c.i.e.AbstractTransferListenerAdapter - Downloaded https://repo.maven.apache.org/maven2/commons-fileupload/commons-fileupload/1.5/commons-fileupload-1.5.pom
2026-02-11 11:31:31,186 [Worker-57: Importing Maven projects] INFO  o.e.m.c.i.e.AbstractTransferListenerAdapter - Downloaded https://repo.maven.apache.org/maven2/org/apache/commons/commons-parent/56/commons-parent-56.pom
2026-02-11 11:31:31,439 [Worker-57: Importing Maven projects] INFO  o.e.m.c.i.e.AbstractTransferListenerAdapter - Downloaded https://repo.maven.apache.org/maven2/io/github/openfeign/feign-slf4j/13.6/feign-slf4j-13.6.pom
2026-02-11 11:31:31,708 [AetherRepositoryConnector-repo.maven.apache.org-0-0] INFO  o.e.m.c.i.e.AbstractTransferListenerAdapter - Downloading https://repo.maven.apache.org/maven2/org/springframework/cloud/spring-cloud-starter-openfeign/5.0.0/spring-cloud-starter-openfeign-5.0.0.jar
2026-02-11 11:31:31,811 [AetherRepositoryConnector-repo.maven.apache.org-0-1] INFO  o.e.m.c.i.e.AbstractTransferListenerAdapter - Downloading https://repo.maven.apache.org/maven2/org/springframework/cloud/spring-cloud-starter/5.0.0/spring-cloud-starter-5.0.0.jar
2026-02-11 11:31:31,811 [AetherRepositoryConnector-repo.maven.apache.org-0-2] INFO  o.e.m.c.i.e.AbstractTransferListenerAdapter - Downloading https://repo.maven.apache.org/maven2/org/springframework/cloud/spring-cloud-context/5.0.0/spring-cloud-context-5.0.0.jar
2026-02-11 11:31:31,974 [AetherRepositoryConnector-repo.maven.apache.org-0-4] INFO  o.e.m.c.i.e.AbstractTransferListenerAdapter - Downloading https://repo.maven.apache.org/maven2/org/springframework/cloud/spring-cloud-openfeign-core/5.0.0/spring-cloud-openfeign-core-5.0.0.jar
2026-02-11 11:31:31,974 [AetherRepositoryConnector-repo.maven.apache.org-0-3] INFO  o.e.m.c.i.e.AbstractTransferListenerAdapter - Downloading https://repo.maven.apache.org/maven2/org/bouncycastle/bcprov-jdk18on/1.81/bcprov-jdk18on-1.81.jar
2026-02-11 11:31:32,492 [AetherRepositoryConnector-repo.maven.apache.org-0-1] INFO  o.e.m.c.i.e.AbstractTransferListenerAdapter - Downloaded https://repo.maven.apache.org/maven2/org/springframework/cloud/spring-cloud-starter/5.0.0/spring-cloud-starter-5.0.0.jar
2026-02-11 11:31:32,492 [AetherRepositoryConnector-repo.maven.apache.org-0-0] INFO  o.e.m.c.i.e.AbstractTransferListenerAdapter - Downloaded https://repo.maven.apache.org/maven2/org/springframework/cloud/spring-cloud-starter-openfeign/5.0.0/spring-cloud-starter-openfeign-5.0.0.jar
2026-02-11 11:31:32,905 [AetherRepositoryConnector-repo.maven.apache.org-0-0] INFO  o.e.m.c.i.e.AbstractTransferListenerAdapter - Downloading https://repo.maven.apache.org/maven2/org/apache/commons/commons-text/1.13.0/commons-text-1.13.0.jar
2026-02-11 11:31:32,905 [AetherRepositoryConnector-repo.maven.apache.org-0-1] INFO  o.e.m.c.i.e.AbstractTransferListenerAdapter - Downloading https://repo.maven.apache.org/maven2/io/github/openfeign/feign-form-spring/13.6/feign-form-spring-13.6.jar
2026-02-11 11:31:33,119 [AetherRepositoryConnector-repo.maven.apache.org-0-4] INFO  o.e.m.c.i.e.AbstractTransferListenerAdapter - Downloaded https://repo.maven.apache.org/maven2/org/springframework/cloud/spring-cloud-openfeign-core/5.0.0/spring-cloud-openfeign-core-5.0.0.jar
2026-02-11 11:31:33,502 [AetherRepositoryConnector-repo.maven.apache.org-0-2] INFO  o.e.m.c.i.e.AbstractTransferListenerAdapter - Downloaded https://repo.maven.apache.org/maven2/org/springframework/cloud/spring-cloud-context/5.0.0/spring-cloud-context-5.0.0.jar
2026-02-11 11:31:33,506 [AetherRepositoryConnector-repo.maven.apache.org-0-4] INFO  o.e.m.c.i.e.AbstractTransferListenerAdapter - Downloading https://repo.maven.apache.org/maven2/org/apache/commons/commons-lang3/3.19.0/commons-lang3-3.19.0.jar
2026-02-11 11:31:33,771 [AetherRepositoryConnector-repo.maven.apache.org-0-2] INFO  o.e.m.c.i.e.AbstractTransferListenerAdapter - Downloading https://repo.maven.apache.org/maven2/io/github/openfeign/feign-form/13.6/feign-form-13.6.jar
2026-02-11 11:31:34,381 [AetherRepositoryConnector-repo.maven.apache.org-0-1] INFO  o.e.m.c.i.e.AbstractTransferListenerAdapter - Downloaded https://repo.maven.apache.org/maven2/io/github/openfeign/feign-form-spring/13.6/feign-form-spring-13.6.jar
2026-02-11 11:31:34,382 [AetherRepositoryConnector-repo.maven.apache.org-0-0] INFO  o.e.m.c.i.e.AbstractTransferListenerAdapter - Downloaded https://repo.maven.apache.org/maven2/org/apache/commons/commons-text/1.13.0/commons-text-1.13.0.jar
2026-02-11 11:31:34,829 [AetherRepositoryConnector-repo.maven.apache.org-0-4] INFO  o.e.m.c.i.e.AbstractTransferListenerAdapter - Downloaded https://repo.maven.apache.org/maven2/org/apache/commons/commons-lang3/3.19.0/commons-lang3-3.19.0.jar
2026-02-11 11:31:34,939 [AetherRepositoryConnector-repo.maven.apache.org-0-1] INFO  o.e.m.c.i.e.AbstractTransferListenerAdapter - Downloading https://repo.maven.apache.org/maven2/commons-fileupload/commons-fileupload/1.5/commons-fileupload-1.5.jar
2026-02-11 11:31:34,956 [AetherRepositoryConnector-repo.maven.apache.org-0-0] INFO  o.e.m.c.i.e.AbstractTransferListenerAdapter - Downloading https://repo.maven.apache.org/maven2/org/springframework/cloud/spring-cloud-commons/5.0.0/spring-cloud-commons-5.0.0.jar
2026-02-11 11:31:35,464 [AetherRepositoryConnector-repo.maven.apache.org-0-4] INFO  o.e.m.c.i.e.AbstractTransferListenerAdapter - Downloading https://repo.maven.apache.org/maven2/org/springframework/security/spring-security-crypto/7.0.2/spring-security-crypto-7.0.2.jar
2026-02-11 11:31:36,078 [AetherRepositoryConnector-repo.maven.apache.org-0-2] INFO  o.e.m.c.i.e.AbstractTransferListenerAdapter - Downloaded https://repo.maven.apache.org/maven2/io/github/openfeign/feign-form/13.6/feign-form-13.6.jar
2026-02-11 11:31:36,193 [AetherRepositoryConnector-repo.maven.apache.org-0-1] INFO  o.e.m.c.i.e.AbstractTransferListenerAdapter - Downloaded https://repo.maven.apache.org/maven2/commons-fileupload/commons-fileupload/1.5/commons-fileupload-1.5.jar
2026-02-11 11:31:36,328 [AetherRepositoryConnector-repo.maven.apache.org-0-4] INFO  o.e.m.c.i.e.AbstractTransferListenerAdapter - Downloaded https://repo.maven.apache.org/maven2/org/springframework/security/spring-security-crypto/7.0.2/spring-security-crypto-7.0.2.jar
2026-02-11 11:31:36,626 [AetherRepositoryConnector-repo.maven.apache.org-0-1] INFO  o.e.m.c.i.e.AbstractTransferListenerAdapter - Downloading https://repo.maven.apache.org/maven2/io/github/openfeign/feign-slf4j/13.6/feign-slf4j-13.6.jar
2026-02-11 11:31:36,626 [AetherRepositoryConnector-repo.maven.apache.org-0-2] INFO  o.e.m.c.i.e.AbstractTransferListenerAdapter - Downloading https://repo.maven.apache.org/maven2/io/github/openfeign/feign-core/13.6/feign-core-13.6.jar
2026-02-11 11:31:36,753 [AetherRepositoryConnector-repo.maven.apache.org-0-0] INFO  o.e.m.c.i.e.AbstractTransferListenerAdapter - Downloaded https://repo.maven.apache.org/maven2/org/springframework/cloud/spring-cloud-commons/5.0.0/spring-cloud-commons-5.0.0.jar
2026-02-11 11:31:37,006 [AetherRepositoryConnector-repo.maven.apache.org-0-1] INFO  o.e.m.c.i.e.AbstractTransferListenerAdapter - Downloaded https://repo.maven.apache.org/maven2/io/github/openfeign/feign-slf4j/13.6/feign-slf4j-13.6.jar
2026-02-11 11:31:37,156 [AetherRepositoryConnector-repo.maven.apache.org-0-2] INFO  o.e.m.c.i.e.AbstractTransferListenerAdapter - Downloaded https://repo.maven.apache.org/maven2/io/github/openfeign/feign-core/13.6/feign-core-13.6.jar
2026-02-11 11:31:39,926 [AetherRepositoryConnector-repo.maven.apache.org-0-3] INFO  o.e.m.c.i.e.AbstractTransferListenerAdapter - Downloaded https://repo.maven.apache.org/maven2/org/bouncycastle/bcprov-jdk18on/1.81/bcprov-jdk18on-1.81.jar
2026-02-11 11:31:40,500 [Worker-57: Importing Maven projects] INFO  o.e.m.c.i.l.LifecycleMappingFactory - Using org.eclipse.m2e.jdt.JarLifecycleMapping lifecycle mapping for MavenProject: com.infy.ems:demo:0.0.1-SNAPSHOT @ C:\Users\Expert\Desktop\Spring REST API with Advance features\EmployeeService\pom.xml.
2026-02-11 11:31:41,720 [Worker-57: Importing Maven projects] INFO  o.e.m.j.i.AbstractJavaProjectConfigurator - Adding source folder /leave-service/src/main/java
2026-02-11 11:31:41,722 [Worker-57: Importing Maven projects] INFO  o.e.m.j.i.AbstractJavaProjectConfigurator - Adding resource folder /leave-service/src/main/resources
2026-02-11 11:31:41,754 [Worker-57: Importing Maven projects] INFO  o.e.m.j.i.AbstractJavaProjectConfigurator - Adding resource folder /leave-service/src/main/resources
2026-02-11 11:31:41,791 [Worker-57: Importing Maven projects] INFO  o.e.m.j.i.AbstractJavaProjectConfigurator - Adding source folder /leave-service/src/test/java
2026-02-11 11:31:43,007 [Worker-57: Importing Maven projects] INFO  o.e.m.c.i.p.ProjectConfigurationManager - Imported and configured 1 project(s) in 27 sec
2026-02-11 11:31:43,387 [Worker-60: Building] INFO  o.a.m.s.f.DefaultMavenResourcesFiltering - Copying 0 resource from src\main\resources to target\classes
2026-02-11 11:31:43,388 [Worker-60: Building] INFO  o.a.m.s.f.DefaultMavenResourcesFiltering - Copying 0 resource from src\main\resources to target\classes
2026-02-11 11:31:43,475 [Worker-60: Building] INFO  o.a.m.s.f.DefaultMavenResourcesFiltering - skip non existing resourceDirectory C:\Users\Expert\Desktop\Spring REST API with Advance features\EmployeeService\src\test\resources
2026-02-11 11:31:43,511 [Worker-49: Download sources and javadoc] INFO  o.e.m.c.i.e.AbstractTransferListenerAdapter - Downloaded https://repo.maven.apache.org/maven2/org/springframework/cloud/spring-cloud-starter-openfeign/5.0.0/spring-cloud-starter-openfeign-5.0.0-sources.jar
2026-02-11 11:31:43,520 [Worker-49: Download sources and javadoc] ERROR o.e.m.j.internal.DownloadSourcesJob - Could not download sources for org.springframework.cloud:spring-cloud-starter-openfeign:5.0.0
org.eclipse.core.runtime.CoreException: Could not resolve artifact org.springframework.cloud:spring-cloud-starter-openfeign:jar:sources:5.0.0
	at org.eclipse.m2e.core.internal.embedder.MavenImpl.lambda$6(MavenImpl.java:608) ~[na:na]
	at org.eclipse.m2e.core.internal.embedder.MavenExecutionContext.executeBare(MavenExecutionContext.java:350) ~[na:na]
	at org.eclipse.m2e.core.internal.embedder.MavenExecutionContext.execute(MavenExecutionContext.java:219) ~[na:na]
	at org.eclipse.m2e.core.internal.embedder.MavenExecutionContext.execute(MavenExecutionContext.java:205) ~[na:na]
	at org.eclipse.m2e.core.internal.embedder.MavenImpl.resolve(MavenImpl.java:577) ~[na:na]
	at org.eclipse.m2e.core.internal.embedder.MavenImpl.resolve(MavenImpl.java:562) ~[na:na]
	at org.eclipse.m2e.jdt.internal.DownloadSourcesJob.download(DownloadSourcesJob.java:308) ~[na:na]
	at org.eclipse.m2e.jdt.internal.DownloadSourcesJob.downloadAttachments(DownloadSourcesJob.java:282) ~[na:na]
	at org.eclipse.m2e.jdt.internal.DownloadSourcesJob.downloadMaven(DownloadSourcesJob.java:252) ~[na:na]
	at org.eclipse.m2e.jdt.internal.DownloadSourcesJob.downloadFilesAndPopulateToUpdate(DownloadSourcesJob.java:220) ~[na:na]
	at org.eclipse.m2e.jdt.internal.DownloadSourcesJob.lambda$0(DownloadSourcesJob.java:149) ~[na:na]
	at org.eclipse.m2e.core.internal.embedder.MavenExecutionContext.executeBare(MavenExecutionContext.java:350) ~[na:na]
	at org.eclipse.m2e.core.internal.embedder.MavenExecutionContext.execute(MavenExecutionContext.java:262) ~[na:na]
	at org.eclipse.m2e.core.internal.embedder.MavenExecutionContext.execute(MavenExecutionContext.java:205) ~[na:na]
	at org.eclipse.m2e.core.embedder.IMaven.execute(IMaven.java:270) ~[na:na]
	at org.eclipse.m2e.jdt.internal.DownloadSourcesJob.run(DownloadSourcesJob.java:149) ~[na:na]
	at org.eclipse.core.internal.jobs.Worker.run(Worker.java:63) ~[org.eclipse.core.jobs_3.13.100.v20220817-1539.jar:na]
2026-02-11 11:31:43,668 [Worker-60: Building] INFO  o.a.m.s.f.DefaultMavenResourcesFiltering - Copying 1 resource from src\main\resources to target\classes
2026-02-11 11:31:43,695 [Worker-60: Building] INFO  o.a.m.s.f.DefaultMavenResourcesFiltering - Copying 0 resource from src\main\resources to target\classes
2026-02-11 11:31:43,699 [Worker-60: Building] INFO  o.a.m.s.f.DefaultMavenResourcesFiltering - skip non existing resourceDirectory C:\Users\Expert\Desktop\Spring REST API with Advance features\leave-service\src\test\resources
2026-02-11 11:31:43,917 [Worker-49: Download sources and javadoc] INFO  o.e.m.c.i.e.AbstractTransferListenerAdapter - Downloaded https://repo.maven.apache.org/maven2/org/springframework/cloud/spring-cloud-starter/5.0.0/spring-cloud-starter-5.0.0-sources.jar
2026-02-11 11:31:43,926 [Worker-49: Download sources and javadoc] ERROR o.e.m.j.internal.DownloadSourcesJob - Could not download sources for org.springframework.cloud:spring-cloud-starter:5.0.0
org.eclipse.core.runtime.CoreException: Could not resolve artifact org.springframework.cloud:spring-cloud-starter:jar:sources:5.0.0
	at org.eclipse.m2e.core.internal.embedder.MavenImpl.lambda$6(MavenImpl.java:608) ~[na:na]
	at org.eclipse.m2e.core.internal.embedder.MavenExecutionContext.executeBare(MavenExecutionContext.java:350) ~[na:na]
	at org.eclipse.m2e.core.internal.embedder.MavenExecutionContext.execute(MavenExecutionContext.java:219) ~[na:na]
	at org.eclipse.m2e.core.internal.embedder.MavenExecutionContext.execute(MavenExecutionContext.java:205) ~[na:na]
	at org.eclipse.m2e.core.internal.embedder.MavenImpl.resolve(MavenImpl.java:577) ~[na:na]
	at org.eclipse.m2e.core.internal.embedder.MavenImpl.resolve(MavenImpl.java:562) ~[na:na]
	at org.eclipse.m2e.jdt.internal.DownloadSourcesJob.download(DownloadSourcesJob.java:308) ~[na:na]
	at org.eclipse.m2e.jdt.internal.DownloadSourcesJob.downloadAttachments(DownloadSourcesJob.java:282) ~[na:na]
	at org.eclipse.m2e.jdt.internal.DownloadSourcesJob.downloadMaven(DownloadSourcesJob.java:252) ~[na:na]
	at org.eclipse.m2e.jdt.internal.DownloadSourcesJob.downloadFilesAndPopulateToUpdate(DownloadSourcesJob.java:220) ~[na:na]
	at org.eclipse.m2e.jdt.internal.DownloadSourcesJob.lambda$0(DownloadSourcesJob.java:149) ~[na:na]
	at org.eclipse.m2e.core.internal.embedder.MavenExecutionContext.executeBare(MavenExecutionContext.java:350) ~[na:na]
	at org.eclipse.m2e.core.internal.embedder.MavenExecutionContext.execute(MavenExecutionContext.java:262) ~[na:na]
	at org.eclipse.m2e.core.internal.embedder.MavenExecutionContext.execute(MavenExecutionContext.java:205) ~[na:na]
	at org.eclipse.m2e.core.embedder.IMaven.execute(IMaven.java:270) ~[na:na]
	at org.eclipse.m2e.jdt.internal.DownloadSourcesJob.run(DownloadSourcesJob.java:149) ~[na:na]
	at org.eclipse.core.internal.jobs.Worker.run(Worker.java:63) ~[org.eclipse.core.jobs_3.13.100.v20220817-1539.jar:na]
2026-02-11 11:31:44,346 [Worker-49: Download sources and javadoc] INFO  o.e.m.c.i.e.AbstractTransferListenerAdapter - Downloading https://repo.maven.apache.org/maven2/org/springframework/cloud/spring-cloud-context/5.0.0/spring-cloud-context-5.0.0-sources.jar
2026-02-11 11:31:44,633 [Worker-49: Download sources and javadoc] INFO  o.e.m.c.i.e.AbstractTransferListenerAdapter - Downloaded https://repo.maven.apache.org/maven2/org/springframework/cloud/spring-cloud-context/5.0.0/spring-cloud-context-5.0.0-sources.jar
2026-02-11 11:31:44,642 [Worker-49: Download sources and javadoc] INFO  o.e.m.j.internal.DownloadSourcesJob - Downloaded sources for org.springframework.cloud:spring-cloud-context:5.0.0
2026-02-11 11:31:44,955 [Worker-49: Download sources and javadoc] INFO  o.e.m.c.i.e.AbstractTransferListenerAdapter - Downloading https://repo.maven.apache.org/maven2/org/bouncycastle/bcprov-jdk18on/1.81/bcprov-jdk18on-1.81-sources.jar
2026-02-11 11:31:47,188 [Worker-49: Download sources and javadoc] INFO  o.e.m.c.i.e.AbstractTransferListenerAdapter - Downloaded https://repo.maven.apache.org/maven2/org/bouncycastle/bcprov-jdk18on/1.81/bcprov-jdk18on-1.81-sources.jar
2026-02-11 11:31:47,193 [Worker-49: Download sources and javadoc] INFO  o.e.m.j.internal.DownloadSourcesJob - Downloaded sources for org.bouncycastle:bcprov-jdk18on:1.81
2026-02-11 11:31:47,482 [Worker-49: Download sources and javadoc] INFO  o.e.m.c.i.e.AbstractTransferListenerAdapter - Downloading https://repo.maven.apache.org/maven2/org/springframework/cloud/spring-cloud-openfeign-core/5.0.0/spring-cloud-openfeign-core-5.0.0-sources.jar
2026-02-11 11:31:47,758 [Worker-49: Download sources and javadoc] INFO  o.e.m.c.i.e.AbstractTransferListenerAdapter - Downloaded https://repo.maven.apache.org/maven2/org/springframework/cloud/spring-cloud-openfeign-core/5.0.0/spring-cloud-openfeign-core-5.0.0-sources.jar
2026-02-11 11:31:47,763 [Worker-49: Download sources and javadoc] INFO  o.e.m.j.internal.DownloadSourcesJob - Downloaded sources for org.springframework.cloud:spring-cloud-openfeign-core:5.0.0
2026-02-11 11:31:48,201 [Worker-49: Download sources and javadoc] INFO  o.e.m.c.i.e.AbstractTransferListenerAdapter - Downloading https://repo.maven.apache.org/maven2/io/github/openfeign/feign-form-spring/13.6/feign-form-spring-13.6-sources.jar
2026-02-11 11:31:48,538 [Worker-49: Download sources and javadoc] INFO  o.e.m.c.i.e.AbstractTransferListenerAdapter - Downloaded https://repo.maven.apache.org/maven2/io/github/openfeign/feign-form-spring/13.6/feign-form-spring-13.6-sources.jar
2026-02-11 11:31:48,546 [Worker-49: Download sources and javadoc] INFO  o.e.m.j.internal.DownloadSourcesJob - Downloaded sources for io.github.openfeign:feign-form-spring:13.6
2026-02-11 11:31:48,957 [Worker-49: Download sources and javadoc] INFO  o.e.m.c.i.e.AbstractTransferListenerAdapter - Downloading https://repo.maven.apache.org/maven2/org/apache/commons/commons-text/1.13.0/commons-text-1.13.0-sources.jar
2026-02-11 11:31:49,395 [Worker-49: Download sources and javadoc] INFO  o.e.m.c.i.e.AbstractTransferListenerAdapter - Downloaded https://repo.maven.apache.org/maven2/org/apache/commons/commons-text/1.13.0/commons-text-1.13.0-sources.jar
2026-02-11 11:31:49,398 [Worker-49: Download sources and javadoc] INFO  o.e.m.j.internal.DownloadSourcesJob - Downloaded sources for org.apache.commons:commons-text:1.13.0
2026-02-11 11:31:49,687 [Worker-49: Download sources and javadoc] INFO  o.e.m.c.i.e.AbstractTransferListenerAdapter - Downloading https://repo.maven.apache.org/maven2/org/apache/commons/commons-lang3/3.19.0/commons-lang3-3.19.0-sources.jar
2026-02-11 11:31:50,692 [Worker-49: Download sources and javadoc] INFO  o.e.m.c.i.e.AbstractTransferListenerAdapter - Downloaded https://repo.maven.apache.org/maven2/org/apache/commons/commons-lang3/3.19.0/commons-lang3-3.19.0-sources.jar
2026-02-11 11:31:50,697 [Worker-49: Download sources and javadoc] INFO  o.e.m.j.internal.DownloadSourcesJob - Downloaded sources for org.apache.commons:commons-lang3:3.19.0
2026-02-11 11:31:51,003 [Worker-49: Download sources and javadoc] INFO  o.e.m.c.i.e.AbstractTransferListenerAdapter - Downloading https://repo.maven.apache.org/maven2/io/github/openfeign/feign-form/13.6/feign-form-13.6-sources.jar
2026-02-11 11:31:51,579 [Worker-49: Download sources and javadoc] INFO  o.e.m.c.i.e.AbstractTransferListenerAdapter - Downloaded https://repo.maven.apache.org/maven2/io/github/openfeign/feign-form/13.6/feign-form-13.6-sources.jar
2026-02-11 11:31:51,583 [Worker-49: Download sources and javadoc] INFO  o.e.m.j.internal.DownloadSourcesJob - Downloaded sources for io.github.openfeign:feign-form:13.6
2026-02-11 11:31:51,923 [Worker-49: Download sources and javadoc] INFO  o.e.m.c.i.e.AbstractTransferListenerAdapter - Downloading https://repo.maven.apache.org/maven2/commons-fileupload/commons-fileupload/1.5/commons-fileupload-1.5-sources.jar
2026-02-11 11:31:52,145 [Worker-49: Download sources and javadoc] INFO  o.e.m.c.i.e.AbstractTransferListenerAdapter - Downloaded https://repo.maven.apache.org/maven2/commons-fileupload/commons-fileupload/1.5/commons-fileupload-1.5-sources.jar
2026-02-11 11:31:52,150 [Worker-49: Download sources and javadoc] INFO  o.e.m.j.internal.DownloadSourcesJob - Downloaded sources for commons-fileupload:commons-fileupload:1.5
2026-02-11 11:31:52,436 [Worker-49: Download sources and javadoc] INFO  o.e.m.c.i.e.AbstractTransferListenerAdapter - Downloading https://repo.maven.apache.org/maven2/org/springframework/cloud/spring-cloud-commons/5.0.0/spring-cloud-commons-5.0.0-sources.jar
2026-02-11 11:31:52,731 [Worker-49: Download sources and javadoc] INFO  o.e.m.c.i.e.AbstractTransferListenerAdapter - Downloaded https://repo.maven.apache.org/maven2/org/springframework/cloud/spring-cloud-commons/5.0.0/spring-cloud-commons-5.0.0-sources.jar
2026-02-11 11:31:52,736 [Worker-49: Download sources and javadoc] INFO  o.e.m.j.internal.DownloadSourcesJob - Downloaded sources for org.springframework.cloud:spring-cloud-commons:5.0.0
2026-02-11 11:31:53,042 [Worker-49: Download sources and javadoc] INFO  o.e.m.c.i.e.AbstractTransferListenerAdapter - Downloading https://repo.maven.apache.org/maven2/org/springframework/security/spring-security-crypto/7.0.2/spring-security-crypto-7.0.2-sources.jar
2026-02-11 11:31:53,269 [Worker-49: Download sources and javadoc] INFO  o.e.m.c.i.e.AbstractTransferListenerAdapter - Downloaded https://repo.maven.apache.org/maven2/org/springframework/security/spring-security-crypto/7.0.2/spring-security-crypto-7.0.2-sources.jar
2026-02-11 11:31:53,281 [Worker-49: Download sources and javadoc] INFO  o.e.m.j.internal.DownloadSourcesJob - Downloaded sources for org.springframework.security:spring-security-crypto:7.0.2
2026-02-11 11:31:53,548 [Worker-49: Download sources and javadoc] INFO  o.e.m.c.i.e.AbstractTransferListenerAdapter - Downloading https://repo.maven.apache.org/maven2/io/github/openfeign/feign-core/13.6/feign-core-13.6-sources.jar
2026-02-11 11:31:53,807 [Worker-49: Download sources and javadoc] INFO  o.e.m.c.i.e.AbstractTransferListenerAdapter - Downloaded https://repo.maven.apache.org/maven2/io/github/openfeign/feign-core/13.6/feign-core-13.6-sources.jar
2026-02-11 11:31:53,815 [Worker-49: Download sources and javadoc] INFO  o.e.m.j.internal.DownloadSourcesJob - Downloaded sources for io.github.openfeign:feign-core:13.6
2026-02-11 11:31:54,093 [Worker-49: Download sources and javadoc] INFO  o.e.m.c.i.e.AbstractTransferListenerAdapter - Downloading https://repo.maven.apache.org/maven2/io/github/openfeign/feign-slf4j/13.6/feign-slf4j-13.6-sources.jar
2026-02-11 11:31:54,306 [Worker-49: Download sources and javadoc] INFO  o.e.m.c.i.e.AbstractTransferListenerAdapter - Downloaded https://repo.maven.apache.org/maven2/io/github/openfeign/feign-slf4j/13.6/feign-slf4j-13.6-sources.jar
2026-02-11 11:31:54,311 [Worker-49: Download sources and javadoc] INFO  o.e.m.j.internal.DownloadSourcesJob - Downloaded sources for io.github.openfeign:feign-slf4j:13.6
2026-02-11 11:31:54,891 [Worker-64: Building] INFO  o.a.m.s.f.DefaultMavenResourcesFiltering - Copying 0 resource from src\main\resources to target\classes
2026-02-11 11:31:54,892 [Worker-64: Building] INFO  o.a.m.s.f.DefaultMavenResourcesFiltering - Copying 0 resource from src\main\resources to target\classes
2026-02-11 11:31:54,895 [Worker-64: Building] INFO  o.a.m.s.f.DefaultMavenResourcesFiltering - skip non existing resourceDirectory C:\Users\Expert\Desktop\Spring REST API with Advance features\leave-service\src\test\resources
2026-02-11 15:24:41,471 [Worker-2: Loading available Gradle versions] INFO  o.e.b.c.i.u.g.PublishedGradleVersions - Gradle version information cache is out-of-date. Trying to update.
2026-02-11 15:25:22,865 [Worker-10: Building] INFO  o.a.m.s.f.DefaultMavenResourcesFiltering - Copying 1 resource from src\main\resources to target\classes
2026-02-11 15:25:22,935 [Worker-10: Building] INFO  o.a.m.s.f.DefaultMavenResourcesFiltering - Copying 0 resource from src\main\resources to target\classes
2026-02-11 15:25:22,940 [Worker-10: Building] INFO  o.a.m.s.f.DefaultMavenResourcesFiltering - skip non existing resourceDirectory C:\Users\Expert\Desktop\Spring REST API with Advance features\EmployeeService\src\test\resources
2026-02-11 15:25:32,529 [Worker-10: Building] INFO  o.a.m.s.f.DefaultMavenResourcesFiltering - Copying 1 resource from src\main\resources to target\classes
2026-02-11 15:25:32,532 [Worker-10: Building] INFO  o.a.m.s.f.DefaultMavenResourcesFiltering - Copying 0 resource from src\main\resources to target\classes
2026-02-11 15:25:32,536 [Worker-10: Building] INFO  o.a.m.s.f.DefaultMavenResourcesFiltering - skip non existing resourceDirectory C:\Users\Expert\Desktop\Spring REST API with Advance features\leave-service\src\test\resources
2026-02-11 15:28:27,695 [Worker-22: Building] INFO  o.a.m.s.f.DefaultMavenResourcesFiltering - Copying 0 resource from src\main\resources to target\classes
2026-02-11 15:28:27,699 [Worker-22: Building] INFO  o.a.m.s.f.DefaultMavenResourcesFiltering - Copying 0 resource from src\main\resources to target\classes
2026-02-11 15:28:27,703 [Worker-22: Building] INFO  o.a.m.s.f.DefaultMavenResourcesFiltering - skip non existing resourceDirectory C:\Users\Expert\Desktop\Spring REST API with Advance features\EmployeeService\src\test\resources
2026-02-11 15:31:58,995 [Worker-24: Building] INFO  o.a.m.s.f.DefaultMavenResourcesFiltering - Copying 1 resource from src\main\resources to target\classes
2026-02-11 15:31:59,010 [Worker-24: Building] INFO  o.a.m.s.f.DefaultMavenResourcesFiltering - Copying 0 resource from src\main\resources to target\classes
2026-02-11 15:31:59,016 [Worker-24: Building] INFO  o.a.m.s.f.DefaultMavenResourcesFiltering - skip non existing resourceDirectory C:\Users\Expert\Desktop\Spring REST API with Advance features\leave-service\src\test\resources
2026-02-11 15:32:56,533 [Worker-22: Building] INFO  o.a.m.s.f.DefaultMavenResourcesFiltering - Copying 1 resource from src\main\resources to target\classes
2026-02-11 15:32:56,550 [Worker-22: Building] INFO  o.a.m.s.f.DefaultMavenResourcesFiltering - Copying 0 resource from src\main\resources to target\classes
2026-02-11 15:32:56,558 [Worker-22: Building] INFO  o.a.m.s.f.DefaultMavenResourcesFiltering - skip non existing resourceDirectory C:\Users\Expert\Desktop\Spring REST API with Advance features\leave-service\src\test\resources
2026-02-11 15:33:47,288 [Worker-8: Building] INFO  o.a.m.s.f.DefaultMavenResourcesFiltering - Copying 1 resource from src\main\resources to target\classes
2026-02-11 15:33:47,299 [Worker-8: Building] INFO  o.a.m.s.f.DefaultMavenResourcesFiltering - Copying 0 resource from src\main\resources to target\classes
2026-02-11 15:33:47,306 [Worker-8: Building] INFO  o.a.m.s.f.DefaultMavenResourcesFiltering - skip non existing resourceDirectory C:\Users\Expert\Desktop\Spring REST API with Advance features\leave-service\src\test\resources
2026-02-11 15:35:09,459 [Worker-25: Building] INFO  o.a.m.s.f.DefaultMavenResourcesFiltering - Copying 1 resource from src\main\resources to target\classes
2026-02-11 15:35:09,470 [Worker-25: Building] INFO  o.a.m.s.f.DefaultMavenResourcesFiltering - Copying 0 resource from src\main\resources to target\classes
2026-02-11 15:35:09,477 [Worker-25: Building] INFO  o.a.m.s.f.DefaultMavenResourcesFiltering - skip non existing resourceDirectory C:\Users\Expert\Desktop\Spring REST API with Advance features\leave-service\src\test\resources
2026-02-11 15:36:38,424 [Worker-23: Building] INFO  o.e.m.c.i.l.LifecycleMappingFactory - Using org.eclipse.m2e.jdt.JarLifecycleMapping lifecycle mapping for MavenProject: com.infy:leave-service:0.0.1-SNAPSHOT @ C:\Users\Expert\Desktop\Spring REST API with Advance features\leave-service\pom.xml.
2026-02-11 15:36:39,251 [Worker-23: Building] INFO  o.a.m.s.f.DefaultMavenResourcesFiltering - Copying 1 resource from src\main\resources to target\classes
2026-02-11 15:36:39,260 [Worker-23: Building] INFO  o.a.m.s.f.DefaultMavenResourcesFiltering - Copying 0 resource from src\main\resources to target\classes
2026-02-11 15:36:39,264 [Worker-23: Building] INFO  o.a.m.s.f.DefaultMavenResourcesFiltering - skip non existing resourceDirectory C:\Users\Expert\Desktop\Spring REST API with Advance features\leave-service\src\test\resources
2026-02-11 15:36:40,666 [Worker-28: Building] INFO  o.a.m.s.f.DefaultMavenResourcesFiltering - Copying 1 resource from src\main\resources to target\classes
2026-02-11 15:36:40,669 [Worker-28: Building] INFO  o.a.m.s.f.DefaultMavenResourcesFiltering - Copying 0 resource from src\main\resources to target\classes
2026-02-11 15:36:40,673 [Worker-28: Building] INFO  o.a.m.s.f.DefaultMavenResourcesFiltering - skip non existing resourceDirectory C:\Users\Expert\Desktop\Spring REST API with Advance features\leave-service\src\test\resources
2026-02-11 15:36:41,002 [Worker-24: Download sources and javadoc] INFO  o.e.m.c.i.e.AbstractTransferListenerAdapter - Downloading https://repo.maven.apache.org/maven2/org/springframework/boot/spring-boot-starter-web/4.0.2/spring-boot-starter-web-4.0.2-sources.jar
2026-02-11 15:36:41,162 [Worker-24: Download sources and javadoc] INFO  o.e.m.c.i.e.AbstractTransferListenerAdapter - Downloaded https://repo.maven.apache.org/maven2/org/springframework/boot/spring-boot-starter-web/4.0.2/spring-boot-starter-web-4.0.2-sources.jar
2026-02-11 15:36:41,166 [Worker-24: Download sources and javadoc] INFO  o.e.m.j.internal.DownloadSourcesJob - Downloaded sources for org.springframework.boot:spring-boot-starter-web:4.0.2
2026-02-11 15:36:41,464 [Worker-24: Download sources and javadoc] INFO  o.e.m.c.i.e.AbstractTransferListenerAdapter - Downloading https://repo.maven.apache.org/maven2/org/projectlombok/lombok/1.18.42/lombok-1.18.42-sources.jar
2026-02-11 15:36:42,008 [Worker-24: Download sources and javadoc] INFO  o.e.m.c.i.e.AbstractTransferListenerAdapter - Downloaded https://repo.maven.apache.org/maven2/org/projectlombok/lombok/1.18.42/lombok-1.18.42-sources.jar
2026-02-11 15:36:42,012 [Worker-24: Download sources and javadoc] INFO  o.e.m.j.internal.DownloadSourcesJob - Downloaded sources for org.projectlombok:lombok:1.18.42
2026-02-11 15:36:42,360 [Worker-23: Building] INFO  o.a.m.s.f.DefaultMavenResourcesFiltering - Copying 0 resource from src\main\resources to target\classes
2026-02-11 15:36:42,361 [Worker-23: Building] INFO  o.a.m.s.f.DefaultMavenResourcesFiltering - Copying 0 resource from src\main\resources to target\classes
2026-02-11 15:36:42,364 [Worker-23: Building] INFO  o.a.m.s.f.DefaultMavenResourcesFiltering - skip non existing resourceDirectory C:\Users\Expert\Desktop\Spring REST API with Advance features\leave-service\src\test\resources
2026-02-11 15:37:20,494 [Worker-25: Building] INFO  o.a.m.s.f.DefaultMavenResourcesFiltering - Copying 1 resource from src\main\resources to target\classes
2026-02-11 15:37:20,502 [Worker-25: Building] INFO  o.a.m.s.f.DefaultMavenResourcesFiltering - Copying 0 resource from src\main\resources to target\classes
2026-02-11 15:37:20,507 [Worker-25: Building] INFO  o.a.m.s.f.DefaultMavenResourcesFiltering - skip non existing resourceDirectory C:\Users\Expert\Desktop\Spring REST API with Advance features\leave-service\src\test\resources
2026-02-11 15:38:04,776 [Worker-23: Building] INFO  o.a.m.s.f.DefaultMavenResourcesFiltering - Copying 1 resource from src\main\resources to target\classes
2026-02-11 15:38:04,788 [Worker-23: Building] INFO  o.a.m.s.f.DefaultMavenResourcesFiltering - Copying 0 resource from src\main\resources to target\classes
2026-02-11 15:38:04,793 [Worker-23: Building] INFO  o.a.m.s.f.DefaultMavenResourcesFiltering - skip non existing resourceDirectory C:\Users\Expert\Desktop\Spring REST API with Advance features\leave-service\src\test\resources
2026-02-11 15:39:18,215 [Worker-26: Building] INFO  o.a.m.s.f.DefaultMavenResourcesFiltering - Copying 1 resource from src\main\resources to target\classes
2026-02-11 15:39:18,235 [Worker-26: Building] INFO  o.a.m.s.f.DefaultMavenResourcesFiltering - Copying 0 resource from src\main\resources to target\classes
2026-02-11 15:39:18,241 [Worker-26: Building] INFO  o.a.m.s.f.DefaultMavenResourcesFiltering - skip non existing resourceDirectory C:\Users\Expert\Desktop\Spring REST API with Advance features\leave-service\src\test\resources
2026-02-11 15:40:47,457 [Worker-27: Launching LeaveServiceApplication] INFO  o.a.m.s.f.DefaultMavenResourcesFiltering - Copying 1 resource from src\main\resources to target\classes
2026-02-11 15:40:47,469 [Worker-27: Launching LeaveServiceApplication] INFO  o.a.m.s.f.DefaultMavenResourcesFiltering - Copying 0 resource from src\main\resources to target\classes
2026-02-11 15:40:47,472 [Worker-27: Launching LeaveServiceApplication] INFO  o.a.m.s.f.DefaultMavenResourcesFiltering - skip non existing resourceDirectory C:\Users\Expert\Desktop\Spring REST API with Advance features\leave-service\src\test\resources
2026-02-11 17:18:52,006 [Worker-33: Building] INFO  o.e.m.c.i.l.LifecycleMappingFactory - Using org.eclipse.m2e.jdt.JarLifecycleMapping lifecycle mapping for MavenProject: com.infy.ems:demo:0.0.1-SNAPSHOT @ C:\Users\Expert\Desktop\Spring REST API with Advance features\EmployeeService\pom.xml.
2026-02-11 17:19:11,897 [Worker-23: Building] INFO  o.e.m.c.i.l.LifecycleMappingFactory - Using org.eclipse.m2e.jdt.JarLifecycleMapping lifecycle mapping for MavenProject: com.infy.ems:demo:0.0.1-SNAPSHOT @ C:\Users\Expert\Desktop\Spring REST API with Advance features\EmployeeService\pom.xml.
2026-02-11 17:19:12,716 [Worker-23: Building] INFO  o.a.m.s.f.DefaultMavenResourcesFiltering - Copying 0 resource from src\main\resources to target\classes
2026-02-11 17:19:12,717 [Worker-23: Building] INFO  o.a.m.s.f.DefaultMavenResourcesFiltering - Copying 0 resource from src\main\resources to target\classes
2026-02-11 17:19:12,727 [Worker-23: Building] INFO  o.a.m.s.f.DefaultMavenResourcesFiltering - skip non existing resourceDirectory C:\Users\Expert\Desktop\Spring REST API with Advance features\EmployeeService\src\test\resources
2026-02-11 17:19:12,890 [Worker-34: Building] INFO  o.a.m.s.f.DefaultMavenResourcesFiltering - Copying 0 resource from src\main\resources to target\classes
2026-02-11 17:19:12,891 [Worker-34: Building] INFO  o.a.m.s.f.DefaultMavenResourcesFiltering - Copying 0 resource from src\main\resources to target\classes
2026-02-11 17:19:12,894 [Worker-34: Building] INFO  o.a.m.s.f.DefaultMavenResourcesFiltering - skip non existing resourceDirectory C:\Users\Expert\Desktop\Spring REST API with Advance features\EmployeeService\src\test\resources
2026-02-11 17:19:28,939 [Worker-33: Building] INFO  o.e.m.c.i.l.LifecycleMappingFactory - Using org.eclipse.m2e.jdt.JarLifecycleMapping lifecycle mapping for MavenProject: com.infy.ems:demo:0.0.1-SNAPSHOT @ C:\Users\Expert\Desktop\Spring REST API with Advance features\EmployeeService\pom.xml.
2026-02-11 17:20:29,612 [Worker-33: Building] ERROR o.e.m.c.i.p.r.ProjectRegistryManager - Could not read pom.xml
org.eclipse.core.runtime.CoreException: Could not read pom.xml
	at org.eclipse.m2e.core.internal.IMavenToolbox.readModel(IMavenToolbox.java:134) ~[na:na]
	at org.eclipse.m2e.core.internal.project.registry.ProjectRegistryManager.refreshPhase2(ProjectRegistryManager.java:571) ~[na:na]
	at org.eclipse.m2e.core.internal.project.registry.ProjectRegistryManager.refresh(ProjectRegistryManager.java:525) ~[na:na]
	at org.eclipse.m2e.core.internal.project.registry.ProjectRegistryManager.refresh(ProjectRegistryManager.java:367) ~[na:na]
	at org.eclipse.m2e.core.internal.project.registry.ProjectRegistryManager.refresh(ProjectRegistryManager.java:321) ~[na:na]
	at org.eclipse.m2e.core.internal.builder.MavenBuilder$BuildMethod.getProjectFacade(MavenBuilder.java:150) ~[na:na]
	at org.eclipse.m2e.core.internal.builder.MavenBuilder$BuildMethod.lambda$0(MavenBuilder.java:88) ~[na:na]
	at org.eclipse.m2e.core.internal.embedder.MavenExecutionContext.executeBare(MavenExecutionContext.java:350) ~[na:na]
	at org.eclipse.m2e.core.internal.embedder.MavenExecutionContext.execute(MavenExecutionContext.java:262) ~[na:na]
	at org.eclipse.m2e.core.internal.embedder.MavenExecutionContext.execute(MavenExecutionContext.java:205) ~[na:na]
	at org.eclipse.m2e.core.internal.builder.MavenBuilder$BuildMethod.execute(MavenBuilder.java:87) ~[na:na]
	at org.eclipse.m2e.core.internal.builder.MavenBuilder.build(MavenBuilder.java:197) ~[na:na]
	at org.eclipse.core.internal.events.BuildManager$2.run(BuildManager.java:1024) ~[na:na]
	at org.eclipse.core.runtime.SafeRunner.run(SafeRunner.java:45) ~[org.eclipse.equinox.common_3.16.200.v20220817-1601.jar:na]
	at org.eclipse.core.internal.events.BuildManager.basicBuild(BuildManager.java:254) ~[na:na]
	at org.eclipse.core.internal.events.BuildManager.basicBuild(BuildManager.java:311) ~[na:na]
	at org.eclipse.core.internal.events.BuildManager$1.run(BuildManager.java:400) ~[na:na]
	at org.eclipse.core.runtime.SafeRunner.run(SafeRunner.java:45) ~[org.eclipse.equinox.common_3.16.200.v20220817-1601.jar:na]
	at org.eclipse.core.internal.events.BuildManager.basicBuild(BuildManager.java:403) ~[na:na]
	at org.eclipse.core.internal.events.BuildManager.basicBuildLoop(BuildManager.java:514) ~[na:na]
	at org.eclipse.core.internal.events.BuildManager.basicBuildLoop(BuildManager.java:462) ~[na:na]
	at org.eclipse.core.internal.events.BuildManager.build(BuildManager.java:544) ~[na:na]
	at org.eclipse.core.internal.events.AutoBuildJob.doBuild(AutoBuildJob.java:161) ~[na:na]
	at org.eclipse.core.internal.events.AutoBuildJob.run(AutoBuildJob.java:255) ~[na:na]
	at org.eclipse.core.internal.jobs.Worker.run(Worker.java:63) ~[org.eclipse.core.jobs_3.13.100.v20220817-1539.jar:na]
Caused by: org.apache.maven.model.io.ModelParseException: TEXT must be immediately followed by END_TAG and not START_TAG (position: START_TAG seen ...<properties>\n    <spring-cloud.version>... @32:27) 
	at org.apache.maven.model.io.DefaultModelReader.read(DefaultModelReader.java:117) ~[na:na]
	at org.apache.maven.model.io.DefaultModelReader.read(DefaultModelReader.java:85) ~[na:na]
	at org.eclipse.m2e.core.internal.IMavenToolbox.readModel(IMavenToolbox.java:132) ~[na:na]
	... 24 common frames omitted
Caused by: org.codehaus.plexus.util.xml.pull.XmlPullParserException: TEXT must be immediately followed by END_TAG and not START_TAG (position: START_TAG seen ...<properties>\n    <spring-cloud.version>... @32:27) 
	at org.codehaus.plexus.util.xml.pull.MXParser.nextText(MXParser.java:1285) ~[na:na]
	at org.apache.maven.model.io.xpp3.MavenXpp3Reader.parseModel(MavenXpp3Reader.java:2223) ~[na:na]
	at org.apache.maven.model.io.xpp3.MavenXpp3Reader.read(MavenXpp3Reader.java:3872) ~[na:na]
	at org.apache.maven.model.io.xpp3.MavenXpp3Reader.read(MavenXpp3Reader.java:595) ~[na:na]
	at org.apache.maven.model.io.DefaultModelReader.read(DefaultModelReader.java:112) ~[na:na]
	... 26 common frames omitted
2026-02-11 17:20:30,928 [Worker-30: Building] ERROR o.e.m.c.i.p.r.ProjectRegistryManager - Could not read pom.xml
org.eclipse.core.runtime.CoreException: Could not read pom.xml
	at org.eclipse.m2e.core.internal.IMavenToolbox.readModel(IMavenToolbox.java:134) ~[na:na]
	at org.eclipse.m2e.core.internal.project.registry.ProjectRegistryManager.refreshPhase2(ProjectRegistryManager.java:571) ~[na:na]
	at org.eclipse.m2e.core.internal.project.registry.ProjectRegistryManager.refresh(ProjectRegistryManager.java:525) ~[na:na]
	at org.eclipse.m2e.core.internal.project.registry.ProjectRegistryManager.refresh(ProjectRegistryManager.java:367) ~[na:na]
	at org.eclipse.m2e.core.internal.project.registry.ProjectRegistryManager.refresh(ProjectRegistryManager.java:321) ~[na:na]
	at org.eclipse.m2e.core.internal.builder.MavenBuilder$BuildMethod.getProjectFacade(MavenBuilder.java:150) ~[na:na]
	at org.eclipse.m2e.core.internal.builder.MavenBuilder$BuildMethod.lambda$0(MavenBuilder.java:88) ~[na:na]
	at org.eclipse.m2e.core.internal.embedder.MavenExecutionContext.executeBare(MavenExecutionContext.java:350) ~[na:na]
	at org.eclipse.m2e.core.internal.embedder.MavenExecutionContext.execute(MavenExecutionContext.java:262) ~[na:na]
	at org.eclipse.m2e.core.internal.embedder.MavenExecutionContext.execute(MavenExecutionContext.java:205) ~[na:na]
	at org.eclipse.m2e.core.internal.builder.MavenBuilder$BuildMethod.execute(MavenBuilder.java:87) ~[na:na]
	at org.eclipse.m2e.core.internal.builder.MavenBuilder.build(MavenBuilder.java:197) ~[na:na]
	at org.eclipse.core.internal.events.BuildManager$2.run(BuildManager.java:1024) ~[na:na]
	at org.eclipse.core.runtime.SafeRunner.run(SafeRunner.java:45) ~[org.eclipse.equinox.common_3.16.200.v20220817-1601.jar:na]
	at org.eclipse.core.internal.events.BuildManager.basicBuild(BuildManager.java:254) ~[na:na]
	at org.eclipse.core.internal.events.BuildManager.basicBuild(BuildManager.java:311) ~[na:na]
	at org.eclipse.core.internal.events.BuildManager$1.run(BuildManager.java:400) ~[na:na]
	at org.eclipse.core.runtime.SafeRunner.run(SafeRunner.java:45) ~[org.eclipse.equinox.common_3.16.200.v20220817-1601.jar:na]
	at org.eclipse.core.internal.events.BuildManager.basicBuild(BuildManager.java:403) ~[na:na]
	at org.eclipse.core.internal.events.BuildManager.basicBuildLoop(BuildManager.java:514) ~[na:na]
	at org.eclipse.core.internal.events.BuildManager.basicBuildLoop(BuildManager.java:462) ~[na:na]
	at org.eclipse.core.internal.events.BuildManager.build(BuildManager.java:544) ~[na:na]
	at org.eclipse.core.internal.events.AutoBuildJob.doBuild(AutoBuildJob.java:161) ~[na:na]
	at org.eclipse.core.internal.events.AutoBuildJob.run(AutoBuildJob.java:255) ~[na:na]
	at org.eclipse.core.internal.jobs.Worker.run(Worker.java:63) ~[org.eclipse.core.jobs_3.13.100.v20220817-1539.jar:na]
Caused by: org.apache.maven.model.io.ModelParseException: TEXT must be immediately followed by END_TAG and not START_TAG (position: START_TAG seen ...<properties>\n    <spring-cloud.version>... @32:27) 
	at org.apache.maven.model.io.DefaultModelReader.read(DefaultModelReader.java:117) ~[na:na]
	at org.apache.maven.model.io.DefaultModelReader.read(DefaultModelReader.java:85) ~[na:na]
	at org.eclipse.m2e.core.internal.IMavenToolbox.readModel(IMavenToolbox.java:132) ~[na:na]
	... 24 common frames omitted
Caused by: org.codehaus.plexus.util.xml.pull.XmlPullParserException: TEXT must be immediately followed by END_TAG and not START_TAG (position: START_TAG seen ...<properties>\n    <spring-cloud.version>... @32:27) 
	at org.codehaus.plexus.util.xml.pull.MXParser.nextText(MXParser.java:1285) ~[na:na]
	at org.apache.maven.model.io.xpp3.MavenXpp3Reader.parseModel(MavenXpp3Reader.java:2223) ~[na:na]
	at org.apache.maven.model.io.xpp3.MavenXpp3Reader.read(MavenXpp3Reader.java:3872) ~[na:na]
	at org.apache.maven.model.io.xpp3.MavenXpp3Reader.read(MavenXpp3Reader.java:595) ~[na:na]
	at org.apache.maven.model.io.DefaultModelReader.read(DefaultModelReader.java:112) ~[na:na]
	... 26 common frames omitted
2026-02-11 17:20:58,399 [Worker-34: reload maven project] ERROR o.e.m2e.editor.pom.MavenPomEditor - failed to load maven project for org.eclipse.ui.part.FileEditorInput(/EmployeeService/pom.xml)
org.eclipse.core.runtime.CoreException: Could not read maven project
	at org.eclipse.m2e.core.internal.project.registry.ProjectRegistryManager.readProjectWithDependencies(ProjectRegistryManager.java:852) ~[na:na]
	at org.eclipse.m2e.core.internal.project.registry.ProjectRegistryManager.lambda$26(ProjectRegistryManager.java:1037) ~[na:na]
	at java.base/java.util.HashMap.computeIfAbsent(HashMap.java:1220) ~[na:na]
	at java.base/java.util.Collections$SynchronizedMap.computeIfAbsent(Collections.java:2760) ~[na:na]
	at org.eclipse.m2e.core.internal.project.registry.ProjectRegistryManager.lambda$25(ProjectRegistryManager.java:1036) ~[na:na]
	at java.base/java.util.Map.computeIfAbsent(Map.java:1054) ~[na:na]
	at org.eclipse.m2e.core.internal.project.registry.ProjectRegistryManager.getMavenProject(ProjectRegistryManager.java:1036) ~[na:na]
	at org.eclipse.m2e.core.internal.project.registry.MavenProjectFacade.getMavenProject(MavenProjectFacade.java:269) ~[na:na]
	at org.eclipse.m2e.core.ui.internal.actions.SelectionUtil.getMavenProject(SelectionUtil.java:241) ~[org.eclipse.m2e.core.ui_2.0.0.20220726-0935.jar:na]
	at org.eclipse.m2e.editor.pom.MavenPomEditor.readMavenProject(MavenPomEditor.java:709) ~[na:na]
	at org.eclipse.m2e.editor.pom.MavenPomEditor$4.run(MavenPomEditor.java:1029) ~[na:na]
	at org.eclipse.core.internal.jobs.Worker.run(Worker.java:63) ~[org.eclipse.core.jobs_3.13.100.v20220817-1539.jar:na]
2026-02-11 17:20:58,477 [Worker-23: Building] INFO  o.e.m.c.i.l.LifecycleMappingFactory - Using org.eclipse.m2e.jdt.JarLifecycleMapping lifecycle mapping for MavenProject: com.infy.ems:demo:0.0.1-SNAPSHOT @ C:\Users\Expert\Desktop\Spring REST API with Advance features\EmployeeService\pom.xml.
2026-02-11 17:20:58,775 [Worker-23: Building] ERROR o.e.m.c.i.p.ProjectConfigurationManager - Could not read maven project
org.eclipse.core.runtime.CoreException: Could not read maven project
	at org.eclipse.m2e.core.internal.embedder.MavenImpl.lambda$3(MavenImpl.java:433) ~[na:na]
	at org.eclipse.m2e.core.internal.embedder.MavenExecutionContext.executeBare(MavenExecutionContext.java:350) ~[na:na]
	at org.eclipse.m2e.core.internal.embedder.MavenExecutionContext.execute(MavenExecutionContext.java:219) ~[na:na]
	at org.eclipse.m2e.core.internal.embedder.MavenExecutionContext.execute(MavenExecutionContext.java:205) ~[na:na]
	at org.eclipse.m2e.core.internal.embedder.MavenImpl.readProject(MavenImpl.java:424) ~[na:na]
	at org.eclipse.m2e.mavenarchiver.internal.AbstractMavenArchiverConfigurator.lambda$4(AbstractMavenArchiverConfigurator.java:576) ~[na:na]
	at org.eclipse.m2e.core.internal.embedder.MavenExecutionContext.executeBare(MavenExecutionContext.java:350) ~[na:na]
	at org.eclipse.m2e.core.internal.embedder.MavenExecutionContext.execute(MavenExecutionContext.java:262) ~[na:na]
	at org.eclipse.m2e.mavenarchiver.internal.AbstractMavenArchiverConfigurator.loadParentHierarchy(AbstractMavenArchiverConfigurator.java:568) ~[na:na]
	at org.eclipse.m2e.mavenarchiver.internal.AbstractMavenArchiverConfigurator.generateManifest(AbstractMavenArchiverConfigurator.java:364) ~[na:na]
	at org.eclipse.m2e.mavenarchiver.internal.AbstractMavenArchiverConfigurator.mavenProjectChanged(AbstractMavenArchiverConfigurator.java:227) ~[na:na]
	at org.eclipse.m2e.mavenarchiver.internal.AbstractMavenArchiverConfigurator.mavenProjectChanged(AbstractMavenArchiverConfigurator.java:219) ~[na:na]
	at org.eclipse.m2e.core.internal.project.ProjectConfigurationManager.mavenProjectChanged(ProjectConfigurationManager.java:857) ~[na:na]
	at org.eclipse.m2e.core.internal.project.registry.ProjectRegistryManager.notifyProjectChangeListeners(ProjectRegistryManager.java:827) ~[na:na]
	at org.eclipse.m2e.core.internal.project.registry.ProjectRegistryManager.applyMutableProjectRegistry(ProjectRegistryManager.java:982) ~[na:na]
	at org.eclipse.m2e.core.internal.project.registry.ProjectRegistryManager.refresh(ProjectRegistryManager.java:323) ~[na:na]
	at org.eclipse.m2e.core.internal.builder.MavenBuilder$BuildMethod.getProjectFacade(MavenBuilder.java:150) ~[na:na]
	at org.eclipse.m2e.core.internal.builder.MavenBuilder$BuildMethod.lambda$0(MavenBuilder.java:88) ~[na:na]
	at org.eclipse.m2e.core.internal.embedder.MavenExecutionContext.executeBare(MavenExecutionContext.java:350) ~[na:na]
	at org.eclipse.m2e.core.internal.embedder.MavenExecutionContext.execute(MavenExecutionContext.java:262) ~[na:na]
	at org.eclipse.m2e.core.internal.embedder.MavenExecutionContext.execute(MavenExecutionContext.java:205) ~[na:na]
	at org.eclipse.m2e.core.internal.builder.MavenBuilder$BuildMethod.execute(MavenBuilder.java:87) ~[na:na]
	at org.eclipse.m2e.core.internal.builder.MavenBuilder.build(MavenBuilder.java:197) ~[na:na]
	at org.eclipse.core.internal.events.BuildManager$2.run(BuildManager.java:1024) ~[na:na]
	at org.eclipse.core.runtime.SafeRunner.run(SafeRunner.java:45) ~[org.eclipse.equinox.common_3.16.200.v20220817-1601.jar:na]
	at org.eclipse.core.internal.events.BuildManager.basicBuild(BuildManager.java:254) ~[na:na]
	at org.eclipse.core.internal.events.BuildManager.basicBuild(BuildManager.java:311) ~[na:na]
	at org.eclipse.core.internal.events.BuildManager$1.run(BuildManager.java:400) ~[na:na]
	at org.eclipse.core.runtime.SafeRunner.run(SafeRunner.java:45) ~[org.eclipse.equinox.common_3.16.200.v20220817-1601.jar:na]
	at org.eclipse.core.internal.events.BuildManager.basicBuild(BuildManager.java:403) ~[na:na]
	at org.eclipse.core.internal.events.BuildManager.basicBuildLoop(BuildManager.java:514) ~[na:na]
	at org.eclipse.core.internal.events.BuildManager.basicBuildLoop(BuildManager.java:462) ~[na:na]
	at org.eclipse.core.internal.events.BuildManager.build(BuildManager.java:544) ~[na:na]
	at org.eclipse.core.internal.events.AutoBuildJob.doBuild(AutoBuildJob.java:161) ~[na:na]
	at org.eclipse.core.internal.events.AutoBuildJob.run(AutoBuildJob.java:255) ~[na:na]
	at org.eclipse.core.internal.jobs.Worker.run(Worker.java:63) ~[org.eclipse.core.jobs_3.13.100.v20220817-1539.jar:na]
Caused by: org.apache.maven.project.ProjectBuildingException: 1 problem was encountered while building the effective model
[FATAL] Non-readable POM C:\Users\Expert\Desktop\Spring REST API with Advance features\EmployeeService: C:\Users\Expert\Desktop\Spring REST API with Advance features\EmployeeService (Access is denied) @ 
 for project  at C:\Users\Expert\Desktop\Spring REST API with Advance features\EmployeeService
	at org.apache.maven.project.DefaultProjectBuilder.build(DefaultProjectBuilder.java:180) ~[na:na]
	at org.apache.maven.project.DefaultProjectBuilder.build(DefaultProjectBuilder.java:124) ~[na:na]
	at org.eclipse.m2e.core.internal.embedder.MavenImpl.lambda$3(MavenImpl.java:431) ~[na:na]
	... 35 common frames omitted
Caused by: org.apache.maven.model.building.ModelBuildingException: 1 problem was encountered while building the effective model
[FATAL] Non-readable POM C:\Users\Expert\Desktop\Spring REST API with Advance features\EmployeeService: C:\Users\Expert\Desktop\Spring REST API with Advance features\EmployeeService (Access is denied) @ 

	at org.apache.maven.model.building.DefaultModelProblemCollector.newModelBuildingException(DefaultModelProblemCollector.java:197) ~[na:na]
	at org.apache.maven.model.building.DefaultModelBuilder.readModel(DefaultModelBuilder.java:687) ~[na:na]
	at org.apache.maven.model.building.DefaultModelBuilder.build(DefaultModelBuilder.java:303) ~[na:na]
	at org.apache.maven.model.building.DefaultModelBuilder.build(DefaultModelBuilder.java:267) ~[na:na]
	at org.apache.maven.project.DefaultProjectBuilder.build(DefaultProjectBuilder.java:173) ~[na:na]
	... 37 common frames omitted
2026-02-11 17:22:49,356 [Worker-33: Building] INFO  o.e.m.c.i.l.LifecycleMappingFactory - Using org.eclipse.m2e.jdt.JarLifecycleMapping lifecycle mapping for MavenProject: com.infy.ems:employee-service:0.0.1-SNAPSHOT @ C:\Users\Expert\Desktop\Spring REST API with Advance features\EmployeeService\pom.xml.
2026-02-11 17:22:50,511 [Worker-33: Building] INFO  o.e.m.c.i.e.AbstractTransferListenerAdapter - Downloaded https://repo.maven.apache.org/maven2/io/micrometer/micrometer-bom/1.12.7/micrometer-bom-1.12.7.pom
2026-02-11 17:22:50,782 [Worker-33: Building] INFO  o.e.m.c.i.e.AbstractTransferListenerAdapter - Downloaded https://repo.maven.apache.org/maven2/org/springframework/data/spring-data-bom/2023.1.7/spring-data-bom-2023.1.7.pom
2026-02-11 17:22:51,058 [Worker-33: Building] INFO  o.e.m.c.i.e.AbstractTransferListenerAdapter - Downloaded https://repo.maven.apache.org/maven2/org/springframework/integration/spring-integration-bom/6.2.6/spring-integration-bom-6.2.6.pom
2026-02-11 17:22:51,332 [Worker-33: Building] INFO  o.e.m.c.i.e.AbstractTransferListenerAdapter - Downloaded https://repo.maven.apache.org/maven2/org/springframework/pulsar/spring-pulsar-bom/1.0.7/spring-pulsar-bom-1.0.7.pom
2026-02-11 17:22:51,628 [Worker-33: Building] INFO  o.e.m.c.i.e.AbstractTransferListenerAdapter - Downloaded https://repo.maven.apache.org/maven2/org/springframework/security/spring-security-bom/6.2.5/spring-security-bom-6.2.5.pom
2026-02-11 17:22:51,955 [Worker-33: Building] INFO  o.e.m.c.i.e.AbstractTransferListenerAdapter - Downloaded https://repo.maven.apache.org/maven2/org/springframework/session/spring-session-bom/3.2.4/spring-session-bom-3.2.4.pom
2026-02-11 17:22:52,273 [Worker-33: Building] INFO  o.e.m.c.i.e.AbstractTransferListenerAdapter - Downloaded https://repo.maven.apache.org/maven2/org/springframework/cloud/spring-cloud-starter/4.1.4/spring-cloud-starter-4.1.4.pom
2026-02-11 17:22:52,560 [Worker-33: Building] INFO  o.e.m.c.i.e.AbstractTransferListenerAdapter - Downloaded https://repo.maven.apache.org/maven2/org/springframework/cloud/spring-cloud-commons-parent/4.1.4/spring-cloud-commons-parent-4.1.4.pom
2026-02-11 17:22:52,829 [Worker-33: Building] INFO  o.e.m.c.i.e.AbstractTransferListenerAdapter - Downloaded https://repo.maven.apache.org/maven2/org/springframework/cloud/spring-cloud-context/4.1.4/spring-cloud-context-4.1.4.pom
2026-02-11 17:22:53,127 [Worker-33: Building] INFO  o.e.m.c.i.e.AbstractTransferListenerAdapter - Downloaded https://repo.maven.apache.org/maven2/org/springframework/security/spring-security-crypto/6.3.4/spring-security-crypto-6.3.4.pom
2026-02-11 17:22:53,385 [Worker-33: Building] INFO  o.e.m.c.i.e.AbstractTransferListenerAdapter - Downloaded https://repo.maven.apache.org/maven2/org/springframework/cloud/spring-cloud-commons/4.1.4/spring-cloud-commons-4.1.4.pom
2026-02-11 17:22:53,658 [Worker-33: Building] INFO  o.e.m.c.i.e.AbstractTransferListenerAdapter - Downloaded https://repo.maven.apache.org/maven2/org/springframework/security/spring-security-rsa/1.1.3/spring-security-rsa-1.1.3.pom
2026-02-11 17:22:53,925 [Worker-33: Building] INFO  o.e.m.c.i.e.AbstractTransferListenerAdapter - Downloaded https://repo.maven.apache.org/maven2/org/bouncycastle/bcprov-jdk18on/1.78/bcprov-jdk18on-1.78.pom
2026-02-11 17:22:54,203 [Worker-33: Building] INFO  o.e.m.c.i.e.AbstractTransferListenerAdapter - Downloaded https://repo.maven.apache.org/maven2/org/springframework/cloud/spring-cloud-openfeign-core/4.1.3/spring-cloud-openfeign-core-4.1.3.pom
2026-02-11 17:22:54,476 [Worker-33: Building] INFO  o.e.m.c.i.e.AbstractTransferListenerAdapter - Downloaded https://repo.maven.apache.org/maven2/io/github/openfeign/form/feign-form-spring/3.8.0/feign-form-spring-3.8.0.pom
2026-02-11 17:22:54,743 [Worker-33: Building] INFO  o.e.m.c.i.e.AbstractTransferListenerAdapter - Downloaded https://repo.maven.apache.org/maven2/io/github/openfeign/form/parent/3.8.0/parent-3.8.0.pom
2026-02-11 17:22:54,982 [Worker-33: Building] INFO  o.e.m.c.i.e.AbstractTransferListenerAdapter - Downloaded https://repo.maven.apache.org/maven2/io/github/openfeign/form/feign-form/3.8.0/feign-form-3.8.0.pom
2026-02-11 17:22:55,251 [Worker-33: Building] INFO  o.e.m.c.i.e.AbstractTransferListenerAdapter - Downloaded https://repo.maven.apache.org/maven2/io/github/openfeign/feign-core/13.3/feign-core-13.3.pom
2026-02-11 17:22:55,499 [Worker-33: Building] INFO  o.e.m.c.i.e.AbstractTransferListenerAdapter - Downloaded https://repo.maven.apache.org/maven2/io/github/openfeign/parent/13.3/parent-13.3.pom
2026-02-11 17:22:55,747 [Worker-33: Building] INFO  o.e.m.c.i.e.AbstractTransferListenerAdapter - Downloaded https://repo.maven.apache.org/maven2/io/github/openfeign/feign-slf4j/13.3/feign-slf4j-13.3.pom
2026-02-11 17:22:56,014 [Worker-33: Building] INFO  o.e.m.c.i.e.AbstractTransferListenerAdapter - Downloaded https://repo.maven.apache.org/maven2/org/springframework/boot/spring-boot-starter-validation/3.3.5/spring-boot-starter-validation-3.3.5.pom
2026-02-11 17:22:56,553 [Worker-33: Building] INFO  o.e.m.c.i.e.AbstractTransferListenerAdapter - Downloaded https://repo.maven.apache.org/maven2/org/springframework/boot/spring-boot-starter-actuator/3.3.5/spring-boot-starter-actuator-3.3.5.pom
2026-02-11 17:22:56,834 [Worker-33: Building] INFO  o.e.m.c.i.e.AbstractTransferListenerAdapter - Downloaded https://repo.maven.apache.org/maven2/org/springframework/boot/spring-boot-actuator-autoconfigure/3.3.5/spring-boot-actuator-autoconfigure-3.3.5.pom
2026-02-11 17:22:57,100 [Worker-33: Building] INFO  o.e.m.c.i.e.AbstractTransferListenerAdapter - Downloaded https://repo.maven.apache.org/maven2/org/springframework/boot/spring-boot-actuator/3.3.5/spring-boot-actuator-3.3.5.pom
2026-02-11 17:22:57,389 [Worker-33: Building] INFO  o.e.m.c.i.e.AbstractTransferListenerAdapter - Downloaded https://repo.maven.apache.org/maven2/io/micrometer/micrometer-jakarta9/1.13.6/micrometer-jakarta9-1.13.6.pom
2026-02-11 17:22:57,683 [Worker-33: Building] INFO  o.e.m.c.i.e.AbstractTransferListenerAdapter - Downloaded https://repo.maven.apache.org/maven2/io/micrometer/micrometer-core/1.13.6/micrometer-core-1.13.6.pom
2026-02-11 17:22:57,934 [Worker-33: Building] INFO  o.e.m.c.i.e.AbstractTransferListenerAdapter - Downloaded https://repo.maven.apache.org/maven2/org/springframework/boot/spring-boot-devtools/3.3.5/spring-boot-devtools-3.3.5.pom
2026-02-11 17:22:58,129 [AetherRepositoryConnector-repo.maven.apache.org-0-1] INFO  o.e.m.c.i.e.AbstractTransferListenerAdapter - Downloading https://repo.maven.apache.org/maven2/org/springframework/cloud/spring-cloud-starter/4.1.4/spring-cloud-starter-4.1.4.jar
2026-02-11 17:22:58,231 [AetherRepositoryConnector-repo.maven.apache.org-0-3] INFO  o.e.m.c.i.e.AbstractTransferListenerAdapter - Downloading https://repo.maven.apache.org/maven2/org/springframework/security/spring-security-rsa/1.1.3/spring-security-rsa-1.1.3.jar
2026-02-11 17:22:58,236 [AetherRepositoryConnector-repo.maven.apache.org-0-4] INFO  o.e.m.c.i.e.AbstractTransferListenerAdapter - Downloading https://repo.maven.apache.org/maven2/org/bouncycastle/bcprov-jdk18on/1.78/bcprov-jdk18on-1.78.jar
2026-02-11 17:22:58,335 [AetherRepositoryConnector-repo.maven.apache.org-0-2] INFO  o.e.m.c.i.e.AbstractTransferListenerAdapter - Downloading https://repo.maven.apache.org/maven2/org/springframework/cloud/spring-cloud-context/4.1.4/spring-cloud-context-4.1.4.jar
2026-02-11 17:22:58,335 [AetherRepositoryConnector-repo.maven.apache.org-0-0] INFO  o.e.m.c.i.e.AbstractTransferListenerAdapter - Downloading https://repo.maven.apache.org/maven2/org/springframework/cloud/spring-cloud-starter-openfeign/4.1.3/spring-cloud-starter-openfeign-4.1.3.jar
2026-02-11 17:22:58,741 [AetherRepositoryConnector-repo.maven.apache.org-0-3] INFO  o.e.m.c.i.e.AbstractTransferListenerAdapter - Downloaded https://repo.maven.apache.org/maven2/org/springframework/security/spring-security-rsa/1.1.3/spring-security-rsa-1.1.3.jar
2026-02-11 17:22:58,826 [AetherRepositoryConnector-repo.maven.apache.org-0-1] INFO  o.e.m.c.i.e.AbstractTransferListenerAdapter - Downloaded https://repo.maven.apache.org/maven2/org/springframework/cloud/spring-cloud-starter/4.1.4/spring-cloud-starter-4.1.4.jar
2026-02-11 17:22:59,083 [AetherRepositoryConnector-repo.maven.apache.org-0-3] INFO  o.e.m.c.i.e.AbstractTransferListenerAdapter - Downloading https://repo.maven.apache.org/maven2/org/springframework/cloud/spring-cloud-openfeign-core/4.1.3/spring-cloud-openfeign-core-4.1.3.jar
2026-02-11 17:22:59,189 [AetherRepositoryConnector-repo.maven.apache.org-0-1] INFO  o.e.m.c.i.e.AbstractTransferListenerAdapter - Downloading https://repo.maven.apache.org/maven2/io/github/openfeign/form/feign-form-spring/3.8.0/feign-form-spring-3.8.0.jar
2026-02-11 17:22:59,285 [AetherRepositoryConnector-repo.maven.apache.org-0-0] INFO  o.e.m.c.i.e.AbstractTransferListenerAdapter - Downloaded https://repo.maven.apache.org/maven2/org/springframework/cloud/spring-cloud-starter-openfeign/4.1.3/spring-cloud-starter-openfeign-4.1.3.jar
2026-02-11 17:22:59,287 [AetherRepositoryConnector-repo.maven.apache.org-0-2] INFO  o.e.m.c.i.e.AbstractTransferListenerAdapter - Downloaded https://repo.maven.apache.org/maven2/org/springframework/cloud/spring-cloud-context/4.1.4/spring-cloud-context-4.1.4.jar
2026-02-11 17:22:59,737 [AetherRepositoryConnector-repo.maven.apache.org-0-0] INFO  o.e.m.c.i.e.AbstractTransferListenerAdapter - Downloading https://repo.maven.apache.org/maven2/io/github/openfeign/form/feign-form/3.8.0/feign-form-3.8.0.jar
2026-02-11 17:22:59,786 [AetherRepositoryConnector-repo.maven.apache.org-0-2] INFO  o.e.m.c.i.e.AbstractTransferListenerAdapter - Downloading https://repo.maven.apache.org/maven2/org/springframework/cloud/spring-cloud-commons/4.1.4/spring-cloud-commons-4.1.4.jar
2026-02-11 17:23:00,236 [AetherRepositoryConnector-repo.maven.apache.org-0-3] INFO  o.e.m.c.i.e.AbstractTransferListenerAdapter - Downloaded https://repo.maven.apache.org/maven2/org/springframework/cloud/spring-cloud-openfeign-core/4.1.3/spring-cloud-openfeign-core-4.1.3.jar
2026-02-11 17:23:00,311 [AetherRepositoryConnector-repo.maven.apache.org-0-1] INFO  o.e.m.c.i.e.AbstractTransferListenerAdapter - Downloaded https://repo.maven.apache.org/maven2/io/github/openfeign/form/feign-form-spring/3.8.0/feign-form-spring-3.8.0.jar
2026-02-11 17:23:00,499 [AetherRepositoryConnector-repo.maven.apache.org-0-3] INFO  o.e.m.c.i.e.AbstractTransferListenerAdapter - Downloading https://repo.maven.apache.org/maven2/org/springframework/security/spring-security-crypto/6.3.4/spring-security-crypto-6.3.4.jar
2026-02-11 17:23:00,572 [AetherRepositoryConnector-repo.maven.apache.org-0-1] INFO  o.e.m.c.i.e.AbstractTransferListenerAdapter - Downloading https://repo.maven.apache.org/maven2/io/github/openfeign/feign-core/13.3/feign-core-13.3.jar
2026-02-11 17:23:00,750 [AetherRepositoryConnector-repo.maven.apache.org-0-0] INFO  o.e.m.c.i.e.AbstractTransferListenerAdapter - Downloaded https://repo.maven.apache.org/maven2/io/github/openfeign/form/feign-form/3.8.0/feign-form-3.8.0.jar
2026-02-11 17:23:01,038 [AetherRepositoryConnector-repo.maven.apache.org-0-2] INFO  o.e.m.c.i.e.AbstractTransferListenerAdapter - Downloaded https://repo.maven.apache.org/maven2/org/springframework/cloud/spring-cloud-commons/4.1.4/spring-cloud-commons-4.1.4.jar
2026-02-11 17:23:01,042 [AetherRepositoryConnector-repo.maven.apache.org-0-0] INFO  o.e.m.c.i.e.AbstractTransferListenerAdapter - Downloading https://repo.maven.apache.org/maven2/io/github/openfeign/feign-slf4j/13.3/feign-slf4j-13.3.jar
2026-02-11 17:23:01,239 [AetherRepositoryConnector-repo.maven.apache.org-0-2] INFO  o.e.m.c.i.e.AbstractTransferListenerAdapter - Downloading https://repo.maven.apache.org/maven2/org/springframework/boot/spring-boot-starter-validation/3.3.5/spring-boot-starter-validation-3.3.5.jar
2026-02-11 17:23:01,358 [AetherRepositoryConnector-repo.maven.apache.org-0-3] INFO  o.e.m.c.i.e.AbstractTransferListenerAdapter - Downloaded https://repo.maven.apache.org/maven2/org/springframework/security/spring-security-crypto/6.3.4/spring-security-crypto-6.3.4.jar
2026-02-11 17:23:01,425 [AetherRepositoryConnector-repo.maven.apache.org-0-1] INFO  o.e.m.c.i.e.AbstractTransferListenerAdapter - Downloaded https://repo.maven.apache.org/maven2/io/github/openfeign/feign-core/13.3/feign-core-13.3.jar
2026-02-11 17:23:01,653 [AetherRepositoryConnector-repo.maven.apache.org-0-3] INFO  o.e.m.c.i.e.AbstractTransferListenerAdapter - Downloading https://repo.maven.apache.org/maven2/org/springframework/boot/spring-boot-starter-actuator/3.3.5/spring-boot-starter-actuator-3.3.5.jar
2026-02-11 17:23:01,737 [AetherRepositoryConnector-repo.maven.apache.org-0-2] INFO  o.e.m.c.i.e.AbstractTransferListenerAdapter - Downloaded https://repo.maven.apache.org/maven2/org/springframework/boot/spring-boot-starter-validation/3.3.5/spring-boot-starter-validation-3.3.5.jar
2026-02-11 17:23:01,777 [AetherRepositoryConnector-repo.maven.apache.org-0-1] INFO  o.e.m.c.i.e.AbstractTransferListenerAdapter - Downloading https://repo.maven.apache.org/maven2/org/springframework/boot/spring-boot-actuator-autoconfigure/3.3.5/spring-boot-actuator-autoconfigure-3.3.5.jar
2026-02-11 17:23:01,806 [AetherRepositoryConnector-repo.maven.apache.org-0-0] INFO  o.e.m.c.i.e.AbstractTransferListenerAdapter - Downloaded https://repo.maven.apache.org/maven2/io/github/openfeign/feign-slf4j/13.3/feign-slf4j-13.3.jar
2026-02-11 17:23:02,100 [AetherRepositoryConnector-repo.maven.apache.org-0-2] INFO  o.e.m.c.i.e.AbstractTransferListenerAdapter - Downloading https://repo.maven.apache.org/maven2/org/springframework/boot/spring-boot-actuator/3.3.5/spring-boot-actuator-3.3.5.jar
2026-02-11 17:23:02,177 [AetherRepositoryConnector-repo.maven.apache.org-0-0] INFO  o.e.m.c.i.e.AbstractTransferListenerAdapter - Downloading https://repo.maven.apache.org/maven2/io/micrometer/micrometer-jakarta9/1.13.6/micrometer-jakarta9-1.13.6.jar
2026-02-11 17:23:02,535 [AetherRepositoryConnector-repo.maven.apache.org-0-3] INFO  o.e.m.c.i.e.AbstractTransferListenerAdapter - Downloaded https://repo.maven.apache.org/maven2/org/springframework/boot/spring-boot-starter-actuator/3.3.5/spring-boot-starter-actuator-3.3.5.jar
2026-02-11 17:23:03,017 [AetherRepositoryConnector-repo.maven.apache.org-0-3] INFO  o.e.m.c.i.e.AbstractTransferListenerAdapter - Downloading https://repo.maven.apache.org/maven2/io/micrometer/micrometer-core/1.13.6/micrometer-core-1.13.6.jar
2026-02-11 17:23:04,047 [AetherRepositoryConnector-repo.maven.apache.org-0-0] INFO  o.e.m.c.i.e.AbstractTransferListenerAdapter - Downloaded https://repo.maven.apache.org/maven2/io/micrometer/micrometer-jakarta9/1.13.6/micrometer-jakarta9-1.13.6.jar
2026-02-11 17:23:04,251 [AetherRepositoryConnector-repo.maven.apache.org-0-0] INFO  o.e.m.c.i.e.AbstractTransferListenerAdapter - Downloading https://repo.maven.apache.org/maven2/org/springframework/boot/spring-boot-devtools/3.3.5/spring-boot-devtools-3.3.5.jar
2026-02-11 17:23:04,552 [AetherRepositoryConnector-repo.maven.apache.org-0-1] INFO  o.e.m.c.i.e.AbstractTransferListenerAdapter - Downloaded https://repo.maven.apache.org/maven2/org/springframework/boot/spring-boot-actuator-autoconfigure/3.3.5/spring-boot-actuator-autoconfigure-3.3.5.jar
2026-02-11 17:23:05,191 [AetherRepositoryConnector-repo.maven.apache.org-0-2] INFO  o.e.m.c.i.e.AbstractTransferListenerAdapter - Downloaded https://repo.maven.apache.org/maven2/org/springframework/boot/spring-boot-actuator/3.3.5/spring-boot-actuator-3.3.5.jar
2026-02-11 17:23:05,231 [AetherRepositoryConnector-repo.maven.apache.org-0-0] INFO  o.e.m.c.i.e.AbstractTransferListenerAdapter - Downloaded https://repo.maven.apache.org/maven2/org/springframework/boot/spring-boot-devtools/3.3.5/spring-boot-devtools-3.3.5.jar
2026-02-11 17:23:05,764 [AetherRepositoryConnector-repo.maven.apache.org-0-3] INFO  o.e.m.c.i.e.AbstractTransferListenerAdapter - Downloaded https://repo.maven.apache.org/maven2/io/micrometer/micrometer-core/1.13.6/micrometer-core-1.13.6.jar
2026-02-11 17:23:08,421 [AetherRepositoryConnector-repo.maven.apache.org-0-4] INFO  o.e.m.c.i.e.AbstractTransferListenerAdapter - Downloaded https://repo.maven.apache.org/maven2/org/bouncycastle/bcprov-jdk18on/1.78/bcprov-jdk18on-1.78.jar
2026-02-11 17:23:08,745 [Worker-33: Building] INFO  o.e.m.c.i.l.LifecycleMappingFactory - Using org.eclipse.m2e.jdt.JarLifecycleMapping lifecycle mapping for MavenProject: com.infy:leave-service:0.0.1-SNAPSHOT @ C:\Users\Expert\Desktop\Spring REST API with Advance features\leave-service\pom.xml.
2026-02-11 17:23:13,725 [Worker-33: Building] INFO  o.a.m.s.f.DefaultMavenResourcesFiltering - Copying 0 resource from src\main\resources to target\classes
2026-02-11 17:23:13,726 [Worker-33: Building] INFO  o.a.m.s.f.DefaultMavenResourcesFiltering - Copying 0 resource from src\main\resources to target\classes
2026-02-11 17:23:13,728 [Worker-33: Building] INFO  o.a.m.s.f.DefaultMavenResourcesFiltering - skip non existing resourceDirectory C:\Users\Expert\Desktop\Spring REST API with Advance features\EmployeeService\src\test\resources
2026-02-11 17:23:14,330 [Worker-35: Building] INFO  o.a.m.s.f.DefaultMavenResourcesFiltering - Copying 1 resource from src\main\resources to target\classes
2026-02-11 17:23:14,334 [Worker-35: Building] INFO  o.a.m.s.f.DefaultMavenResourcesFiltering - Copying 0 resource from src\main\resources to target\classes
2026-02-11 17:23:14,338 [Worker-35: Building] INFO  o.a.m.s.f.DefaultMavenResourcesFiltering - skip non existing resourceDirectory C:\Users\Expert\Desktop\Spring REST API with Advance features\EmployeeService\src\test\resources
2026-02-11 17:23:14,375 [Worker-35: Building] INFO  o.a.m.s.f.DefaultMavenResourcesFiltering - Copying 0 resource from src\main\resources to target\classes
2026-02-11 17:23:14,376 [Worker-35: Building] INFO  o.a.m.s.f.DefaultMavenResourcesFiltering - Copying 0 resource from src\main\resources to target\classes
2026-02-11 17:23:14,379 [Worker-35: Building] INFO  o.a.m.s.f.DefaultMavenResourcesFiltering - skip non existing resourceDirectory C:\Users\Expert\Desktop\Spring REST API with Advance features\leave-service\src\test\resources
2026-02-11 17:23:14,845 [Worker-30: Download sources and javadoc] INFO  o.e.m.c.i.e.AbstractTransferListenerAdapter - Downloading https://repo.maven.apache.org/maven2/org/springframework/boot/spring-boot-starter-data-jpa/3.3.5/spring-boot-starter-data-jpa-3.3.5-sources.jar
2026-02-11 17:23:15,035 [Worker-30: Download sources and javadoc] INFO  o.e.m.c.i.e.AbstractTransferListenerAdapter - Downloaded https://repo.maven.apache.org/maven2/org/springframework/boot/spring-boot-starter-data-jpa/3.3.5/spring-boot-starter-data-jpa-3.3.5-sources.jar
2026-02-11 17:23:15,039 [Worker-30: Download sources and javadoc] INFO  o.e.m.j.internal.DownloadSourcesJob - Downloaded sources for org.springframework.boot:spring-boot-starter-data-jpa:3.3.5
2026-02-11 17:23:15,315 [Worker-30: Download sources and javadoc] INFO  o.e.m.c.i.e.AbstractTransferListenerAdapter - Downloading https://repo.maven.apache.org/maven2/org/springframework/boot/spring-boot-starter-aop/3.3.5/spring-boot-starter-aop-3.3.5-sources.jar
2026-02-11 17:23:15,528 [Worker-30: Download sources and javadoc] INFO  o.e.m.c.i.e.AbstractTransferListenerAdapter - Downloaded https://repo.maven.apache.org/maven2/org/springframework/boot/spring-boot-starter-aop/3.3.5/spring-boot-starter-aop-3.3.5-sources.jar
2026-02-11 17:23:15,532 [Worker-30: Download sources and javadoc] INFO  o.e.m.j.internal.DownloadSourcesJob - Downloaded sources for org.springframework.boot:spring-boot-starter-aop:3.3.5
2026-02-11 17:23:15,810 [Worker-30: Download sources and javadoc] INFO  o.e.m.c.i.e.AbstractTransferListenerAdapter - Downloading https://repo.maven.apache.org/maven2/org/springframework/boot/spring-boot-starter-jdbc/3.3.5/spring-boot-starter-jdbc-3.3.5-sources.jar
2026-02-11 17:23:15,992 [Worker-30: Download sources and javadoc] INFO  o.e.m.c.i.e.AbstractTransferListenerAdapter - Downloaded https://repo.maven.apache.org/maven2/org/springframework/boot/spring-boot-starter-jdbc/3.3.5/spring-boot-starter-jdbc-3.3.5-sources.jar
2026-02-11 17:23:15,996 [Worker-30: Download sources and javadoc] INFO  o.e.m.j.internal.DownloadSourcesJob - Downloaded sources for org.springframework.boot:spring-boot-starter-jdbc:3.3.5
2026-02-11 17:23:16,277 [Worker-30: Download sources and javadoc] INFO  o.e.m.c.i.e.AbstractTransferListenerAdapter - Downloading https://repo.maven.apache.org/maven2/org/springframework/spring-jdbc/6.1.14/spring-jdbc-6.1.14-sources.jar
2026-02-11 17:23:16,618 [Worker-30: Download sources and javadoc] INFO  o.e.m.c.i.e.AbstractTransferListenerAdapter - Downloaded https://repo.maven.apache.org/maven2/org/springframework/spring-jdbc/6.1.14/spring-jdbc-6.1.14-sources.jar
2026-02-11 17:23:16,621 [Worker-30: Download sources and javadoc] INFO  o.e.m.j.internal.DownloadSourcesJob - Downloaded sources for org.springframework:spring-jdbc:6.1.14
2026-02-11 17:23:16,897 [Worker-30: Download sources and javadoc] INFO  o.e.m.c.i.e.AbstractTransferListenerAdapter - Downloading https://repo.maven.apache.org/maven2/org/springframework/data/spring-data-jpa/3.3.5/spring-data-jpa-3.3.5-sources.jar
2026-02-11 17:23:17,549 [Worker-30: Download sources and javadoc] INFO  o.e.m.c.i.e.AbstractTransferListenerAdapter - Downloaded https://repo.maven.apache.org/maven2/org/springframework/data/spring-data-jpa/3.3.5/spring-data-jpa-3.3.5-sources.jar
2026-02-11 17:23:17,553 [Worker-30: Download sources and javadoc] INFO  o.e.m.j.internal.DownloadSourcesJob - Downloaded sources for org.springframework.data:spring-data-jpa:3.3.5
2026-02-11 17:23:17,666 [Worker-36: Building] INFO  o.e.m.c.i.l.LifecycleMappingFactory - Using org.eclipse.m2e.jdt.JarLifecycleMapping lifecycle mapping for MavenProject: com.infy.ems:demo:0.0.1-SNAPSHOT @ C:\Users\Expert\Desktop\Spring REST API with Advance features\EmployeeService\pom.xml.
2026-02-11 17:23:51,540 [Worker-36: Building] INFO  o.e.m.c.i.l.LifecycleMappingFactory - Using org.eclipse.m2e.jdt.JarLifecycleMapping lifecycle mapping for MavenProject: com.infy.ems:demo:0.0.1-SNAPSHOT @ C:\Users\Expert\Desktop\Spring REST API with Advance features\EmployeeService\pom.xml.
2026-02-11 17:23:52,067 [Worker-36: Building] INFO  o.a.m.s.f.DefaultMavenResourcesFiltering - Copying 0 resource from src\main\resources to target\classes
2026-02-11 17:23:52,067 [Worker-36: Building] INFO  o.a.m.s.f.DefaultMavenResourcesFiltering - Copying 0 resource from src\main\resources to target\classes
2026-02-11 17:23:52,071 [Worker-36: Building] INFO  o.a.m.s.f.DefaultMavenResourcesFiltering - skip non existing resourceDirectory C:\Users\Expert\Desktop\Spring REST API with Advance features\EmployeeService\src\test\resources
2026-02-11 17:23:52,337 [Worker-23: Building] INFO  o.a.m.s.f.DefaultMavenResourcesFiltering - Copying 0 resource from src\main\resources to target\classes
2026-02-11 17:23:52,337 [Worker-23: Building] INFO  o.a.m.s.f.DefaultMavenResourcesFiltering - Copying 0 resource from src\main\resources to target\classes
2026-02-11 17:23:52,341 [Worker-23: Building] INFO  o.a.m.s.f.DefaultMavenResourcesFiltering - skip non existing resourceDirectory C:\Users\Expert\Desktop\Spring REST API with Advance features\EmployeeService\src\test\resources
2026-02-11 17:25:22,434 [Worker-23: Building] INFO  o.e.m.c.i.l.LifecycleMappingFactory - Using org.eclipse.m2e.jdt.JarLifecycleMapping lifecycle mapping for MavenProject: com.infy.ems:employee-service:0.0.1-SNAPSHOT @ C:\Users\Expert\Desktop\Spring REST API with Advance features\EmployeeService\pom.xml.
2026-02-11 17:25:22,997 [Worker-23: Building] INFO  o.a.m.s.f.DefaultMavenResourcesFiltering - Copying 0 resource from src\main\resources to target\classes
2026-02-11 17:25:22,997 [Worker-23: Building] INFO  o.a.m.s.f.DefaultMavenResourcesFiltering - Copying 0 resource from src\main\resources to target\classes
2026-02-11 17:25:23,001 [Worker-23: Building] INFO  o.a.m.s.f.DefaultMavenResourcesFiltering - skip non existing resourceDirectory C:\Users\Expert\Desktop\Spring REST API with Advance features\EmployeeService\src\test\resources
2026-02-11 17:25:24,298 [Worker-30: Download sources and javadoc] INFO  o.e.m.c.i.e.AbstractTransferListenerAdapter - Downloading https://repo.maven.apache.org/maven2/org/springframework/data/spring-data-commons/3.3.5/spring-data-commons-3.3.5-sources.jar
2026-02-11 17:25:24,685 [Worker-23: Building] INFO  o.a.m.s.f.DefaultMavenResourcesFiltering - Copying 1 resource from src\main\resources to target\classes
2026-02-11 17:25:24,690 [Worker-23: Building] INFO  o.a.m.s.f.DefaultMavenResourcesFiltering - Copying 0 resource from src\main\resources to target\classes
2026-02-11 17:25:24,695 [Worker-23: Building] INFO  o.a.m.s.f.DefaultMavenResourcesFiltering - skip non existing resourceDirectory C:\Users\Expert\Desktop\Spring REST API with Advance features\EmployeeService\src\test\resources
2026-02-11 17:25:24,832 [Worker-30: Download sources and javadoc] INFO  o.e.m.c.i.e.AbstractTransferListenerAdapter - Downloaded https://repo.maven.apache.org/maven2/org/springframework/data/spring-data-commons/3.3.5/spring-data-commons-3.3.5-sources.jar
2026-02-11 17:25:24,836 [Worker-30: Download sources and javadoc] INFO  o.e.m.j.internal.DownloadSourcesJob - Downloaded sources for org.springframework.data:spring-data-commons:3.3.5
2026-02-11 17:25:25,134 [Worker-30: Download sources and javadoc] INFO  o.e.m.c.i.e.AbstractTransferListenerAdapter - Downloading https://repo.maven.apache.org/maven2/org/springframework/spring-orm/6.1.14/spring-orm-6.1.14-sources.jar
2026-02-11 17:25:25,417 [Worker-30: Download sources and javadoc] INFO  o.e.m.c.i.e.AbstractTransferListenerAdapter - Downloaded https://repo.maven.apache.org/maven2/org/springframework/spring-orm/6.1.14/spring-orm-6.1.14-sources.jar
2026-02-11 17:25:25,419 [Worker-30: Download sources and javadoc] INFO  o.e.m.j.internal.DownloadSourcesJob - Downloaded sources for org.springframework:spring-orm:6.1.14
2026-02-11 17:25:25,696 [Worker-30: Download sources and javadoc] INFO  o.e.m.c.i.e.AbstractTransferListenerAdapter - Downloading https://repo.maven.apache.org/maven2/org/springframework/spring-tx/6.1.14/spring-tx-6.1.14-sources.jar
2026-02-11 17:25:26,034 [Worker-30: Download sources and javadoc] INFO  o.e.m.c.i.e.AbstractTransferListenerAdapter - Downloaded https://repo.maven.apache.org/maven2/org/springframework/spring-tx/6.1.14/spring-tx-6.1.14-sources.jar
2026-02-11 17:25:26,037 [Worker-30: Download sources and javadoc] INFO  o.e.m.j.internal.DownloadSourcesJob - Downloaded sources for org.springframework:spring-tx:6.1.14
2026-02-11 17:25:26,423 [Worker-30: Download sources and javadoc] INFO  o.e.m.c.i.e.AbstractTransferListenerAdapter - Downloading https://repo.maven.apache.org/maven2/org/springframework/spring-aspects/6.1.14/spring-aspects-6.1.14-sources.jar
2026-02-11 17:25:26,977 [Worker-30: Download sources and javadoc] INFO  o.e.m.c.i.e.AbstractTransferListenerAdapter - Downloaded https://repo.maven.apache.org/maven2/org/springframework/spring-aspects/6.1.14/spring-aspects-6.1.14-sources.jar
2026-02-11 17:25:26,980 [Worker-30: Download sources and javadoc] INFO  o.e.m.j.internal.DownloadSourcesJob - Downloaded sources for org.springframework:spring-aspects:6.1.14
2026-02-11 17:25:27,269 [Worker-30: Download sources and javadoc] INFO  o.e.m.c.i.e.AbstractTransferListenerAdapter - Downloaded https://repo.maven.apache.org/maven2/org/springframework/cloud/spring-cloud-starter-openfeign/4.1.3/spring-cloud-starter-openfeign-4.1.3-sources.jar
2026-02-11 17:25:27,275 [Worker-30: Download sources and javadoc] ERROR o.e.m.j.internal.DownloadSourcesJob - Could not download sources for org.springframework.cloud:spring-cloud-starter-openfeign:4.1.3
org.eclipse.core.runtime.CoreException: Could not resolve artifact org.springframework.cloud:spring-cloud-starter-openfeign:jar:sources:4.1.3
	at org.eclipse.m2e.core.internal.embedder.MavenImpl.lambda$6(MavenImpl.java:608) ~[na:na]
	at org.eclipse.m2e.core.internal.embedder.MavenExecutionContext.executeBare(MavenExecutionContext.java:350) ~[na:na]
	at org.eclipse.m2e.core.internal.embedder.MavenExecutionContext.execute(MavenExecutionContext.java:219) ~[na:na]
	at org.eclipse.m2e.core.internal.embedder.MavenExecutionContext.execute(MavenExecutionContext.java:205) ~[na:na]
	at org.eclipse.m2e.core.internal.embedder.MavenImpl.resolve(MavenImpl.java:577) ~[na:na]
	at org.eclipse.m2e.core.internal.embedder.MavenImpl.resolve(MavenImpl.java:562) ~[na:na]
	at org.eclipse.m2e.jdt.internal.DownloadSourcesJob.download(DownloadSourcesJob.java:308) ~[na:na]
	at org.eclipse.m2e.jdt.internal.DownloadSourcesJob.downloadAttachments(DownloadSourcesJob.java:282) ~[na:na]
	at org.eclipse.m2e.jdt.internal.DownloadSourcesJob.downloadMaven(DownloadSourcesJob.java:252) ~[na:na]
	at org.eclipse.m2e.jdt.internal.DownloadSourcesJob.downloadFilesAndPopulateToUpdate(DownloadSourcesJob.java:220) ~[na:na]
	at org.eclipse.m2e.jdt.internal.DownloadSourcesJob.lambda$0(DownloadSourcesJob.java:149) ~[na:na]
	at org.eclipse.m2e.core.internal.embedder.MavenExecutionContext.executeBare(MavenExecutionContext.java:350) ~[na:na]
	at org.eclipse.m2e.core.internal.embedder.MavenExecutionContext.execute(MavenExecutionContext.java:262) ~[na:na]
	at org.eclipse.m2e.core.internal.embedder.MavenExecutionContext.execute(MavenExecutionContext.java:205) ~[na:na]
	at org.eclipse.m2e.core.embedder.IMaven.execute(IMaven.java:270) ~[na:na]
	at org.eclipse.m2e.jdt.internal.DownloadSourcesJob.run(DownloadSourcesJob.java:149) ~[na:na]
	at org.eclipse.core.internal.jobs.Worker.run(Worker.java:63) ~[org.eclipse.core.jobs_3.13.100.v20220817-1539.jar:na]
2026-02-11 17:25:27,894 [Worker-30: Download sources and javadoc] INFO  o.e.m.c.i.e.AbstractTransferListenerAdapter - Downloaded https://repo.maven.apache.org/maven2/org/springframework/cloud/spring-cloud-starter/4.1.4/spring-cloud-starter-4.1.4-sources.jar
2026-02-11 17:25:27,897 [Worker-30: Download sources and javadoc] ERROR o.e.m.j.internal.DownloadSourcesJob - Could not download sources for org.springframework.cloud:spring-cloud-starter:4.1.4
org.eclipse.core.runtime.CoreException: Could not resolve artifact org.springframework.cloud:spring-cloud-starter:jar:sources:4.1.4
	at org.eclipse.m2e.core.internal.embedder.MavenImpl.lambda$6(MavenImpl.java:608) ~[na:na]
	at org.eclipse.m2e.core.internal.embedder.MavenExecutionContext.executeBare(MavenExecutionContext.java:350) ~[na:na]
	at org.eclipse.m2e.core.internal.embedder.MavenExecutionContext.execute(MavenExecutionContext.java:219) ~[na:na]
	at org.eclipse.m2e.core.internal.embedder.MavenExecutionContext.execute(MavenExecutionContext.java:205) ~[na:na]
	at org.eclipse.m2e.core.internal.embedder.MavenImpl.resolve(MavenImpl.java:577) ~[na:na]
	at org.eclipse.m2e.core.internal.embedder.MavenImpl.resolve(MavenImpl.java:562) ~[na:na]
	at org.eclipse.m2e.jdt.internal.DownloadSourcesJob.download(DownloadSourcesJob.java:308) ~[na:na]
	at org.eclipse.m2e.jdt.internal.DownloadSourcesJob.downloadAttachments(DownloadSourcesJob.java:282) ~[na:na]
	at org.eclipse.m2e.jdt.internal.DownloadSourcesJob.downloadMaven(DownloadSourcesJob.java:252) ~[na:na]
	at org.eclipse.m2e.jdt.internal.DownloadSourcesJob.downloadFilesAndPopulateToUpdate(DownloadSourcesJob.java:220) ~[na:na]
	at org.eclipse.m2e.jdt.internal.DownloadSourcesJob.lambda$0(DownloadSourcesJob.java:149) ~[na:na]
	at org.eclipse.m2e.core.internal.embedder.MavenExecutionContext.executeBare(MavenExecutionContext.java:350) ~[na:na]
	at org.eclipse.m2e.core.internal.embedder.MavenExecutionContext.execute(MavenExecutionContext.java:262) ~[na:na]
	at org.eclipse.m2e.core.internal.embedder.MavenExecutionContext.execute(MavenExecutionContext.java:205) ~[na:na]
	at org.eclipse.m2e.core.embedder.IMaven.execute(IMaven.java:270) ~[na:na]
	at org.eclipse.m2e.jdt.internal.DownloadSourcesJob.run(DownloadSourcesJob.java:149) ~[na:na]
	at org.eclipse.core.internal.jobs.Worker.run(Worker.java:63) ~[org.eclipse.core.jobs_3.13.100.v20220817-1539.jar:na]
2026-02-11 17:25:28,145 [Worker-30: Download sources and javadoc] INFO  o.e.m.c.i.e.AbstractTransferListenerAdapter - Downloading https://repo.maven.apache.org/maven2/org/springframework/cloud/spring-cloud-context/4.1.4/spring-cloud-context-4.1.4-sources.jar
2026-02-11 17:25:28,343 [Worker-30: Download sources and javadoc] INFO  o.e.m.c.i.e.AbstractTransferListenerAdapter - Downloaded https://repo.maven.apache.org/maven2/org/springframework/cloud/spring-cloud-context/4.1.4/spring-cloud-context-4.1.4-sources.jar
2026-02-11 17:25:28,347 [Worker-30: Download sources and javadoc] INFO  o.e.m.j.internal.DownloadSourcesJob - Downloaded sources for org.springframework.cloud:spring-cloud-context:4.1.4
2026-02-11 17:25:28,779 [Worker-30: Download sources and javadoc] INFO  o.e.m.c.i.e.AbstractTransferListenerAdapter - Downloading https://repo.maven.apache.org/maven2/org/springframework/security/spring-security-rsa/1.1.3/spring-security-rsa-1.1.3-sources.jar
2026-02-11 17:25:29,086 [Worker-30: Download sources and javadoc] INFO  o.e.m.c.i.e.AbstractTransferListenerAdapter - Downloaded https://repo.maven.apache.org/maven2/org/springframework/security/spring-security-rsa/1.1.3/spring-security-rsa-1.1.3-sources.jar
2026-02-11 17:25:29,088 [Worker-30: Download sources and javadoc] INFO  o.e.m.j.internal.DownloadSourcesJob - Downloaded sources for org.springframework.security:spring-security-rsa:1.1.3
2026-02-11 17:25:29,364 [Worker-30: Download sources and javadoc] INFO  o.e.m.c.i.e.AbstractTransferListenerAdapter - Downloading https://repo.maven.apache.org/maven2/org/bouncycastle/bcprov-jdk18on/1.78/bcprov-jdk18on-1.78-sources.jar
2026-02-11 17:25:30,379 [Worker-30: Download sources and javadoc] INFO  o.e.m.c.i.e.AbstractTransferListenerAdapter - Downloaded https://repo.maven.apache.org/maven2/org/bouncycastle/bcprov-jdk18on/1.78/bcprov-jdk18on-1.78-sources.jar
2026-02-11 17:25:30,382 [Worker-30: Download sources and javadoc] INFO  o.e.m.j.internal.DownloadSourcesJob - Downloaded sources for org.bouncycastle:bcprov-jdk18on:1.78
2026-02-11 17:25:30,653 [Worker-30: Download sources and javadoc] INFO  o.e.m.c.i.e.AbstractTransferListenerAdapter - Downloading https://repo.maven.apache.org/maven2/org/springframework/cloud/spring-cloud-openfeign-core/4.1.3/spring-cloud-openfeign-core-4.1.3-sources.jar
2026-02-11 17:25:30,930 [Worker-30: Download sources and javadoc] INFO  o.e.m.c.i.e.AbstractTransferListenerAdapter - Downloaded https://repo.maven.apache.org/maven2/org/springframework/cloud/spring-cloud-openfeign-core/4.1.3/spring-cloud-openfeign-core-4.1.3-sources.jar
2026-02-11 17:25:30,934 [Worker-30: Download sources and javadoc] INFO  o.e.m.j.internal.DownloadSourcesJob - Downloaded sources for org.springframework.cloud:spring-cloud-openfeign-core:4.1.3
2026-02-11 17:25:31,210 [Worker-30: Download sources and javadoc] INFO  o.e.m.c.i.e.AbstractTransferListenerAdapter - Downloading https://repo.maven.apache.org/maven2/io/github/openfeign/form/feign-form-spring/3.8.0/feign-form-spring-3.8.0-sources.jar
2026-02-11 17:25:31,506 [Worker-30: Download sources and javadoc] INFO  o.e.m.c.i.e.AbstractTransferListenerAdapter - Downloaded https://repo.maven.apache.org/maven2/io/github/openfeign/form/feign-form-spring/3.8.0/feign-form-spring-3.8.0-sources.jar
2026-02-11 17:25:31,509 [Worker-30: Download sources and javadoc] INFO  o.e.m.j.internal.DownloadSourcesJob - Downloaded sources for io.github.openfeign.form:feign-form-spring:3.8.0
2026-02-11 17:25:31,769 [Worker-30: Download sources and javadoc] INFO  o.e.m.c.i.e.AbstractTransferListenerAdapter - Downloading https://repo.maven.apache.org/maven2/io/github/openfeign/form/feign-form/3.8.0/feign-form-3.8.0-sources.jar
2026-02-11 17:25:32,389 [Worker-30: Download sources and javadoc] INFO  o.e.m.c.i.e.AbstractTransferListenerAdapter - Downloaded https://repo.maven.apache.org/maven2/io/github/openfeign/form/feign-form/3.8.0/feign-form-3.8.0-sources.jar
2026-02-11 17:25:32,393 [Worker-30: Download sources and javadoc] INFO  o.e.m.j.internal.DownloadSourcesJob - Downloaded sources for io.github.openfeign.form:feign-form:3.8.0
2026-02-11 17:25:32,656 [Worker-30: Download sources and javadoc] INFO  o.e.m.c.i.e.AbstractTransferListenerAdapter - Downloading https://repo.maven.apache.org/maven2/commons-io/commons-io/2.11.0/commons-io-2.11.0-sources.jar
2026-02-11 17:25:33,039 [Worker-30: Download sources and javadoc] INFO  o.e.m.c.i.e.AbstractTransferListenerAdapter - Downloaded https://repo.maven.apache.org/maven2/commons-io/commons-io/2.11.0/commons-io-2.11.0-sources.jar
2026-02-11 17:25:33,044 [Worker-30: Download sources and javadoc] INFO  o.e.m.j.internal.DownloadSourcesJob - Downloaded sources for commons-io:commons-io:2.11.0
2026-02-11 17:25:33,304 [Worker-30: Download sources and javadoc] INFO  o.e.m.c.i.e.AbstractTransferListenerAdapter - Downloading https://repo.maven.apache.org/maven2/org/springframework/cloud/spring-cloud-commons/4.1.4/spring-cloud-commons-4.1.4-sources.jar
2026-02-11 17:25:33,593 [Worker-30: Download sources and javadoc] INFO  o.e.m.c.i.e.AbstractTransferListenerAdapter - Downloaded https://repo.maven.apache.org/maven2/org/springframework/cloud/spring-cloud-commons/4.1.4/spring-cloud-commons-4.1.4-sources.jar
2026-02-11 17:25:33,599 [Worker-30: Download sources and javadoc] INFO  o.e.m.j.internal.DownloadSourcesJob - Downloaded sources for org.springframework.cloud:spring-cloud-commons:4.1.4
2026-02-11 17:25:33,864 [Worker-30: Download sources and javadoc] INFO  o.e.m.c.i.e.AbstractTransferListenerAdapter - Downloading https://repo.maven.apache.org/maven2/org/springframework/security/spring-security-crypto/6.3.4/spring-security-crypto-6.3.4-sources.jar
2026-02-11 17:25:34,041 [Worker-30: Download sources and javadoc] INFO  o.e.m.c.i.e.AbstractTransferListenerAdapter - Downloaded https://repo.maven.apache.org/maven2/org/springframework/security/spring-security-crypto/6.3.4/spring-security-crypto-6.3.4-sources.jar
2026-02-11 17:25:34,045 [Worker-30: Download sources and javadoc] INFO  o.e.m.j.internal.DownloadSourcesJob - Downloaded sources for org.springframework.security:spring-security-crypto:6.3.4
2026-02-11 17:25:34,304 [Worker-30: Download sources and javadoc] INFO  o.e.m.c.i.e.AbstractTransferListenerAdapter - Downloading https://repo.maven.apache.org/maven2/io/github/openfeign/feign-core/13.3/feign-core-13.3-sources.jar
2026-02-11 17:25:34,497 [Worker-30: Download sources and javadoc] INFO  o.e.m.c.i.e.AbstractTransferListenerAdapter - Downloaded https://repo.maven.apache.org/maven2/io/github/openfeign/feign-core/13.3/feign-core-13.3-sources.jar
2026-02-11 17:25:34,503 [Worker-30: Download sources and javadoc] INFO  o.e.m.j.internal.DownloadSourcesJob - Downloaded sources for io.github.openfeign:feign-core:13.3
2026-02-11 17:25:34,764 [Worker-30: Download sources and javadoc] INFO  o.e.m.c.i.e.AbstractTransferListenerAdapter - Downloading https://repo.maven.apache.org/maven2/io/github/openfeign/feign-slf4j/13.3/feign-slf4j-13.3-sources.jar
2026-02-11 17:25:34,952 [Worker-30: Download sources and javadoc] INFO  o.e.m.c.i.e.AbstractTransferListenerAdapter - Downloaded https://repo.maven.apache.org/maven2/io/github/openfeign/feign-slf4j/13.3/feign-slf4j-13.3-sources.jar
2026-02-11 17:25:34,957 [Worker-30: Download sources and javadoc] INFO  o.e.m.j.internal.DownloadSourcesJob - Downloaded sources for io.github.openfeign:feign-slf4j:13.3
2026-02-11 17:25:35,278 [Worker-30: Download sources and javadoc] INFO  o.e.m.c.i.e.AbstractTransferListenerAdapter - Downloading https://repo.maven.apache.org/maven2/org/springframework/boot/spring-boot-starter-validation/3.3.5/spring-boot-starter-validation-3.3.5-sources.jar
2026-02-11 17:25:35,444 [Worker-30: Download sources and javadoc] INFO  o.e.m.c.i.e.AbstractTransferListenerAdapter - Downloaded https://repo.maven.apache.org/maven2/org/springframework/boot/spring-boot-starter-validation/3.3.5/spring-boot-starter-validation-3.3.5-sources.jar
2026-02-11 17:25:35,447 [Worker-30: Download sources and javadoc] INFO  o.e.m.j.internal.DownloadSourcesJob - Downloaded sources for org.springframework.boot:spring-boot-starter-validation:3.3.5
2026-02-11 17:25:35,775 [Worker-30: Download sources and javadoc] INFO  o.e.m.c.i.e.AbstractTransferListenerAdapter - Downloading https://repo.maven.apache.org/maven2/org/springframework/boot/spring-boot-starter-actuator/3.3.5/spring-boot-starter-actuator-3.3.5-sources.jar
2026-02-11 17:25:35,946 [Worker-30: Download sources and javadoc] INFO  o.e.m.c.i.e.AbstractTransferListenerAdapter - Downloaded https://repo.maven.apache.org/maven2/org/springframework/boot/spring-boot-starter-actuator/3.3.5/spring-boot-starter-actuator-3.3.5-sources.jar
2026-02-11 17:25:35,950 [Worker-30: Download sources and javadoc] INFO  o.e.m.j.internal.DownloadSourcesJob - Downloaded sources for org.springframework.boot:spring-boot-starter-actuator:3.3.5
2026-02-11 17:25:36,233 [Worker-30: Download sources and javadoc] INFO  o.e.m.c.i.e.AbstractTransferListenerAdapter - Downloading https://repo.maven.apache.org/maven2/org/springframework/boot/spring-boot-actuator-autoconfigure/3.3.5/spring-boot-actuator-autoconfigure-3.3.5-sources.jar
2026-02-11 17:25:36,637 [Worker-30: Download sources and javadoc] INFO  o.e.m.c.i.e.AbstractTransferListenerAdapter - Downloaded https://repo.maven.apache.org/maven2/org/springframework/boot/spring-boot-actuator-autoconfigure/3.3.5/spring-boot-actuator-autoconfigure-3.3.5-sources.jar
2026-02-11 17:25:36,641 [Worker-30: Download sources and javadoc] INFO  o.e.m.j.internal.DownloadSourcesJob - Downloaded sources for org.springframework.boot:spring-boot-actuator-autoconfigure:3.3.5
2026-02-11 17:25:36,924 [Worker-30: Download sources and javadoc] INFO  o.e.m.c.i.e.AbstractTransferListenerAdapter - Downloading https://repo.maven.apache.org/maven2/org/springframework/boot/spring-boot-actuator/3.3.5/spring-boot-actuator-3.3.5-sources.jar
2026-02-11 17:25:37,325 [Worker-30: Download sources and javadoc] INFO  o.e.m.c.i.e.AbstractTransferListenerAdapter - Downloaded https://repo.maven.apache.org/maven2/org/springframework/boot/spring-boot-actuator/3.3.5/spring-boot-actuator-3.3.5-sources.jar
2026-02-11 17:25:37,330 [Worker-30: Download sources and javadoc] INFO  o.e.m.j.internal.DownloadSourcesJob - Downloaded sources for org.springframework.boot:spring-boot-actuator:3.3.5
2026-02-11 17:25:37,583 [Worker-30: Download sources and javadoc] INFO  o.e.m.c.i.e.AbstractTransferListenerAdapter - Downloading https://repo.maven.apache.org/maven2/io/micrometer/micrometer-jakarta9/1.13.6/micrometer-jakarta9-1.13.6-sources.jar
2026-02-11 17:25:37,944 [Worker-30: Download sources and javadoc] INFO  o.e.m.c.i.e.AbstractTransferListenerAdapter - Downloaded https://repo.maven.apache.org/maven2/io/micrometer/micrometer-jakarta9/1.13.6/micrometer-jakarta9-1.13.6-sources.jar
2026-02-11 17:25:37,949 [Worker-30: Download sources and javadoc] INFO  o.e.m.j.internal.DownloadSourcesJob - Downloaded sources for io.micrometer:micrometer-jakarta9:1.13.6
2026-02-11 17:25:38,363 [Worker-30: Download sources and javadoc] INFO  o.e.m.c.i.e.AbstractTransferListenerAdapter - Downloading https://repo.maven.apache.org/maven2/io/micrometer/micrometer-core/1.13.6/micrometer-core-1.13.6-sources.jar
2026-02-11 17:25:38,895 [Worker-30: Download sources and javadoc] INFO  o.e.m.c.i.e.AbstractTransferListenerAdapter - Downloaded https://repo.maven.apache.org/maven2/io/micrometer/micrometer-core/1.13.6/micrometer-core-1.13.6-sources.jar
2026-02-11 17:25:38,900 [Worker-30: Download sources and javadoc] INFO  o.e.m.j.internal.DownloadSourcesJob - Downloaded sources for io.micrometer:micrometer-core:1.13.6
2026-02-11 17:25:39,154 [Worker-30: Download sources and javadoc] INFO  o.e.m.c.i.e.AbstractTransferListenerAdapter - Downloading https://repo.maven.apache.org/maven2/org/springframework/boot/spring-boot-devtools/3.3.5/spring-boot-devtools-3.3.5-sources.jar
2026-02-11 17:25:39,437 [Worker-30: Download sources and javadoc] INFO  o.e.m.c.i.e.AbstractTransferListenerAdapter - Downloaded https://repo.maven.apache.org/maven2/org/springframework/boot/spring-boot-devtools/3.3.5/spring-boot-devtools-3.3.5-sources.jar
2026-02-11 17:25:39,442 [Worker-30: Download sources and javadoc] INFO  o.e.m.j.internal.DownloadSourcesJob - Downloaded sources for org.springframework.boot:spring-boot-devtools:3.3.5
2026-02-11 17:25:40,075 [Worker-30: Building] INFO  o.a.m.s.f.DefaultMavenResourcesFiltering - Copying 0 resource from src\main\resources to target\classes
2026-02-11 17:25:40,075 [Worker-30: Building] INFO  o.a.m.s.f.DefaultMavenResourcesFiltering - Copying 0 resource from src\main\resources to target\classes
2026-02-11 17:25:40,080 [Worker-30: Building] INFO  o.a.m.s.f.DefaultMavenResourcesFiltering - skip non existing resourceDirectory C:\Users\Expert\Desktop\Spring REST API with Advance features\EmployeeService\src\test\resources
2026-02-11 17:25:41,157 [Worker-30: Building] INFO  o.a.m.s.f.DefaultMavenResourcesFiltering - Copying 0 resource from src\main\resources to target\classes
2026-02-11 17:25:41,158 [Worker-30: Building] INFO  o.a.m.s.f.DefaultMavenResourcesFiltering - Copying 0 resource from src\main\resources to target\classes
2026-02-11 17:25:41,162 [Worker-30: Building] INFO  o.a.m.s.f.DefaultMavenResourcesFiltering - skip non existing resourceDirectory C:\Users\Expert\Desktop\Spring REST API with Advance features\EmployeeService\src\test\resources
2026-02-11 17:26:04,264 [Worker-24: Download sources and javadoc] INFO  o.e.m.c.i.e.AbstractTransferListenerAdapter - Downloaded https://repo.maven.apache.org/maven2/org/springframework/cloud/spring-cloud-starter-openfeign/4.1.3/spring-cloud-starter-openfeign-4.1.3-javadoc.jar
2026-02-11 17:26:04,267 [Worker-24: Download sources and javadoc] ERROR o.e.m.j.internal.DownloadSourcesJob - Could not download javadoc for org.springframework.cloud:spring-cloud-starter-openfeign:4.1.3
org.eclipse.core.runtime.CoreException: Could not resolve artifact org.springframework.cloud:spring-cloud-starter-openfeign:jar:javadoc:4.1.3
	at org.eclipse.m2e.core.internal.embedder.MavenImpl.lambda$6(MavenImpl.java:608) ~[na:na]
	at org.eclipse.m2e.core.internal.embedder.MavenExecutionContext.executeBare(MavenExecutionContext.java:350) ~[na:na]
	at org.eclipse.m2e.core.internal.embedder.MavenExecutionContext.execute(MavenExecutionContext.java:219) ~[na:na]
	at org.eclipse.m2e.core.internal.embedder.MavenExecutionContext.execute(MavenExecutionContext.java:205) ~[na:na]
	at org.eclipse.m2e.core.internal.embedder.MavenImpl.resolve(MavenImpl.java:577) ~[na:na]
	at org.eclipse.m2e.core.internal.embedder.MavenImpl.resolve(MavenImpl.java:562) ~[na:na]
	at org.eclipse.m2e.jdt.internal.DownloadSourcesJob.download(DownloadSourcesJob.java:308) ~[na:na]
	at org.eclipse.m2e.jdt.internal.DownloadSourcesJob.downloadAttachments(DownloadSourcesJob.java:294) ~[na:na]
	at org.eclipse.m2e.jdt.internal.DownloadSourcesJob.downloadMaven(DownloadSourcesJob.java:252) ~[na:na]
	at org.eclipse.m2e.jdt.internal.DownloadSourcesJob.downloadFilesAndPopulateToUpdate(DownloadSourcesJob.java:220) ~[na:na]
	at org.eclipse.m2e.jdt.internal.DownloadSourcesJob.lambda$0(DownloadSourcesJob.java:149) ~[na:na]
	at org.eclipse.m2e.core.internal.embedder.MavenExecutionContext.executeBare(MavenExecutionContext.java:350) ~[na:na]
	at org.eclipse.m2e.core.internal.embedder.MavenExecutionContext.execute(MavenExecutionContext.java:262) ~[na:na]
	at org.eclipse.m2e.core.internal.embedder.MavenExecutionContext.execute(MavenExecutionContext.java:205) ~[na:na]
	at org.eclipse.m2e.core.embedder.IMaven.execute(IMaven.java:270) ~[na:na]
	at org.eclipse.m2e.jdt.internal.DownloadSourcesJob.run(DownloadSourcesJob.java:149) ~[na:na]
	at org.eclipse.core.internal.jobs.Worker.run(Worker.java:63) ~[org.eclipse.core.jobs_3.13.100.v20220817-1539.jar:na]
2026-02-11 17:26:04,535 [Worker-24: Download sources and javadoc] INFO  o.e.m.c.i.e.AbstractTransferListenerAdapter - Downloading https://repo.maven.apache.org/maven2/org/springframework/cloud/spring-cloud-starter/4.1.4/spring-cloud-starter-4.1.4-javadoc.jar
2026-02-11 17:26:04,706 [Worker-24: Download sources and javadoc] INFO  o.e.m.c.i.e.AbstractTransferListenerAdapter - Downloaded https://repo.maven.apache.org/maven2/org/springframework/cloud/spring-cloud-starter/4.1.4/spring-cloud-starter-4.1.4-javadoc.jar
2026-02-11 17:26:04,710 [Worker-24: Download sources and javadoc] INFO  o.e.m.j.internal.DownloadSourcesJob - Downloaded javadoc for org.springframework.cloud:spring-cloud-starter:4.1.4
2026-02-11 17:26:05,354 [Worker-36: Building] INFO  o.a.m.s.f.DefaultMavenResourcesFiltering - Copying 0 resource from src\main\resources to target\classes
2026-02-11 17:26:05,355 [Worker-36: Building] INFO  o.a.m.s.f.DefaultMavenResourcesFiltering - Copying 0 resource from src\main\resources to target\classes
2026-02-11 17:26:05,360 [Worker-36: Building] INFO  o.a.m.s.f.DefaultMavenResourcesFiltering - skip non existing resourceDirectory C:\Users\Expert\Desktop\Spring REST API with Advance features\EmployeeService\src\test\resources
2026-02-11 17:26:06,392 [Worker-23: Building] INFO  o.a.m.s.f.DefaultMavenResourcesFiltering - Copying 0 resource from src\main\resources to target\classes
2026-02-11 17:26:06,393 [Worker-23: Building] INFO  o.a.m.s.f.DefaultMavenResourcesFiltering - Copying 0 resource from src\main\resources to target\classes
2026-02-11 17:26:06,398 [Worker-23: Building] INFO  o.a.m.s.f.DefaultMavenResourcesFiltering - skip non existing resourceDirectory C:\Users\Expert\Desktop\Spring REST API with Advance features\EmployeeService\src\test\resources
2026-02-11 17:30:43,652 [Worker-30: Building] INFO  o.a.m.s.f.DefaultMavenResourcesFiltering - Copying 1 resource from src\main\resources to target\classes
2026-02-11 17:30:43,684 [Worker-30: Building] INFO  o.a.m.s.f.DefaultMavenResourcesFiltering - Copying 0 resource from src\main\resources to target\classes
2026-02-11 17:30:43,689 [Worker-30: Building] INFO  o.a.m.s.f.DefaultMavenResourcesFiltering - skip non existing resourceDirectory C:\Users\Expert\Desktop\Spring REST API with Advance features\EmployeeService\src\test\resources
2026-02-11 17:30:44,778 [Worker-36: Building] INFO  o.a.m.s.f.DefaultMavenResourcesFiltering - Copying 0 resource from src\main\resources to target\classes
2026-02-11 17:30:44,780 [Worker-36: Building] INFO  o.a.m.s.f.DefaultMavenResourcesFiltering - Copying 0 resource from src\main\resources to target\classes
2026-02-11 17:30:44,784 [Worker-36: Building] INFO  o.a.m.s.f.DefaultMavenResourcesFiltering - skip non existing resourceDirectory C:\Users\Expert\Desktop\Spring REST API with Advance features\EmployeeService\src\test\resources
2026-02-11 17:38:28,912 [Worker-41: Building] INFO  o.a.m.s.f.DefaultMavenResourcesFiltering - Copying 0 resource from src\main\resources to target\classes
2026-02-11 17:38:28,913 [Worker-41: Building] INFO  o.a.m.s.f.DefaultMavenResourcesFiltering - Copying 0 resource from src\main\resources to target\classes
2026-02-11 17:38:28,919 [Worker-41: Building] INFO  o.a.m.s.f.DefaultMavenResourcesFiltering - skip non existing resourceDirectory C:\Users\Expert\Desktop\Spring REST API with Advance features\EmployeeService\src\test\resources
2026-02-11 17:39:27,828 [Worker-41: Building] INFO  o.a.m.s.f.DefaultMavenResourcesFiltering - Copying 1 resource from src\main\resources to target\classes
2026-02-11 17:39:27,868 [Worker-41: Building] INFO  o.a.m.s.f.DefaultMavenResourcesFiltering - Copying 0 resource from src\main\resources to target\classes
2026-02-11 17:39:27,876 [Worker-41: Building] INFO  o.a.m.s.f.DefaultMavenResourcesFiltering - skip non existing resourceDirectory C:\Users\Expert\Desktop\Spring REST API with Advance features\EmployeeService\src\test\resources
2026-02-11 17:41:58,964 [Worker-39: Building] INFO  o.a.m.s.f.DefaultMavenResourcesFiltering - Copying 1 resource from src\main\resources to target\classes
2026-02-11 17:41:59,005 [Worker-39: Building] INFO  o.a.m.s.f.DefaultMavenResourcesFiltering - Copying 0 resource from src\main\resources to target\classes
2026-02-11 17:41:59,010 [Worker-39: Building] INFO  o.a.m.s.f.DefaultMavenResourcesFiltering - skip non existing resourceDirectory C:\Users\Expert\Desktop\Spring REST API with Advance features\EmployeeService\src\test\resources
2026-02-11 17:42:00,400 [Worker-43: Building] INFO  o.a.m.s.f.DefaultMavenResourcesFiltering - Copying 0 resource from src\main\resources to target\classes
2026-02-11 17:42:00,400 [Worker-43: Building] INFO  o.a.m.s.f.DefaultMavenResourcesFiltering - Copying 0 resource from src\main\resources to target\classes
2026-02-11 17:42:00,404 [Worker-43: Building] INFO  o.a.m.s.f.DefaultMavenResourcesFiltering - skip non existing resourceDirectory C:\Users\Expert\Desktop\Spring REST API with Advance features\EmployeeService\src\test\resources
2026-02-11 18:29:04,686 [Worker-46: Building] INFO  o.a.m.s.f.DefaultMavenResourcesFiltering - Copying 1 resource from src\main\resources to target\classes
2026-02-11 18:29:04,873 [Worker-46: Building] INFO  o.a.m.s.f.DefaultMavenResourcesFiltering - Copying 0 resource from src\main\resources to target\classes
2026-02-11 18:29:04,879 [Worker-46: Building] INFO  o.a.m.s.f.DefaultMavenResourcesFiltering - skip non existing resourceDirectory C:\Users\Expert\Desktop\Spring REST API with Advance features\EmployeeService\src\test\resources
2026-02-11 18:29:06,050 [Worker-47: Building] INFO  o.a.m.s.f.DefaultMavenResourcesFiltering - Copying 0 resource from src\main\resources to target\classes
2026-02-11 18:29:06,051 [Worker-47: Building] INFO  o.a.m.s.f.DefaultMavenResourcesFiltering - Copying 0 resource from src\main\resources to target\classes
2026-02-11 18:29:06,055 [Worker-47: Building] INFO  o.a.m.s.f.DefaultMavenResourcesFiltering - skip non existing resourceDirectory C:\Users\Expert\Desktop\Spring REST API with Advance features\EmployeeService\src\test\resources
2026-02-11 18:29:07,081 [Worker-47: Building] INFO  o.a.m.s.f.DefaultMavenResourcesFiltering - Copying 0 resource from src\main\resources to target\classes
2026-02-11 18:29:07,082 [Worker-47: Building] INFO  o.a.m.s.f.DefaultMavenResourcesFiltering - Copying 0 resource from src\main\resources to target\classes
2026-02-11 18:29:07,089 [Worker-47: Building] INFO  o.a.m.s.f.DefaultMavenResourcesFiltering - skip non existing resourceDirectory C:\Users\Expert\Desktop\Spring REST API with Advance features\EmployeeService\src\test\resources
2026-02-11 18:32:24,211 [Worker-48: Building] INFO  o.a.m.s.f.DefaultMavenResourcesFiltering - Copying 1 resource from src\main\resources to target\classes
2026-02-11 18:32:24,247 [Worker-48: Building] INFO  o.a.m.s.f.DefaultMavenResourcesFiltering - Copying 0 resource from src\main\resources to target\classes
2026-02-11 18:32:24,250 [Worker-48: Building] INFO  o.a.m.s.f.DefaultMavenResourcesFiltering - skip non existing resourceDirectory C:\Users\Expert\Desktop\Spring REST API with Advance features\EmployeeService\src\test\resources
2026-02-11 18:33:40,983 [Worker-47: Building] INFO  o.a.m.s.f.DefaultMavenResourcesFiltering - Copying 1 resource from src\main\resources to target\classes
2026-02-11 18:33:41,009 [Worker-47: Building] INFO  o.a.m.s.f.DefaultMavenResourcesFiltering - Copying 0 resource from src\main\resources to target\classes
2026-02-11 18:33:41,015 [Worker-47: Building] INFO  o.a.m.s.f.DefaultMavenResourcesFiltering - skip non existing resourceDirectory C:\Users\Expert\Desktop\Spring REST API with Advance features\EmployeeService\src\test\resources
2026-02-11 18:33:42,057 [Worker-44: Building] INFO  o.a.m.s.f.DefaultMavenResourcesFiltering - Copying 0 resource from src\main\resources to target\classes
2026-02-11 18:33:42,057 [Worker-44: Building] INFO  o.a.m.s.f.DefaultMavenResourcesFiltering - Copying 0 resource from src\main\resources to target\classes
2026-02-11 18:33:42,063 [Worker-44: Building] INFO  o.a.m.s.f.DefaultMavenResourcesFiltering - skip non existing resourceDirectory C:\Users\Expert\Desktop\Spring REST API with Advance features\EmployeeService\src\test\resources
2026-02-11 18:34:11,407 [Worker-47: Building] INFO  o.a.m.s.f.DefaultMavenResourcesFiltering - Copying 0 resource from src\main\resources to target\classes
2026-02-11 18:34:11,412 [Worker-47: Building] INFO  o.a.m.s.f.DefaultMavenResourcesFiltering - Copying 0 resource from src\main\resources to target\classes
2026-02-11 18:34:11,416 [Worker-47: Building] INFO  o.a.m.s.f.DefaultMavenResourcesFiltering - skip non existing resourceDirectory C:\Users\Expert\Desktop\Spring REST API with Advance features\EmployeeService\src\test\resources
2026-02-11 18:34:51,388 [Worker-46: Building] INFO  o.a.m.s.f.DefaultMavenResourcesFiltering - Copying 0 resource from src\main\resources to target\classes
2026-02-11 18:34:51,389 [Worker-46: Building] INFO  o.a.m.s.f.DefaultMavenResourcesFiltering - Copying 0 resource from src\main\resources to target\classes
2026-02-11 18:34:51,392 [Worker-46: Building] INFO  o.a.m.s.f.DefaultMavenResourcesFiltering - skip non existing resourceDirectory C:\Users\Expert\Desktop\Spring REST API with Advance features\EmployeeService\src\test\resources
2026-02-11 18:35:40,133 [Worker-48: Building] INFO  o.a.m.s.f.DefaultMavenResourcesFiltering - Copying 0 resource from src\main\resources to target\classes
2026-02-11 18:35:40,134 [Worker-48: Building] INFO  o.a.m.s.f.DefaultMavenResourcesFiltering - Copying 0 resource from src\main\resources to target\classes
2026-02-11 18:35:40,137 [Worker-48: Building] INFO  o.a.m.s.f.DefaultMavenResourcesFiltering - skip non existing resourceDirectory C:\Users\Expert\Desktop\Spring REST API with Advance features\EmployeeService\src\test\resources
2026-02-11 18:36:12,331 [Worker-44: Building] INFO  o.a.m.s.f.DefaultMavenResourcesFiltering - Copying 0 resource from src\main\resources to target\classes
2026-02-11 18:36:12,331 [Worker-44: Building] INFO  o.a.m.s.f.DefaultMavenResourcesFiltering - Copying 0 resource from src\main\resources to target\classes
2026-02-11 18:36:12,335 [Worker-44: Building] INFO  o.a.m.s.f.DefaultMavenResourcesFiltering - skip non existing resourceDirectory C:\Users\Expert\Desktop\Spring REST API with Advance features\EmployeeService\src\test\resources
2026-02-11 18:36:39,483 [Worker-48: Building] INFO  o.a.m.s.f.DefaultMavenResourcesFiltering - Copying 0 resource from src\main\resources to target\classes
2026-02-11 18:36:39,483 [Worker-48: Building] INFO  o.a.m.s.f.DefaultMavenResourcesFiltering - Copying 0 resource from src\main\resources to target\classes
2026-02-11 18:36:39,486 [Worker-48: Building] INFO  o.a.m.s.f.DefaultMavenResourcesFiltering - skip non existing resourceDirectory C:\Users\Expert\Desktop\Spring REST API with Advance features\EmployeeService\src\test\resources
2026-02-24 08:54:05,932 [Worker-4: Loading available Gradle versions] INFO  o.e.b.c.i.u.g.PublishedGradleVersions - Gradle version information cache is out-of-date. Trying to update.
2026-02-24 10:05:38,765 [Worker-24: Building] INFO  o.a.m.s.f.DefaultMavenResourcesFiltering - Copying 1 resource from src\main\resources to target\classes
2026-02-24 10:05:38,963 [Worker-24: Building] INFO  o.a.m.s.f.DefaultMavenResourcesFiltering - Copying 0 resource from src\main\resources to target\classes
2026-02-24 10:05:38,967 [Worker-24: Building] INFO  o.a.m.s.f.DefaultMavenResourcesFiltering - skip non existing resourceDirectory C:\Users\Expert\Desktop\Spring REST API with Advance features\EmployeeService\src\test\resources
2026-02-24 10:07:10,023 [Worker-26: Building] INFO  o.a.m.s.f.DefaultMavenResourcesFiltering - Copying 1 resource from src\main\resources to target\classes
2026-02-24 10:07:10,116 [Worker-26: Building] INFO  o.a.m.s.f.DefaultMavenResourcesFiltering - Copying 0 resource from src\main\resources to target\classes
2026-02-24 10:07:10,122 [Worker-26: Building] INFO  o.a.m.s.f.DefaultMavenResourcesFiltering - skip non existing resourceDirectory C:\Users\Expert\Desktop\Spring REST API with Advance features\EmployeeService\src\test\resources
2026-02-24 10:14:12,828 [Worker-23: Launching DemoApplication (1)] INFO  o.a.m.s.f.DefaultMavenResourcesFiltering - Copying 1 resource from src\main\resources to target\classes
2026-02-24 10:14:12,845 [Worker-23: Launching DemoApplication (1)] INFO  o.a.m.s.f.DefaultMavenResourcesFiltering - Copying 0 resource from src\main\resources to target\classes
2026-02-24 10:14:12,851 [Worker-23: Launching DemoApplication (1)] INFO  o.a.m.s.f.DefaultMavenResourcesFiltering - skip non existing resourceDirectory C:\Users\Expert\Desktop\Spring REST API with Advance features\EmployeeService\src\test\resources
2026-02-24 10:17:04,710 [Worker-29: Building] INFO  o.a.m.s.f.DefaultMavenResourcesFiltering - Copying 1 resource from src\main\resources to target\classes
2026-02-24 10:17:04,721 [Worker-29: Building] INFO  o.a.m.s.f.DefaultMavenResourcesFiltering - Copying 0 resource from src\main\resources to target\classes
2026-02-24 10:17:04,724 [Worker-29: Building] INFO  o.a.m.s.f.DefaultMavenResourcesFiltering - skip non existing resourceDirectory C:\Users\Expert\Desktop\Spring REST API with Advance features\EmployeeService\src\test\resources
2026-02-24 10:17:05,831 [Worker-23: Building] INFO  o.a.m.s.f.DefaultMavenResourcesFiltering - Copying 0 resource from src\main\resources to target\classes
2026-02-24 10:17:05,832 [Worker-23: Building] INFO  o.a.m.s.f.DefaultMavenResourcesFiltering - Copying 0 resource from src\main\resources to target\classes
2026-02-24 10:17:05,839 [Worker-23: Building] INFO  o.a.m.s.f.DefaultMavenResourcesFiltering - skip non existing resourceDirectory C:\Users\Expert\Desktop\Spring REST API with Advance features\EmployeeService\src\test\resources
2026-02-24 10:17:54,697 [Worker-23: Building] INFO  o.a.m.s.f.DefaultMavenResourcesFiltering - Copying 1 resource from src\main\resources to target\classes
2026-02-24 10:17:54,709 [Worker-23: Building] INFO  o.a.m.s.f.DefaultMavenResourcesFiltering - Copying 0 resource from src\main\resources to target\classes
2026-02-24 10:17:54,715 [Worker-23: Building] INFO  o.a.m.s.f.DefaultMavenResourcesFiltering - skip non existing resourceDirectory C:\Users\Expert\Desktop\Spring REST API with Advance features\EmployeeService\src\test\resources
2026-02-24 10:17:55,805 [Worker-22: Building] INFO  o.a.m.s.f.DefaultMavenResourcesFiltering - Copying 0 resource from src\main\resources to target\classes
2026-02-24 10:17:55,806 [Worker-22: Building] INFO  o.a.m.s.f.DefaultMavenResourcesFiltering - Copying 0 resource from src\main\resources to target\classes
2026-02-24 10:17:55,812 [Worker-22: Building] INFO  o.a.m.s.f.DefaultMavenResourcesFiltering - skip non existing resourceDirectory C:\Users\Expert\Desktop\Spring REST API with Advance features\EmployeeService\src\test\resources
2026-02-24 10:19:54,921 [Worker-29: Building] INFO  o.a.m.s.f.DefaultMavenResourcesFiltering - Copying 1 resource from src\main\resources to target\classes
2026-02-24 10:19:54,954 [Worker-29: Building] INFO  o.a.m.s.f.DefaultMavenResourcesFiltering - Copying 0 resource from src\main\resources to target\classes
2026-02-24 10:19:54,962 [Worker-29: Building] INFO  o.a.m.s.f.DefaultMavenResourcesFiltering - skip non existing resourceDirectory C:\Users\Expert\Desktop\Spring REST API with Advance features\EmployeeService\src\test\resources
2026-02-24 10:19:55,993 [Worker-22: Building] INFO  o.a.m.s.f.DefaultMavenResourcesFiltering - Copying 0 resource from src\main\resources to target\classes
2026-02-24 10:19:55,993 [Worker-22: Building] INFO  o.a.m.s.f.DefaultMavenResourcesFiltering - Copying 0 resource from src\main\resources to target\classes
2026-02-24 10:19:55,998 [Worker-22: Building] INFO  o.a.m.s.f.DefaultMavenResourcesFiltering - skip non existing resourceDirectory C:\Users\Expert\Desktop\Spring REST API with Advance features\EmployeeService\src\test\resources
2026-02-24 10:52:58,116 [Worker-31: Building] INFO  o.a.m.s.f.DefaultMavenResourcesFiltering - Copying 1 resource from src\main\resources to target\classes
2026-02-24 10:52:58,157 [Worker-31: Building] INFO  o.a.m.s.f.DefaultMavenResourcesFiltering - Copying 0 resource from src\main\resources to target\classes
2026-02-24 10:52:58,165 [Worker-31: Building] INFO  o.a.m.s.f.DefaultMavenResourcesFiltering - skip non existing resourceDirectory C:\Users\Expert\Desktop\Spring REST API with Advance features\EmployeeService\src\test\resources
2026-03-01 11:30:35,534 [Worker-6: Loading available Gradle versions] INFO  o.e.b.c.i.u.g.PublishedGradleVersions - Gradle version information cache is out-of-date. Trying to update.
2026-03-01 11:52:34,141 [Worker-21: Building] INFO  o.a.m.s.f.DefaultMavenResourcesFiltering - Copying 1 resource from src\main\resources to target\classes
2026-03-01 11:52:34,170 [Worker-21: Building] INFO  o.a.m.s.f.DefaultMavenResourcesFiltering - Copying 0 resource from src\main\resources to target\classes
2026-03-01 11:52:34,175 [Worker-21: Building] INFO  o.a.m.s.f.DefaultMavenResourcesFiltering - skip non existing resourceDirectory C:\Users\Expert\Desktop\Spring REST API with Advance features\EmployeeService\src\test\resources
2026-03-01 11:53:21,674 [Worker-20: Importing Maven projects] ERROR o.e.m.j.i.l.MavenLaunchConfigurationListener - Launch configuration ASTFrame references non-existing project restdemo.
org.eclipse.core.runtime.CoreException: Launch configuration ASTFrame references non-existing project restdemo.
	at org.eclipse.jdt.launching.JavaRuntime.abort(JavaRuntime.java:1861) ~[na:na]
	at org.eclipse.jdt.launching.JavaRuntime.getJavaProject(JavaRuntime.java:1736) ~[na:na]
	at org.eclipse.m2e.jdt.internal.launch.MavenLaunchConfigurationListener.updateLaunchConfiguration(MavenLaunchConfigurationListener.java:64) ~[na:na]
	at org.eclipse.m2e.jdt.internal.launch.MavenLaunchConfigurationListener.launchConfigurationAdded(MavenLaunchConfigurationListener.java:45) ~[na:na]
	at org.eclipse.debug.internal.core.LaunchManager$ConfigurationNotifier.run(LaunchManager.java:219) ~[na:na]
	at org.eclipse.core.runtime.SafeRunner.run(SafeRunner.java:45) ~[org.eclipse.equinox.common_3.16.200.v20220817-1601.jar:na]
	at org.eclipse.debug.internal.core.LaunchManager$ConfigurationNotifier.notify(LaunchManager.java:209) ~[na:na]
	at org.eclipse.debug.internal.core.LaunchManager.launchConfigurationAdded(LaunchManager.java:2120) ~[na:na]
	at org.eclipse.debug.internal.core.LaunchManager.projectOpened(LaunchManager.java:2212) ~[na:na]
	at org.eclipse.debug.internal.core.LaunchManager$LaunchManagerVisitor.visit(LaunchManager.java:356) ~[na:na]
	at org.eclipse.core.internal.events.ResourceDelta.accept(ResourceDelta.java:67) ~[na:na]
	at org.eclipse.core.internal.events.ResourceDelta.accept(ResourceDelta.java:77) ~[na:na]
	at org.eclipse.core.internal.events.ResourceDelta.accept(ResourceDelta.java:51) ~[na:na]
	at org.eclipse.debug.internal.core.LaunchManager.resourceChanged(LaunchManager.java:2272) ~[na:na]
	at org.eclipse.core.internal.events.NotificationManager$1.run(NotificationManager.java:307) ~[na:na]
	at org.eclipse.core.runtime.SafeRunner.run(SafeRunner.java:45) ~[org.eclipse.equinox.common_3.16.200.v20220817-1601.jar:na]
	at org.eclipse.core.internal.events.NotificationManager.notify(NotificationManager.java:297) ~[na:na]
	at org.eclipse.core.internal.events.NotificationManager.broadcastChanges(NotificationManager.java:160) ~[na:na]
	at org.eclipse.core.internal.resources.Workspace.broadcastPostChange(Workspace.java:388) ~[na:na]
	at org.eclipse.core.internal.resources.Workspace.endOperation(Workspace.java:1514) ~[na:na]
	at org.eclipse.core.internal.resources.Resource.refreshLocal(Resource.java:1579) ~[na:na]
	at org.eclipse.core.internal.resources.Project.open(Project.java:1094) ~[na:na]
	at org.eclipse.core.internal.resources.Project.open(Project.java:1150) ~[na:na]
	at org.eclipse.m2e.core.internal.project.ProjectConfigurationManager.create(ProjectConfigurationManager.java:819) ~[na:na]
	at org.eclipse.m2e.core.internal.project.ProjectConfigurationManager.lambda$1(ProjectConfigurationManager.java:152) ~[na:na]
	at org.eclipse.m2e.core.internal.embedder.MavenExecutionContext.executeBare(MavenExecutionContext.java:350) ~[na:na]
	at org.eclipse.m2e.core.internal.embedder.MavenExecutionContext.execute(MavenExecutionContext.java:262) ~[na:na]
	at org.eclipse.m2e.core.internal.embedder.MavenExecutionContext.execute(MavenExecutionContext.java:205) ~[na:na]
	at org.eclipse.m2e.core.internal.project.ProjectConfigurationManager.importProjects(ProjectConfigurationManager.java:138) ~[na:na]
	at org.eclipse.m2e.core.ui.internal.wizards.ImportMavenProjectsJob$1.doCreateMavenProjects(ImportMavenProjectsJob.java:70) ~[org.eclipse.m2e.core.ui_2.0.0.20220726-0935.jar:na]
	at org.eclipse.m2e.core.ui.internal.wizards.AbstractCreateMavenProjectsOperation.run(AbstractCreateMavenProjectsOperation.java:57) ~[org.eclipse.m2e.core.ui_2.0.0.20220726-0935.jar:na]
	at org.eclipse.m2e.core.ui.internal.wizards.ImportMavenProjectsJob.runInWorkspace(ImportMavenProjectsJob.java:79) ~[org.eclipse.m2e.core.ui_2.0.0.20220726-0935.jar:na]
	at org.eclipse.core.internal.resources.InternalWorkspaceJob.run(InternalWorkspaceJob.java:43) ~[na:na]
	at org.eclipse.core.internal.jobs.Worker.run(Worker.java:63) ~[org.eclipse.core.jobs_3.13.100.v20220817-1539.jar:na]
2026-03-01 11:53:21,725 [Worker-20: Importing Maven projects] ERROR o.e.m.j.i.l.MavenLaunchConfigurationListener - Launch configuration DemoSpringBootAopApplication references non-existing project Demo_SpringBootAOP.
org.eclipse.core.runtime.CoreException: Launch configuration DemoSpringBootAopApplication references non-existing project Demo_SpringBootAOP.
	at org.eclipse.jdt.launching.JavaRuntime.abort(JavaRuntime.java:1861) ~[na:na]
	at org.eclipse.jdt.launching.JavaRuntime.getJavaProject(JavaRuntime.java:1736) ~[na:na]
	at org.eclipse.m2e.jdt.internal.launch.MavenLaunchConfigurationListener.updateLaunchConfiguration(MavenLaunchConfigurationListener.java:64) ~[na:na]
	at org.eclipse.m2e.jdt.internal.launch.MavenLaunchConfigurationListener.launchConfigurationAdded(MavenLaunchConfigurationListener.java:45) ~[na:na]
	at org.eclipse.debug.internal.core.LaunchManager$ConfigurationNotifier.run(LaunchManager.java:219) ~[na:na]
	at org.eclipse.core.runtime.SafeRunner.run(SafeRunner.java:45) ~[org.eclipse.equinox.common_3.16.200.v20220817-1601.jar:na]
	at org.eclipse.debug.internal.core.LaunchManager$ConfigurationNotifier.notify(LaunchManager.java:209) ~[na:na]
	at org.eclipse.debug.internal.core.LaunchManager.launchConfigurationAdded(LaunchManager.java:2120) ~[na:na]
	at org.eclipse.debug.internal.core.LaunchManager.projectOpened(LaunchManager.java:2212) ~[na:na]
	at org.eclipse.debug.internal.core.LaunchManager$LaunchManagerVisitor.visit(LaunchManager.java:356) ~[na:na]
	at org.eclipse.core.internal.events.ResourceDelta.accept(ResourceDelta.java:67) ~[na:na]
	at org.eclipse.core.internal.events.ResourceDelta.accept(ResourceDelta.java:77) ~[na:na]
	at org.eclipse.core.internal.events.ResourceDelta.accept(ResourceDelta.java:51) ~[na:na]
	at org.eclipse.debug.internal.core.LaunchManager.resourceChanged(LaunchManager.java:2272) ~[na:na]
	at org.eclipse.core.internal.events.NotificationManager$1.run(NotificationManager.java:307) ~[na:na]
	at org.eclipse.core.runtime.SafeRunner.run(SafeRunner.java:45) ~[org.eclipse.equinox.common_3.16.200.v20220817-1601.jar:na]
	at org.eclipse.core.internal.events.NotificationManager.notify(NotificationManager.java:297) ~[na:na]
	at org.eclipse.core.internal.events.NotificationManager.broadcastChanges(NotificationManager.java:160) ~[na:na]
	at org.eclipse.core.internal.resources.Workspace.broadcastPostChange(Workspace.java:388) ~[na:na]
	at org.eclipse.core.internal.resources.Workspace.endOperation(Workspace.java:1514) ~[na:na]
	at org.eclipse.core.internal.resources.Resource.refreshLocal(Resource.java:1579) ~[na:na]
	at org.eclipse.core.internal.resources.Project.open(Project.java:1094) ~[na:na]
	at org.eclipse.core.internal.resources.Project.open(Project.java:1150) ~[na:na]
	at org.eclipse.m2e.core.internal.project.ProjectConfigurationManager.create(ProjectConfigurationManager.java:819) ~[na:na]
	at org.eclipse.m2e.core.internal.project.ProjectConfigurationManager.lambda$1(ProjectConfigurationManager.java:152) ~[na:na]
	at org.eclipse.m2e.core.internal.embedder.MavenExecutionContext.executeBare(MavenExecutionContext.java:350) ~[na:na]
	at org.eclipse.m2e.core.internal.embedder.MavenExecutionContext.execute(MavenExecutionContext.java:262) ~[na:na]
	at org.eclipse.m2e.core.internal.embedder.MavenExecutionContext.execute(MavenExecutionContext.java:205) ~[na:na]
	at org.eclipse.m2e.core.internal.project.ProjectConfigurationManager.importProjects(ProjectConfigurationManager.java:138) ~[na:na]
	at org.eclipse.m2e.core.ui.internal.wizards.ImportMavenProjectsJob$1.doCreateMavenProjects(ImportMavenProjectsJob.java:70) ~[org.eclipse.m2e.core.ui_2.0.0.20220726-0935.jar:na]
	at org.eclipse.m2e.core.ui.internal.wizards.AbstractCreateMavenProjectsOperation.run(AbstractCreateMavenProjectsOperation.java:57) ~[org.eclipse.m2e.core.ui_2.0.0.20220726-0935.jar:na]
	at org.eclipse.m2e.core.ui.internal.wizards.ImportMavenProjectsJob.runInWorkspace(ImportMavenProjectsJob.java:79) ~[org.eclipse.m2e.core.ui_2.0.0.20220726-0935.jar:na]
	at org.eclipse.core.internal.resources.InternalWorkspaceJob.run(InternalWorkspaceJob.java:43) ~[na:na]
	at org.eclipse.core.internal.jobs.Worker.run(Worker.java:63) ~[org.eclipse.core.jobs_3.13.100.v20220817-1539.jar:na]
2026-03-01 11:53:21,746 [Worker-20: Importing Maven projects] ERROR o.e.m.j.i.l.MavenLaunchConfigurationListener - Launch configuration FirstSpringProjectApplication references non-existing project FirstSpringProject.
org.eclipse.core.runtime.CoreException: Launch configuration FirstSpringProjectApplication references non-existing project FirstSpringProject.
	at org.eclipse.jdt.launching.JavaRuntime.abort(JavaRuntime.java:1861) ~[na:na]
	at org.eclipse.jdt.launching.JavaRuntime.getJavaProject(JavaRuntime.java:1736) ~[na:na]
	at org.eclipse.m2e.jdt.internal.launch.MavenLaunchConfigurationListener.updateLaunchConfiguration(MavenLaunchConfigurationListener.java:64) ~[na:na]
	at org.eclipse.m2e.jdt.internal.launch.MavenLaunchConfigurationListener.launchConfigurationAdded(MavenLaunchConfigurationListener.java:45) ~[na:na]
	at org.eclipse.debug.internal.core.LaunchManager$ConfigurationNotifier.run(LaunchManager.java:219) ~[na:na]
	at org.eclipse.core.runtime.SafeRunner.run(SafeRunner.java:45) ~[org.eclipse.equinox.common_3.16.200.v20220817-1601.jar:na]
	at org.eclipse.debug.internal.core.LaunchManager$ConfigurationNotifier.notify(LaunchManager.java:209) ~[na:na]
	at org.eclipse.debug.internal.core.LaunchManager.launchConfigurationAdded(LaunchManager.java:2120) ~[na:na]
	at org.eclipse.debug.internal.core.LaunchManager.projectOpened(LaunchManager.java:2212) ~[na:na]
	at org.eclipse.debug.internal.core.LaunchManager$LaunchManagerVisitor.visit(LaunchManager.java:356) ~[na:na]
	at org.eclipse.core.internal.events.ResourceDelta.accept(ResourceDelta.java:67) ~[na:na]
	at org.eclipse.core.internal.events.ResourceDelta.accept(ResourceDelta.java:77) ~[na:na]
	at org.eclipse.core.internal.events.ResourceDelta.accept(ResourceDelta.java:51) ~[na:na]
	at org.eclipse.debug.internal.core.LaunchManager.resourceChanged(LaunchManager.java:2272) ~[na:na]
	at org.eclipse.core.internal.events.NotificationManager$1.run(NotificationManager.java:307) ~[na:na]
	at org.eclipse.core.runtime.SafeRunner.run(SafeRunner.java:45) ~[org.eclipse.equinox.common_3.16.200.v20220817-1601.jar:na]
	at org.eclipse.core.internal.events.NotificationManager.notify(NotificationManager.java:297) ~[na:na]
	at org.eclipse.core.internal.events.NotificationManager.broadcastChanges(NotificationManager.java:160) ~[na:na]
	at org.eclipse.core.internal.resources.Workspace.broadcastPostChange(Workspace.java:388) ~[na:na]
	at org.eclipse.core.internal.resources.Workspace.endOperation(Workspace.java:1514) ~[na:na]
	at org.eclipse.core.internal.resources.Resource.refreshLocal(Resource.java:1579) ~[na:na]
	at org.eclipse.core.internal.resources.Project.open(Project.java:1094) ~[na:na]
	at org.eclipse.core.internal.resources.Project.open(Project.java:1150) ~[na:na]
	at org.eclipse.m2e.core.internal.project.ProjectConfigurationManager.create(ProjectConfigurationManager.java:819) ~[na:na]
	at org.eclipse.m2e.core.internal.project.ProjectConfigurationManager.lambda$1(ProjectConfigurationManager.java:152) ~[na:na]
	at org.eclipse.m2e.core.internal.embedder.MavenExecutionContext.executeBare(MavenExecutionContext.java:350) ~[na:na]
	at org.eclipse.m2e.core.internal.embedder.MavenExecutionContext.execute(MavenExecutionContext.java:262) ~[na:na]
	at org.eclipse.m2e.core.internal.embedder.MavenExecutionContext.execute(MavenExecutionContext.java:205) ~[na:na]
	at org.eclipse.m2e.core.internal.project.ProjectConfigurationManager.importProjects(ProjectConfigurationManager.java:138) ~[na:na]
	at org.eclipse.m2e.core.ui.internal.wizards.ImportMavenProjectsJob$1.doCreateMavenProjects(ImportMavenProjectsJob.java:70) ~[org.eclipse.m2e.core.ui_2.0.0.20220726-0935.jar:na]
	at org.eclipse.m2e.core.ui.internal.wizards.AbstractCreateMavenProjectsOperation.run(AbstractCreateMavenProjectsOperation.java:57) ~[org.eclipse.m2e.core.ui_2.0.0.20220726-0935.jar:na]
	at org.eclipse.m2e.core.ui.internal.wizards.ImportMavenProjectsJob.runInWorkspace(ImportMavenProjectsJob.java:79) ~[org.eclipse.m2e.core.ui_2.0.0.20220726-0935.jar:na]
	at org.eclipse.core.internal.resources.InternalWorkspaceJob.run(InternalWorkspaceJob.java:43) ~[na:na]
	at org.eclipse.core.internal.jobs.Worker.run(Worker.java:63) ~[org.eclipse.core.jobs_3.13.100.v20220817-1539.jar:na]
2026-03-01 11:53:21,762 [Worker-20: Importing Maven projects] ERROR o.e.m.j.i.l.MavenLaunchConfigurationListener - Launch configuration Hello references non-existing project Hello.
org.eclipse.core.runtime.CoreException: Launch configuration Hello references non-existing project Hello.
	at org.eclipse.jdt.launching.JavaRuntime.abort(JavaRuntime.java:1861) ~[na:na]
	at org.eclipse.jdt.launching.JavaRuntime.getJavaProject(JavaRuntime.java:1736) ~[na:na]
	at org.eclipse.m2e.jdt.internal.launch.MavenLaunchConfigurationListener.updateLaunchConfiguration(MavenLaunchConfigurationListener.java:64) ~[na:na]
	at org.eclipse.m2e.jdt.internal.launch.MavenLaunchConfigurationListener.launchConfigurationAdded(MavenLaunchConfigurationListener.java:45) ~[na:na]
	at org.eclipse.debug.internal.core.LaunchManager$ConfigurationNotifier.run(LaunchManager.java:219) ~[na:na]
	at org.eclipse.core.runtime.SafeRunner.run(SafeRunner.java:45) ~[org.eclipse.equinox.common_3.16.200.v20220817-1601.jar:na]
	at org.eclipse.debug.internal.core.LaunchManager$ConfigurationNotifier.notify(LaunchManager.java:209) ~[na:na]
	at org.eclipse.debug.internal.core.LaunchManager.launchConfigurationAdded(LaunchManager.java:2120) ~[na:na]
	at org.eclipse.debug.internal.core.LaunchManager.projectOpened(LaunchManager.java:2212) ~[na:na]
	at org.eclipse.debug.internal.core.LaunchManager$LaunchManagerVisitor.visit(LaunchManager.java:356) ~[na:na]
	at org.eclipse.core.internal.events.ResourceDelta.accept(ResourceDelta.java:67) ~[na:na]
	at org.eclipse.core.internal.events.ResourceDelta.accept(ResourceDelta.java:77) ~[na:na]
	at org.eclipse.core.internal.events.ResourceDelta.accept(ResourceDelta.java:51) ~[na:na]
	at org.eclipse.debug.internal.core.LaunchManager.resourceChanged(LaunchManager.java:2272) ~[na:na]
	at org.eclipse.core.internal.events.NotificationManager$1.run(NotificationManager.java:307) ~[na:na]
	at org.eclipse.core.runtime.SafeRunner.run(SafeRunner.java:45) ~[org.eclipse.equinox.common_3.16.200.v20220817-1601.jar:na]
	at org.eclipse.core.internal.events.NotificationManager.notify(NotificationManager.java:297) ~[na:na]
	at org.eclipse.core.internal.events.NotificationManager.broadcastChanges(NotificationManager.java:160) ~[na:na]
	at org.eclipse.core.internal.resources.Workspace.broadcastPostChange(Workspace.java:388) ~[na:na]
	at org.eclipse.core.internal.resources.Workspace.endOperation(Workspace.java:1514) ~[na:na]
	at org.eclipse.core.internal.resources.Resource.refreshLocal(Resource.java:1579) ~[na:na]
	at org.eclipse.core.internal.resources.Project.open(Project.java:1094) ~[na:na]
	at org.eclipse.core.internal.resources.Project.open(Project.java:1150) ~[na:na]
	at org.eclipse.m2e.core.internal.project.ProjectConfigurationManager.create(ProjectConfigurationManager.java:819) ~[na:na]
	at org.eclipse.m2e.core.internal.project.ProjectConfigurationManager.lambda$1(ProjectConfigurationManager.java:152) ~[na:na]
	at org.eclipse.m2e.core.internal.embedder.MavenExecutionContext.executeBare(MavenExecutionContext.java:350) ~[na:na]
	at org.eclipse.m2e.core.internal.embedder.MavenExecutionContext.execute(MavenExecutionContext.java:262) ~[na:na]
	at org.eclipse.m2e.core.internal.embedder.MavenExecutionContext.execute(MavenExecutionContext.java:205) ~[na:na]
	at org.eclipse.m2e.core.internal.project.ProjectConfigurationManager.importProjects(ProjectConfigurationManager.java:138) ~[na:na]
	at org.eclipse.m2e.core.ui.internal.wizards.ImportMavenProjectsJob$1.doCreateMavenProjects(ImportMavenProjectsJob.java:70) ~[org.eclipse.m2e.core.ui_2.0.0.20220726-0935.jar:na]
	at org.eclipse.m2e.core.ui.internal.wizards.AbstractCreateMavenProjectsOperation.run(AbstractCreateMavenProjectsOperation.java:57) ~[org.eclipse.m2e.core.ui_2.0.0.20220726-0935.jar:na]
	at org.eclipse.m2e.core.ui.internal.wizards.ImportMavenProjectsJob.runInWorkspace(ImportMavenProjectsJob.java:79) ~[org.eclipse.m2e.core.ui_2.0.0.20220726-0935.jar:na]
	at org.eclipse.core.internal.resources.InternalWorkspaceJob.run(InternalWorkspaceJob.java:43) ~[na:na]
	at org.eclipse.core.internal.jobs.Worker.run(Worker.java:63) ~[org.eclipse.core.jobs_3.13.100.v20220817-1539.jar:na]
2026-03-01 11:53:21,782 [Worker-20: Importing Maven projects] ERROR o.e.m.j.i.l.MavenLaunchConfigurationListener - Launch configuration Hello2 references non-existing project Hello.
org.eclipse.core.runtime.CoreException: Launch configuration Hello2 references non-existing project Hello.
	at org.eclipse.jdt.launching.JavaRuntime.abort(JavaRuntime.java:1861) ~[na:na]
	at org.eclipse.jdt.launching.JavaRuntime.getJavaProject(JavaRuntime.java:1736) ~[na:na]
	at org.eclipse.m2e.jdt.internal.launch.MavenLaunchConfigurationListener.updateLaunchConfiguration(MavenLaunchConfigurationListener.java:64) ~[na:na]
	at org.eclipse.m2e.jdt.internal.launch.MavenLaunchConfigurationListener.launchConfigurationAdded(MavenLaunchConfigurationListener.java:45) ~[na:na]
	at org.eclipse.debug.internal.core.LaunchManager$ConfigurationNotifier.run(LaunchManager.java:219) ~[na:na]
	at org.eclipse.core.runtime.SafeRunner.run(SafeRunner.java:45) ~[org.eclipse.equinox.common_3.16.200.v20220817-1601.jar:na]
	at org.eclipse.debug.internal.core.LaunchManager$ConfigurationNotifier.notify(LaunchManager.java:209) ~[na:na]
	at org.eclipse.debug.internal.core.LaunchManager.launchConfigurationAdded(LaunchManager.java:2120) ~[na:na]
	at org.eclipse.debug.internal.core.LaunchManager.projectOpened(LaunchManager.java:2212) ~[na:na]
	at org.eclipse.debug.internal.core.LaunchManager$LaunchManagerVisitor.visit(LaunchManager.java:356) ~[na:na]
	at org.eclipse.core.internal.events.ResourceDelta.accept(ResourceDelta.java:67) ~[na:na]
	at org.eclipse.core.internal.events.ResourceDelta.accept(ResourceDelta.java:77) ~[na:na]
	at org.eclipse.core.internal.events.ResourceDelta.accept(ResourceDelta.java:51) ~[na:na]
	at org.eclipse.debug.internal.core.LaunchManager.resourceChanged(LaunchManager.java:2272) ~[na:na]
	at org.eclipse.core.internal.events.NotificationManager$1.run(NotificationManager.java:307) ~[na:na]
	at org.eclipse.core.runtime.SafeRunner.run(SafeRunner.java:45) ~[org.eclipse.equinox.common_3.16.200.v20220817-1601.jar:na]
	at org.eclipse.core.internal.events.NotificationManager.notify(NotificationManager.java:297) ~[na:na]
	at org.eclipse.core.internal.events.NotificationManager.broadcastChanges(NotificationManager.java:160) ~[na:na]
	at org.eclipse.core.internal.resources.Workspace.broadcastPostChange(Workspace.java:388) ~[na:na]
	at org.eclipse.core.internal.resources.Workspace.endOperation(Workspace.java:1514) ~[na:na]
	at org.eclipse.core.internal.resources.Resource.refreshLocal(Resource.java:1579) ~[na:na]
	at org.eclipse.core.internal.resources.Project.open(Project.java:1094) ~[na:na]
	at org.eclipse.core.internal.resources.Project.open(Project.java:1150) ~[na:na]
	at org.eclipse.m2e.core.internal.project.ProjectConfigurationManager.create(ProjectConfigurationManager.java:819) ~[na:na]
	at org.eclipse.m2e.core.internal.project.ProjectConfigurationManager.lambda$1(ProjectConfigurationManager.java:152) ~[na:na]
	at org.eclipse.m2e.core.internal.embedder.MavenExecutionContext.executeBare(MavenExecutionContext.java:350) ~[na:na]
	at org.eclipse.m2e.core.internal.embedder.MavenExecutionContext.execute(MavenExecutionContext.java:262) ~[na:na]
	at org.eclipse.m2e.core.internal.embedder.MavenExecutionContext.execute(MavenExecutionContext.java:205) ~[na:na]
	at org.eclipse.m2e.core.internal.project.ProjectConfigurationManager.importProjects(ProjectConfigurationManager.java:138) ~[na:na]
	at org.eclipse.m2e.core.ui.internal.wizards.ImportMavenProjectsJob$1.doCreateMavenProjects(ImportMavenProjectsJob.java:70) ~[org.eclipse.m2e.core.ui_2.0.0.20220726-0935.jar:na]
	at org.eclipse.m2e.core.ui.internal.wizards.AbstractCreateMavenProjectsOperation.run(AbstractCreateMavenProjectsOperation.java:57) ~[org.eclipse.m2e.core.ui_2.0.0.20220726-0935.jar:na]
	at org.eclipse.m2e.core.ui.internal.wizards.ImportMavenProjectsJob.runInWorkspace(ImportMavenProjectsJob.java:79) ~[org.eclipse.m2e.core.ui_2.0.0.20220726-0935.jar:na]
	at org.eclipse.core.internal.resources.InternalWorkspaceJob.run(InternalWorkspaceJob.java:43) ~[na:na]
	at org.eclipse.core.internal.jobs.Worker.run(Worker.java:63) ~[org.eclipse.core.jobs_3.13.100.v20220817-1539.jar:na]
2026-03-01 11:53:21,798 [Worker-20: Importing Maven projects] ERROR o.e.m.j.i.l.MavenLaunchConfigurationListener - Launch configuration Main references non-existing project Basic_JAVA_CONCEPTS.
org.eclipse.core.runtime.CoreException: Launch configuration Main references non-existing project Basic_JAVA_CONCEPTS.
	at org.eclipse.jdt.launching.JavaRuntime.abort(JavaRuntime.java:1861) ~[na:na]
	at org.eclipse.jdt.launching.JavaRuntime.getJavaProject(JavaRuntime.java:1736) ~[na:na]
	at org.eclipse.m2e.jdt.internal.launch.MavenLaunchConfigurationListener.updateLaunchConfiguration(MavenLaunchConfigurationListener.java:64) ~[na:na]
	at org.eclipse.m2e.jdt.internal.launch.MavenLaunchConfigurationListener.launchConfigurationAdded(MavenLaunchConfigurationListener.java:45) ~[na:na]
	at org.eclipse.debug.internal.core.LaunchManager$ConfigurationNotifier.run(LaunchManager.java:219) ~[na:na]
	at org.eclipse.core.runtime.SafeRunner.run(SafeRunner.java:45) ~[org.eclipse.equinox.common_3.16.200.v20220817-1601.jar:na]
	at org.eclipse.debug.internal.core.LaunchManager$ConfigurationNotifier.notify(LaunchManager.java:209) ~[na:na]
	at org.eclipse.debug.internal.core.LaunchManager.launchConfigurationAdded(LaunchManager.java:2120) ~[na:na]
	at org.eclipse.debug.internal.core.LaunchManager.projectOpened(LaunchManager.java:2212) ~[na:na]
	at org.eclipse.debug.internal.core.LaunchManager$LaunchManagerVisitor.visit(LaunchManager.java:356) ~[na:na]
	at org.eclipse.core.internal.events.ResourceDelta.accept(ResourceDelta.java:67) ~[na:na]
	at org.eclipse.core.internal.events.ResourceDelta.accept(ResourceDelta.java:77) ~[na:na]
	at org.eclipse.core.internal.events.ResourceDelta.accept(ResourceDelta.java:51) ~[na:na]
	at org.eclipse.debug.internal.core.LaunchManager.resourceChanged(LaunchManager.java:2272) ~[na:na]
	at org.eclipse.core.internal.events.NotificationManager$1.run(NotificationManager.java:307) ~[na:na]
	at org.eclipse.core.runtime.SafeRunner.run(SafeRunner.java:45) ~[org.eclipse.equinox.common_3.16.200.v20220817-1601.jar:na]
	at org.eclipse.core.internal.events.NotificationManager.notify(NotificationManager.java:297) ~[na:na]
	at org.eclipse.core.internal.events.NotificationManager.broadcastChanges(NotificationManager.java:160) ~[na:na]
	at org.eclipse.core.internal.resources.Workspace.broadcastPostChange(Workspace.java:388) ~[na:na]
	at org.eclipse.core.internal.resources.Workspace.endOperation(Workspace.java:1514) ~[na:na]
	at org.eclipse.core.internal.resources.Resource.refreshLocal(Resource.java:1579) ~[na:na]
	at org.eclipse.core.internal.resources.Project.open(Project.java:1094) ~[na:na]
	at org.eclipse.core.internal.resources.Project.open(Project.java:1150) ~[na:na]
	at org.eclipse.m2e.core.internal.project.ProjectConfigurationManager.create(ProjectConfigurationManager.java:819) ~[na:na]
	at org.eclipse.m2e.core.internal.project.ProjectConfigurationManager.lambda$1(ProjectConfigurationManager.java:152) ~[na:na]
	at org.eclipse.m2e.core.internal.embedder.MavenExecutionContext.executeBare(MavenExecutionContext.java:350) ~[na:na]
	at org.eclipse.m2e.core.internal.embedder.MavenExecutionContext.execute(MavenExecutionContext.java:262) ~[na:na]
	at org.eclipse.m2e.core.internal.embedder.MavenExecutionContext.execute(MavenExecutionContext.java:205) ~[na:na]
	at org.eclipse.m2e.core.internal.project.ProjectConfigurationManager.importProjects(ProjectConfigurationManager.java:138) ~[na:na]
	at org.eclipse.m2e.core.ui.internal.wizards.ImportMavenProjectsJob$1.doCreateMavenProjects(ImportMavenProjectsJob.java:70) ~[org.eclipse.m2e.core.ui_2.0.0.20220726-0935.jar:na]
	at org.eclipse.m2e.core.ui.internal.wizards.AbstractCreateMavenProjectsOperation.run(AbstractCreateMavenProjectsOperation.java:57) ~[org.eclipse.m2e.core.ui_2.0.0.20220726-0935.jar:na]
	at org.eclipse.m2e.core.ui.internal.wizards.ImportMavenProjectsJob.runInWorkspace(ImportMavenProjectsJob.java:79) ~[org.eclipse.m2e.core.ui_2.0.0.20220726-0935.jar:na]
	at org.eclipse.core.internal.resources.InternalWorkspaceJob.run(InternalWorkspaceJob.java:43) ~[na:na]
	at org.eclipse.core.internal.jobs.Worker.run(Worker.java:63) ~[org.eclipse.core.jobs_3.13.100.v20220817-1539.jar:na]
2026-03-01 11:53:21,816 [Worker-20: Importing Maven projects] ERROR o.e.m.j.i.l.MavenLaunchConfigurationListener - Launch configuration MainApp (1) references non-existing project BeanScope.
org.eclipse.core.runtime.CoreException: Launch configuration MainApp (1) references non-existing project BeanScope.
	at org.eclipse.jdt.launching.JavaRuntime.abort(JavaRuntime.java:1861) ~[na:na]
	at org.eclipse.jdt.launching.JavaRuntime.getJavaProject(JavaRuntime.java:1736) ~[na:na]
	at org.eclipse.m2e.jdt.internal.launch.MavenLaunchConfigurationListener.updateLaunchConfiguration(MavenLaunchConfigurationListener.java:64) ~[na:na]
	at org.eclipse.m2e.jdt.internal.launch.MavenLaunchConfigurationListener.launchConfigurationAdded(MavenLaunchConfigurationListener.java:45) ~[na:na]
	at org.eclipse.debug.internal.core.LaunchManager$ConfigurationNotifier.run(LaunchManager.java:219) ~[na:na]
	at org.eclipse.core.runtime.SafeRunner.run(SafeRunner.java:45) ~[org.eclipse.equinox.common_3.16.200.v20220817-1601.jar:na]
	at org.eclipse.debug.internal.core.LaunchManager$ConfigurationNotifier.notify(LaunchManager.java:209) ~[na:na]
	at org.eclipse.debug.internal.core.LaunchManager.launchConfigurationAdded(LaunchManager.java:2120) ~[na:na]
	at org.eclipse.debug.internal.core.LaunchManager.projectOpened(LaunchManager.java:2212) ~[na:na]
	at org.eclipse.debug.internal.core.LaunchManager$LaunchManagerVisitor.visit(LaunchManager.java:356) ~[na:na]
	at org.eclipse.core.internal.events.ResourceDelta.accept(ResourceDelta.java:67) ~[na:na]
	at org.eclipse.core.internal.events.ResourceDelta.accept(ResourceDelta.java:77) ~[na:na]
	at org.eclipse.core.internal.events.ResourceDelta.accept(ResourceDelta.java:51) ~[na:na]
	at org.eclipse.debug.internal.core.LaunchManager.resourceChanged(LaunchManager.java:2272) ~[na:na]
	at org.eclipse.core.internal.events.NotificationManager$1.run(NotificationManager.java:307) ~[na:na]
	at org.eclipse.core.runtime.SafeRunner.run(SafeRunner.java:45) ~[org.eclipse.equinox.common_3.16.200.v20220817-1601.jar:na]
	at org.eclipse.core.internal.events.NotificationManager.notify(NotificationManager.java:297) ~[na:na]
	at org.eclipse.core.internal.events.NotificationManager.broadcastChanges(NotificationManager.java:160) ~[na:na]
	at org.eclipse.core.internal.resources.Workspace.broadcastPostChange(Workspace.java:388) ~[na:na]
	at org.eclipse.core.internal.resources.Workspace.endOperation(Workspace.java:1514) ~[na:na]
	at org.eclipse.core.internal.resources.Resource.refreshLocal(Resource.java:1579) ~[na:na]
	at org.eclipse.core.internal.resources.Project.open(Project.java:1094) ~[na:na]
	at org.eclipse.core.internal.resources.Project.open(Project.java:1150) ~[na:na]
	at org.eclipse.m2e.core.internal.project.ProjectConfigurationManager.create(ProjectConfigurationManager.java:819) ~[na:na]
	at org.eclipse.m2e.core.internal.project.ProjectConfigurationManager.lambda$1(ProjectConfigurationManager.java:152) ~[na:na]
	at org.eclipse.m2e.core.internal.embedder.MavenExecutionContext.executeBare(MavenExecutionContext.java:350) ~[na:na]
	at org.eclipse.m2e.core.internal.embedder.MavenExecutionContext.execute(MavenExecutionContext.java:262) ~[na:na]
	at org.eclipse.m2e.core.internal.embedder.MavenExecutionContext.execute(MavenExecutionContext.java:205) ~[na:na]
	at org.eclipse.m2e.core.internal.project.ProjectConfigurationManager.importProjects(ProjectConfigurationManager.java:138) ~[na:na]
	at org.eclipse.m2e.core.ui.internal.wizards.ImportMavenProjectsJob$1.doCreateMavenProjects(ImportMavenProjectsJob.java:70) ~[org.eclipse.m2e.core.ui_2.0.0.20220726-0935.jar:na]
	at org.eclipse.m2e.core.ui.internal.wizards.AbstractCreateMavenProjectsOperation.run(AbstractCreateMavenProjectsOperation.java:57) ~[org.eclipse.m2e.core.ui_2.0.0.20220726-0935.jar:na]
	at org.eclipse.m2e.core.ui.internal.wizards.ImportMavenProjectsJob.runInWorkspace(ImportMavenProjectsJob.java:79) ~[org.eclipse.m2e.core.ui_2.0.0.20220726-0935.jar:na]
	at org.eclipse.core.internal.resources.InternalWorkspaceJob.run(InternalWorkspaceJob.java:43) ~[na:na]
	at org.eclipse.core.internal.jobs.Worker.run(Worker.java:63) ~[org.eclipse.core.jobs_3.13.100.v20220817-1539.jar:na]
2026-03-01 11:53:21,837 [Worker-20: Importing Maven projects] ERROR o.e.m.j.i.l.MavenLaunchConfigurationListener - Launch configuration MainApp references non-existing project DEMO.
org.eclipse.core.runtime.CoreException: Launch configuration MainApp references non-existing project DEMO.
	at org.eclipse.jdt.launching.JavaRuntime.abort(JavaRuntime.java:1861) ~[na:na]
	at org.eclipse.jdt.launching.JavaRuntime.getJavaProject(JavaRuntime.java:1736) ~[na:na]
	at org.eclipse.m2e.jdt.internal.launch.MavenLaunchConfigurationListener.updateLaunchConfiguration(MavenLaunchConfigurationListener.java:64) ~[na:na]
	at org.eclipse.m2e.jdt.internal.launch.MavenLaunchConfigurationListener.launchConfigurationAdded(MavenLaunchConfigurationListener.java:45) ~[na:na]
	at org.eclipse.debug.internal.core.LaunchManager$ConfigurationNotifier.run(LaunchManager.java:219) ~[na:na]
	at org.eclipse.core.runtime.SafeRunner.run(SafeRunner.java:45) ~[org.eclipse.equinox.common_3.16.200.v20220817-1601.jar:na]
	at org.eclipse.debug.internal.core.LaunchManager$ConfigurationNotifier.notify(LaunchManager.java:209) ~[na:na]
	at org.eclipse.debug.internal.core.LaunchManager.launchConfigurationAdded(LaunchManager.java:2120) ~[na:na]
	at org.eclipse.debug.internal.core.LaunchManager.projectOpened(LaunchManager.java:2212) ~[na:na]
	at org.eclipse.debug.internal.core.LaunchManager$LaunchManagerVisitor.visit(LaunchManager.java:356) ~[na:na]
	at org.eclipse.core.internal.events.ResourceDelta.accept(ResourceDelta.java:67) ~[na:na]
	at org.eclipse.core.internal.events.ResourceDelta.accept(ResourceDelta.java:77) ~[na:na]
	at org.eclipse.core.internal.events.ResourceDelta.accept(ResourceDelta.java:51) ~[na:na]
	at org.eclipse.debug.internal.core.LaunchManager.resourceChanged(LaunchManager.java:2272) ~[na:na]
	at org.eclipse.core.internal.events.NotificationManager$1.run(NotificationManager.java:307) ~[na:na]
	at org.eclipse.core.runtime.SafeRunner.run(SafeRunner.java:45) ~[org.eclipse.equinox.common_3.16.200.v20220817-1601.jar:na]
	at org.eclipse.core.internal.events.NotificationManager.notify(NotificationManager.java:297) ~[na:na]
	at org.eclipse.core.internal.events.NotificationManager.broadcastChanges(NotificationManager.java:160) ~[na:na]
	at org.eclipse.core.internal.resources.Workspace.broadcastPostChange(Workspace.java:388) ~[na:na]
	at org.eclipse.core.internal.resources.Workspace.endOperation(Workspace.java:1514) ~[na:na]
	at org.eclipse.core.internal.resources.Resource.refreshLocal(Resource.java:1579) ~[na:na]
	at org.eclipse.core.internal.resources.Project.open(Project.java:1094) ~[na:na]
	at org.eclipse.core.internal.resources.Project.open(Project.java:1150) ~[na:na]
	at org.eclipse.m2e.core.internal.project.ProjectConfigurationManager.create(ProjectConfigurationManager.java:819) ~[na:na]
	at org.eclipse.m2e.core.internal.project.ProjectConfigurationManager.lambda$1(ProjectConfigurationManager.java:152) ~[na:na]
	at org.eclipse.m2e.core.internal.embedder.MavenExecutionContext.executeBare(MavenExecutionContext.java:350) ~[na:na]
	at org.eclipse.m2e.core.internal.embedder.MavenExecutionContext.execute(MavenExecutionContext.java:262) ~[na:na]
	at org.eclipse.m2e.core.internal.embedder.MavenExecutionContext.execute(MavenExecutionContext.java:205) ~[na:na]
	at org.eclipse.m2e.core.internal.project.ProjectConfigurationManager.importProjects(ProjectConfigurationManager.java:138) ~[na:na]
	at org.eclipse.m2e.core.ui.internal.wizards.ImportMavenProjectsJob$1.doCreateMavenProjects(ImportMavenProjectsJob.java:70) ~[org.eclipse.m2e.core.ui_2.0.0.20220726-0935.jar:na]
	at org.eclipse.m2e.core.ui.internal.wizards.AbstractCreateMavenProjectsOperation.run(AbstractCreateMavenProjectsOperation.java:57) ~[org.eclipse.m2e.core.ui_2.0.0.20220726-0935.jar:na]
	at org.eclipse.m2e.core.ui.internal.wizards.ImportMavenProjectsJob.runInWorkspace(ImportMavenProjectsJob.java:79) ~[org.eclipse.m2e.core.ui_2.0.0.20220726-0935.jar:na]
	at org.eclipse.core.internal.resources.InternalWorkspaceJob.run(InternalWorkspaceJob.java:43) ~[na:na]
	at org.eclipse.core.internal.jobs.Worker.run(Worker.java:63) ~[org.eclipse.core.jobs_3.13.100.v20220817-1539.jar:na]
2026-03-01 11:53:21,856 [Worker-20: Importing Maven projects] ERROR o.e.m.j.i.l.MavenLaunchConfigurationListener - Launch configuration MainClass references non-existing project Beans.
org.eclipse.core.runtime.CoreException: Launch configuration MainClass references non-existing project Beans.
	at org.eclipse.jdt.launching.JavaRuntime.abort(JavaRuntime.java:1861) ~[na:na]
	at org.eclipse.jdt.launching.JavaRuntime.getJavaProject(JavaRuntime.java:1736) ~[na:na]
	at org.eclipse.m2e.jdt.internal.launch.MavenLaunchConfigurationListener.updateLaunchConfiguration(MavenLaunchConfigurationListener.java:64) ~[na:na]
	at org.eclipse.m2e.jdt.internal.launch.MavenLaunchConfigurationListener.launchConfigurationAdded(MavenLaunchConfigurationListener.java:45) ~[na:na]
	at org.eclipse.debug.internal.core.LaunchManager$ConfigurationNotifier.run(LaunchManager.java:219) ~[na:na]
	at org.eclipse.core.runtime.SafeRunner.run(SafeRunner.java:45) ~[org.eclipse.equinox.common_3.16.200.v20220817-1601.jar:na]
	at org.eclipse.debug.internal.core.LaunchManager$ConfigurationNotifier.notify(LaunchManager.java:209) ~[na:na]
	at org.eclipse.debug.internal.core.LaunchManager.launchConfigurationAdded(LaunchManager.java:2120) ~[na:na]
	at org.eclipse.debug.internal.core.LaunchManager.projectOpened(LaunchManager.java:2212) ~[na:na]
	at org.eclipse.debug.internal.core.LaunchManager$LaunchManagerVisitor.visit(LaunchManager.java:356) ~[na:na]
	at org.eclipse.core.internal.events.ResourceDelta.accept(ResourceDelta.java:67) ~[na:na]
	at org.eclipse.core.internal.events.ResourceDelta.accept(ResourceDelta.java:77) ~[na:na]
	at org.eclipse.core.internal.events.ResourceDelta.accept(ResourceDelta.java:51) ~[na:na]
	at org.eclipse.debug.internal.core.LaunchManager.resourceChanged(LaunchManager.java:2272) ~[na:na]
	at org.eclipse.core.internal.events.NotificationManager$1.run(NotificationManager.java:307) ~[na:na]
	at org.eclipse.core.runtime.SafeRunner.run(SafeRunner.java:45) ~[org.eclipse.equinox.common_3.16.200.v20220817-1601.jar:na]
	at org.eclipse.core.internal.events.NotificationManager.notify(NotificationManager.java:297) ~[na:na]
	at org.eclipse.core.internal.events.NotificationManager.broadcastChanges(NotificationManager.java:160) ~[na:na]
	at org.eclipse.core.internal.resources.Workspace.broadcastPostChange(Workspace.java:388) ~[na:na]
	at org.eclipse.core.internal.resources.Workspace.endOperation(Workspace.java:1514) ~[na:na]
	at org.eclipse.core.internal.resources.Resource.refreshLocal(Resource.java:1579) ~[na:na]
	at org.eclipse.core.internal.resources.Project.open(Project.java:1094) ~[na:na]
	at org.eclipse.core.internal.resources.Project.open(Project.java:1150) ~[na:na]
	at org.eclipse.m2e.core.internal.project.ProjectConfigurationManager.create(ProjectConfigurationManager.java:819) ~[na:na]
	at org.eclipse.m2e.core.internal.project.ProjectConfigurationManager.lambda$1(ProjectConfigurationManager.java:152) ~[na:na]
	at org.eclipse.m2e.core.internal.embedder.MavenExecutionContext.executeBare(MavenExecutionContext.java:350) ~[na:na]
	at org.eclipse.m2e.core.internal.embedder.MavenExecutionContext.execute(MavenExecutionContext.java:262) ~[na:na]
	at org.eclipse.m2e.core.internal.embedder.MavenExecutionContext.execute(MavenExecutionContext.java:205) ~[na:na]
	at org.eclipse.m2e.core.internal.project.ProjectConfigurationManager.importProjects(ProjectConfigurationManager.java:138) ~[na:na]
	at org.eclipse.m2e.core.ui.internal.wizards.ImportMavenProjectsJob$1.doCreateMavenProjects(ImportMavenProjectsJob.java:70) ~[org.eclipse.m2e.core.ui_2.0.0.20220726-0935.jar:na]
	at org.eclipse.m2e.core.ui.internal.wizards.AbstractCreateMavenProjectsOperation.run(AbstractCreateMavenProjectsOperation.java:57) ~[org.eclipse.m2e.core.ui_2.0.0.20220726-0935.jar:na]
	at org.eclipse.m2e.core.ui.internal.wizards.ImportMavenProjectsJob.runInWorkspace(ImportMavenProjectsJob.java:79) ~[org.eclipse.m2e.core.ui_2.0.0.20220726-0935.jar:na]
	at org.eclipse.core.internal.resources.InternalWorkspaceJob.run(InternalWorkspaceJob.java:43) ~[na:na]
	at org.eclipse.core.internal.jobs.Worker.run(Worker.java:63) ~[org.eclipse.core.jobs_3.13.100.v20220817-1539.jar:na]
2026-03-01 11:53:21,878 [Worker-20: Importing Maven projects] ERROR o.e.m.j.i.l.MavenLaunchConfigurationListener - Launch configuration OrderValue references non-existing project Basic_JAVA_CONCEPTS.
org.eclipse.core.runtime.CoreException: Launch configuration OrderValue references non-existing project Basic_JAVA_CONCEPTS.
	at org.eclipse.jdt.launching.JavaRuntime.abort(JavaRuntime.java:1861) ~[na:na]
	at org.eclipse.jdt.launching.JavaRuntime.getJavaProject(JavaRuntime.java:1736) ~[na:na]
	at org.eclipse.m2e.jdt.internal.launch.MavenLaunchConfigurationListener.updateLaunchConfiguration(MavenLaunchConfigurationListener.java:64) ~[na:na]
	at org.eclipse.m2e.jdt.internal.launch.MavenLaunchConfigurationListener.launchConfigurationAdded(MavenLaunchConfigurationListener.java:45) ~[na:na]
	at org.eclipse.debug.internal.core.LaunchManager$ConfigurationNotifier.run(LaunchManager.java:219) ~[na:na]
	at org.eclipse.core.runtime.SafeRunner.run(SafeRunner.java:45) ~[org.eclipse.equinox.common_3.16.200.v20220817-1601.jar:na]
	at org.eclipse.debug.internal.core.LaunchManager$ConfigurationNotifier.notify(LaunchManager.java:209) ~[na:na]
	at org.eclipse.debug.internal.core.LaunchManager.launchConfigurationAdded(LaunchManager.java:2120) ~[na:na]
	at org.eclipse.debug.internal.core.LaunchManager.projectOpened(LaunchManager.java:2212) ~[na:na]
	at org.eclipse.debug.internal.core.LaunchManager$LaunchManagerVisitor.visit(LaunchManager.java:356) ~[na:na]
	at org.eclipse.core.internal.events.ResourceDelta.accept(ResourceDelta.java:67) ~[na:na]
	at org.eclipse.core.internal.events.ResourceDelta.accept(ResourceDelta.java:77) ~[na:na]
	at org.eclipse.core.internal.events.ResourceDelta.accept(ResourceDelta.java:51) ~[na:na]
	at org.eclipse.debug.internal.core.LaunchManager.resourceChanged(LaunchManager.java:2272) ~[na:na]
	at org.eclipse.core.internal.events.NotificationManager$1.run(NotificationManager.java:307) ~[na:na]
	at org.eclipse.core.runtime.SafeRunner.run(SafeRunner.java:45) ~[org.eclipse.equinox.common_3.16.200.v20220817-1601.jar:na]
	at org.eclipse.core.internal.events.NotificationManager.notify(NotificationManager.java:297) ~[na:na]
	at org.eclipse.core.internal.events.NotificationManager.broadcastChanges(NotificationManager.java:160) ~[na:na]
	at org.eclipse.core.internal.resources.Workspace.broadcastPostChange(Workspace.java:388) ~[na:na]
	at org.eclipse.core.internal.resources.Workspace.endOperation(Workspace.java:1514) ~[na:na]
	at org.eclipse.core.internal.resources.Resource.refreshLocal(Resource.java:1579) ~[na:na]
	at org.eclipse.core.internal.resources.Project.open(Project.java:1094) ~[na:na]
	at org.eclipse.core.internal.resources.Project.open(Project.java:1150) ~[na:na]
	at org.eclipse.m2e.core.internal.project.ProjectConfigurationManager.create(ProjectConfigurationManager.java:819) ~[na:na]
	at org.eclipse.m2e.core.internal.project.ProjectConfigurationManager.lambda$1(ProjectConfigurationManager.java:152) ~[na:na]
	at org.eclipse.m2e.core.internal.embedder.MavenExecutionContext.executeBare(MavenExecutionContext.java:350) ~[na:na]
	at org.eclipse.m2e.core.internal.embedder.MavenExecutionContext.execute(MavenExecutionContext.java:262) ~[na:na]
	at org.eclipse.m2e.core.internal.embedder.MavenExecutionContext.execute(MavenExecutionContext.java:205) ~[na:na]
	at org.eclipse.m2e.core.internal.project.ProjectConfigurationManager.importProjects(ProjectConfigurationManager.java:138) ~[na:na]
	at org.eclipse.m2e.core.ui.internal.wizards.ImportMavenProjectsJob$1.doCreateMavenProjects(ImportMavenProjectsJob.java:70) ~[org.eclipse.m2e.core.ui_2.0.0.20220726-0935.jar:na]
	at org.eclipse.m2e.core.ui.internal.wizards.AbstractCreateMavenProjectsOperation.run(AbstractCreateMavenProjectsOperation.java:57) ~[org.eclipse.m2e.core.ui_2.0.0.20220726-0935.jar:na]
	at org.eclipse.m2e.core.ui.internal.wizards.ImportMavenProjectsJob.runInWorkspace(ImportMavenProjectsJob.java:79) ~[org.eclipse.m2e.core.ui_2.0.0.20220726-0935.jar:na]
	at org.eclipse.core.internal.resources.InternalWorkspaceJob.run(InternalWorkspaceJob.java:43) ~[na:na]
	at org.eclipse.core.internal.jobs.Worker.run(Worker.java:63) ~[org.eclipse.core.jobs_3.13.100.v20220817-1539.jar:na]
2026-03-01 11:53:21,902 [Worker-20: Importing Maven projects] ERROR o.e.m.j.i.l.MavenLaunchConfigurationListener - Launch configuration RestdemoApplication references non-existing project restdemo.
org.eclipse.core.runtime.CoreException: Launch configuration RestdemoApplication references non-existing project restdemo.
	at org.eclipse.jdt.launching.JavaRuntime.abort(JavaRuntime.java:1861) ~[na:na]
	at org.eclipse.jdt.launching.JavaRuntime.getJavaProject(JavaRuntime.java:1736) ~[na:na]
	at org.eclipse.m2e.jdt.internal.launch.MavenLaunchConfigurationListener.updateLaunchConfiguration(MavenLaunchConfigurationListener.java:64) ~[na:na]
	at org.eclipse.m2e.jdt.internal.launch.MavenLaunchConfigurationListener.launchConfigurationAdded(MavenLaunchConfigurationListener.java:45) ~[na:na]
	at org.eclipse.debug.internal.core.LaunchManager$ConfigurationNotifier.run(LaunchManager.java:219) ~[na:na]
	at org.eclipse.core.runtime.SafeRunner.run(SafeRunner.java:45) ~[org.eclipse.equinox.common_3.16.200.v20220817-1601.jar:na]
	at org.eclipse.debug.internal.core.LaunchManager$ConfigurationNotifier.notify(LaunchManager.java:209) ~[na:na]
	at org.eclipse.debug.internal.core.LaunchManager.launchConfigurationAdded(LaunchManager.java:2120) ~[na:na]
	at org.eclipse.debug.internal.core.LaunchManager.projectOpened(LaunchManager.java:2212) ~[na:na]
	at org.eclipse.debug.internal.core.LaunchManager$LaunchManagerVisitor.visit(LaunchManager.java:356) ~[na:na]
	at org.eclipse.core.internal.events.ResourceDelta.accept(ResourceDelta.java:67) ~[na:na]
	at org.eclipse.core.internal.events.ResourceDelta.accept(ResourceDelta.java:77) ~[na:na]
	at org.eclipse.core.internal.events.ResourceDelta.accept(ResourceDelta.java:51) ~[na:na]
	at org.eclipse.debug.internal.core.LaunchManager.resourceChanged(LaunchManager.java:2272) ~[na:na]
	at org.eclipse.core.internal.events.NotificationManager$1.run(NotificationManager.java:307) ~[na:na]
	at org.eclipse.core.runtime.SafeRunner.run(SafeRunner.java:45) ~[org.eclipse.equinox.common_3.16.200.v20220817-1601.jar:na]
	at org.eclipse.core.internal.events.NotificationManager.notify(NotificationManager.java:297) ~[na:na]
	at org.eclipse.core.internal.events.NotificationManager.broadcastChanges(NotificationManager.java:160) ~[na:na]
	at org.eclipse.core.internal.resources.Workspace.broadcastPostChange(Workspace.java:388) ~[na:na]
	at org.eclipse.core.internal.resources.Workspace.endOperation(Workspace.java:1514) ~[na:na]
	at org.eclipse.core.internal.resources.Resource.refreshLocal(Resource.java:1579) ~[na:na]
	at org.eclipse.core.internal.resources.Project.open(Project.java:1094) ~[na:na]
	at org.eclipse.core.internal.resources.Project.open(Project.java:1150) ~[na:na]
	at org.eclipse.m2e.core.internal.project.ProjectConfigurationManager.create(ProjectConfigurationManager.java:819) ~[na:na]
	at org.eclipse.m2e.core.internal.project.ProjectConfigurationManager.lambda$1(ProjectConfigurationManager.java:152) ~[na:na]
	at org.eclipse.m2e.core.internal.embedder.MavenExecutionContext.executeBare(MavenExecutionContext.java:350) ~[na:na]
	at org.eclipse.m2e.core.internal.embedder.MavenExecutionContext.execute(MavenExecutionContext.java:262) ~[na:na]
	at org.eclipse.m2e.core.internal.embedder.MavenExecutionContext.execute(MavenExecutionContext.java:205) ~[na:na]
	at org.eclipse.m2e.core.internal.project.ProjectConfigurationManager.importProjects(ProjectConfigurationManager.java:138) ~[na:na]
	at org.eclipse.m2e.core.ui.internal.wizards.ImportMavenProjectsJob$1.doCreateMavenProjects(ImportMavenProjectsJob.java:70) ~[org.eclipse.m2e.core.ui_2.0.0.20220726-0935.jar:na]
	at org.eclipse.m2e.core.ui.internal.wizards.AbstractCreateMavenProjectsOperation.run(AbstractCreateMavenProjectsOperation.java:57) ~[org.eclipse.m2e.core.ui_2.0.0.20220726-0935.jar:na]
	at org.eclipse.m2e.core.ui.internal.wizards.ImportMavenProjectsJob.runInWorkspace(ImportMavenProjectsJob.java:79) ~[org.eclipse.m2e.core.ui_2.0.0.20220726-0935.jar:na]
	at org.eclipse.core.internal.resources.InternalWorkspaceJob.run(InternalWorkspaceJob.java:43) ~[na:na]
	at org.eclipse.core.internal.jobs.Worker.run(Worker.java:63) ~[org.eclipse.core.jobs_3.13.100.v20220817-1539.jar:na]
2026-03-01 11:53:21,922 [Worker-20: Importing Maven projects] ERROR o.e.m.j.i.l.MavenLaunchConfigurationListener - Launch configuration SpringEx1Application references non-existing project SpringEx1.
org.eclipse.core.runtime.CoreException: Launch configuration SpringEx1Application references non-existing project SpringEx1.
	at org.eclipse.jdt.launching.JavaRuntime.abort(JavaRuntime.java:1861) ~[na:na]
	at org.eclipse.jdt.launching.JavaRuntime.getJavaProject(JavaRuntime.java:1736) ~[na:na]
	at org.eclipse.m2e.jdt.internal.launch.MavenLaunchConfigurationListener.updateLaunchConfiguration(MavenLaunchConfigurationListener.java:64) ~[na:na]
	at org.eclipse.m2e.jdt.internal.launch.MavenLaunchConfigurationListener.launchConfigurationAdded(MavenLaunchConfigurationListener.java:45) ~[na:na]
	at org.eclipse.debug.internal.core.LaunchManager$ConfigurationNotifier.run(LaunchManager.java:219) ~[na:na]
	at org.eclipse.core.runtime.SafeRunner.run(SafeRunner.java:45) ~[org.eclipse.equinox.common_3.16.200.v20220817-1601.jar:na]
	at org.eclipse.debug.internal.core.LaunchManager$ConfigurationNotifier.notify(LaunchManager.java:209) ~[na:na]
	at org.eclipse.debug.internal.core.LaunchManager.launchConfigurationAdded(LaunchManager.java:2120) ~[na:na]
	at org.eclipse.debug.internal.core.LaunchManager.projectOpened(LaunchManager.java:2212) ~[na:na]
	at org.eclipse.debug.internal.core.LaunchManager$LaunchManagerVisitor.visit(LaunchManager.java:356) ~[na:na]
	at org.eclipse.core.internal.events.ResourceDelta.accept(ResourceDelta.java:67) ~[na:na]
	at org.eclipse.core.internal.events.ResourceDelta.accept(ResourceDelta.java:77) ~[na:na]
	at org.eclipse.core.internal.events.ResourceDelta.accept(ResourceDelta.java:51) ~[na:na]
	at org.eclipse.debug.internal.core.LaunchManager.resourceChanged(LaunchManager.java:2272) ~[na:na]
	at org.eclipse.core.internal.events.NotificationManager$1.run(NotificationManager.java:307) ~[na:na]
	at org.eclipse.core.runtime.SafeRunner.run(SafeRunner.java:45) ~[org.eclipse.equinox.common_3.16.200.v20220817-1601.jar:na]
	at org.eclipse.core.internal.events.NotificationManager.notify(NotificationManager.java:297) ~[na:na]
	at org.eclipse.core.internal.events.NotificationManager.broadcastChanges(NotificationManager.java:160) ~[na:na]
	at org.eclipse.core.internal.resources.Workspace.broadcastPostChange(Workspace.java:388) ~[na:na]
	at org.eclipse.core.internal.resources.Workspace.endOperation(Workspace.java:1514) ~[na:na]
	at org.eclipse.core.internal.resources.Resource.refreshLocal(Resource.java:1579) ~[na:na]
	at org.eclipse.core.internal.resources.Project.open(Project.java:1094) ~[na:na]
	at org.eclipse.core.internal.resources.Project.open(Project.java:1150) ~[na:na]
	at org.eclipse.m2e.core.internal.project.ProjectConfigurationManager.create(ProjectConfigurationManager.java:819) ~[na:na]
	at org.eclipse.m2e.core.internal.project.ProjectConfigurationManager.lambda$1(ProjectConfigurationManager.java:152) ~[na:na]
	at org.eclipse.m2e.core.internal.embedder.MavenExecutionContext.executeBare(MavenExecutionContext.java:350) ~[na:na]
	at org.eclipse.m2e.core.internal.embedder.MavenExecutionContext.execute(MavenExecutionContext.java:262) ~[na:na]
	at org.eclipse.m2e.core.internal.embedder.MavenExecutionContext.execute(MavenExecutionContext.java:205) ~[na:na]
	at org.eclipse.m2e.core.internal.project.ProjectConfigurationManager.importProjects(ProjectConfigurationManager.java:138) ~[na:na]
	at org.eclipse.m2e.core.ui.internal.wizards.ImportMavenProjectsJob$1.doCreateMavenProjects(ImportMavenProjectsJob.java:70) ~[org.eclipse.m2e.core.ui_2.0.0.20220726-0935.jar:na]
	at org.eclipse.m2e.core.ui.internal.wizards.AbstractCreateMavenProjectsOperation.run(AbstractCreateMavenProjectsOperation.java:57) ~[org.eclipse.m2e.core.ui_2.0.0.20220726-0935.jar:na]
	at org.eclipse.m2e.core.ui.internal.wizards.ImportMavenProjectsJob.runInWorkspace(ImportMavenProjectsJob.java:79) ~[org.eclipse.m2e.core.ui_2.0.0.20220726-0935.jar:na]
	at org.eclipse.core.internal.resources.InternalWorkspaceJob.run(InternalWorkspaceJob.java:43) ~[na:na]
	at org.eclipse.core.internal.jobs.Worker.run(Worker.java:63) ~[org.eclipse.core.jobs_3.13.100.v20220817-1539.jar:na]
2026-03-01 11:53:21,960 [Worker-20: Importing Maven projects] ERROR o.e.m.j.i.l.MavenLaunchConfigurationListener - Launch configuration UserInerface references non-existing project com.infy.ioccontainer.
org.eclipse.core.runtime.CoreException: Launch configuration UserInerface references non-existing project com.infy.ioccontainer.
	at org.eclipse.jdt.launching.JavaRuntime.abort(JavaRuntime.java:1861) ~[na:na]
	at org.eclipse.jdt.launching.JavaRuntime.getJavaProject(JavaRuntime.java:1736) ~[na:na]
	at org.eclipse.m2e.jdt.internal.launch.MavenLaunchConfigurationListener.updateLaunchConfiguration(MavenLaunchConfigurationListener.java:64) ~[na:na]
	at org.eclipse.m2e.jdt.internal.launch.MavenLaunchConfigurationListener.launchConfigurationAdded(MavenLaunchConfigurationListener.java:45) ~[na:na]
	at org.eclipse.debug.internal.core.LaunchManager$ConfigurationNotifier.run(LaunchManager.java:219) ~[na:na]
	at org.eclipse.core.runtime.SafeRunner.run(SafeRunner.java:45) ~[org.eclipse.equinox.common_3.16.200.v20220817-1601.jar:na]
	at org.eclipse.debug.internal.core.LaunchManager$ConfigurationNotifier.notify(LaunchManager.java:209) ~[na:na]
	at org.eclipse.debug.internal.core.LaunchManager.launchConfigurationAdded(LaunchManager.java:2120) ~[na:na]
	at org.eclipse.debug.internal.core.LaunchManager.projectOpened(LaunchManager.java:2212) ~[na:na]
	at org.eclipse.debug.internal.core.LaunchManager$LaunchManagerVisitor.visit(LaunchManager.java:356) ~[na:na]
	at org.eclipse.core.internal.events.ResourceDelta.accept(ResourceDelta.java:67) ~[na:na]
	at org.eclipse.core.internal.events.ResourceDelta.accept(ResourceDelta.java:77) ~[na:na]
	at org.eclipse.core.internal.events.ResourceDelta.accept(ResourceDelta.java:51) ~[na:na]
	at org.eclipse.debug.internal.core.LaunchManager.resourceChanged(LaunchManager.java:2272) ~[na:na]
	at org.eclipse.core.internal.events.NotificationManager$1.run(NotificationManager.java:307) ~[na:na]
	at org.eclipse.core.runtime.SafeRunner.run(SafeRunner.java:45) ~[org.eclipse.equinox.common_3.16.200.v20220817-1601.jar:na]
	at org.eclipse.core.internal.events.NotificationManager.notify(NotificationManager.java:297) ~[na:na]
	at org.eclipse.core.internal.events.NotificationManager.broadcastChanges(NotificationManager.java:160) ~[na:na]
	at org.eclipse.core.internal.resources.Workspace.broadcastPostChange(Workspace.java:388) ~[na:na]
	at org.eclipse.core.internal.resources.Workspace.endOperation(Workspace.java:1514) ~[na:na]
	at org.eclipse.core.internal.resources.Resource.refreshLocal(Resource.java:1579) ~[na:na]
	at org.eclipse.core.internal.resources.Project.open(Project.java:1094) ~[na:na]
	at org.eclipse.core.internal.resources.Project.open(Project.java:1150) ~[na:na]
	at org.eclipse.m2e.core.internal.project.ProjectConfigurationManager.create(ProjectConfigurationManager.java:819) ~[na:na]
	at org.eclipse.m2e.core.internal.project.ProjectConfigurationManager.lambda$1(ProjectConfigurationManager.java:152) ~[na:na]
	at org.eclipse.m2e.core.internal.embedder.MavenExecutionContext.executeBare(MavenExecutionContext.java:350) ~[na:na]
	at org.eclipse.m2e.core.internal.embedder.MavenExecutionContext.execute(MavenExecutionContext.java:262) ~[na:na]
	at org.eclipse.m2e.core.internal.embedder.MavenExecutionContext.execute(MavenExecutionContext.java:205) ~[na:na]
	at org.eclipse.m2e.core.internal.project.ProjectConfigurationManager.importProjects(ProjectConfigurationManager.java:138) ~[na:na]
	at org.eclipse.m2e.core.ui.internal.wizards.ImportMavenProjectsJob$1.doCreateMavenProjects(ImportMavenProjectsJob.java:70) ~[org.eclipse.m2e.core.ui_2.0.0.20220726-0935.jar:na]
	at org.eclipse.m2e.core.ui.internal.wizards.AbstractCreateMavenProjectsOperation.run(AbstractCreateMavenProjectsOperation.java:57) ~[org.eclipse.m2e.core.ui_2.0.0.20220726-0935.jar:na]
	at org.eclipse.m2e.core.ui.internal.wizards.ImportMavenProjectsJob.runInWorkspace(ImportMavenProjectsJob.java:79) ~[org.eclipse.m2e.core.ui_2.0.0.20220726-0935.jar:na]
	at org.eclipse.core.internal.resources.InternalWorkspaceJob.run(InternalWorkspaceJob.java:43) ~[na:na]
	at org.eclipse.core.internal.jobs.Worker.run(Worker.java:63) ~[org.eclipse.core.jobs_3.13.100.v20220817-1539.jar:na]
2026-03-01 11:53:21,976 [Worker-20: Importing Maven projects] ERROR o.e.m.j.i.l.MavenLaunchConfigurationListener - Launch configuration UserInterface (1) references non-existing project demo-constructor-injection.
org.eclipse.core.runtime.CoreException: Launch configuration UserInterface (1) references non-existing project demo-constructor-injection.
	at org.eclipse.jdt.launching.JavaRuntime.abort(JavaRuntime.java:1861) ~[na:na]
	at org.eclipse.jdt.launching.JavaRuntime.getJavaProject(JavaRuntime.java:1736) ~[na:na]
	at org.eclipse.m2e.jdt.internal.launch.MavenLaunchConfigurationListener.updateLaunchConfiguration(MavenLaunchConfigurationListener.java:64) ~[na:na]
	at org.eclipse.m2e.jdt.internal.launch.MavenLaunchConfigurationListener.launchConfigurationAdded(MavenLaunchConfigurationListener.java:45) ~[na:na]
	at org.eclipse.debug.internal.core.LaunchManager$ConfigurationNotifier.run(LaunchManager.java:219) ~[na:na]
	at org.eclipse.core.runtime.SafeRunner.run(SafeRunner.java:45) ~[org.eclipse.equinox.common_3.16.200.v20220817-1601.jar:na]
	at org.eclipse.debug.internal.core.LaunchManager$ConfigurationNotifier.notify(LaunchManager.java:209) ~[na:na]
	at org.eclipse.debug.internal.core.LaunchManager.launchConfigurationAdded(LaunchManager.java:2120) ~[na:na]
	at org.eclipse.debug.internal.core.LaunchManager.projectOpened(LaunchManager.java:2212) ~[na:na]
	at org.eclipse.debug.internal.core.LaunchManager$LaunchManagerVisitor.visit(LaunchManager.java:356) ~[na:na]
	at org.eclipse.core.internal.events.ResourceDelta.accept(ResourceDelta.java:67) ~[na:na]
	at org.eclipse.core.internal.events.ResourceDelta.accept(ResourceDelta.java:77) ~[na:na]
	at org.eclipse.core.internal.events.ResourceDelta.accept(ResourceDelta.java:51) ~[na:na]
	at org.eclipse.debug.internal.core.LaunchManager.resourceChanged(LaunchManager.java:2272) ~[na:na]
	at org.eclipse.core.internal.events.NotificationManager$1.run(NotificationManager.java:307) ~[na:na]
	at org.eclipse.core.runtime.SafeRunner.run(SafeRunner.java:45) ~[org.eclipse.equinox.common_3.16.200.v20220817-1601.jar:na]
	at org.eclipse.core.internal.events.NotificationManager.notify(NotificationManager.java:297) ~[na:na]
	at org.eclipse.core.internal.events.NotificationManager.broadcastChanges(NotificationManager.java:160) ~[na:na]
	at org.eclipse.core.internal.resources.Workspace.broadcastPostChange(Workspace.java:388) ~[na:na]
	at org.eclipse.core.internal.resources.Workspace.endOperation(Workspace.java:1514) ~[na:na]
	at org.eclipse.core.internal.resources.Resource.refreshLocal(Resource.java:1579) ~[na:na]
	at org.eclipse.core.internal.resources.Project.open(Project.java:1094) ~[na:na]
	at org.eclipse.core.internal.resources.Project.open(Project.java:1150) ~[na:na]
	at org.eclipse.m2e.core.internal.project.ProjectConfigurationManager.create(ProjectConfigurationManager.java:819) ~[na:na]
	at org.eclipse.m2e.core.internal.project.ProjectConfigurationManager.lambda$1(ProjectConfigurationManager.java:152) ~[na:na]
	at org.eclipse.m2e.core.internal.embedder.MavenExecutionContext.executeBare(MavenExecutionContext.java:350) ~[na:na]
	at org.eclipse.m2e.core.internal.embedder.MavenExecutionContext.execute(MavenExecutionContext.java:262) ~[na:na]
	at org.eclipse.m2e.core.internal.embedder.MavenExecutionContext.execute(MavenExecutionContext.java:205) ~[na:na]
	at org.eclipse.m2e.core.internal.project.ProjectConfigurationManager.importProjects(ProjectConfigurationManager.java:138) ~[na:na]
	at org.eclipse.m2e.core.ui.internal.wizards.ImportMavenProjectsJob$1.doCreateMavenProjects(ImportMavenProjectsJob.java:70) ~[org.eclipse.m2e.core.ui_2.0.0.20220726-0935.jar:na]
	at org.eclipse.m2e.core.ui.internal.wizards.AbstractCreateMavenProjectsOperation.run(AbstractCreateMavenProjectsOperation.java:57) ~[org.eclipse.m2e.core.ui_2.0.0.20220726-0935.jar:na]
	at org.eclipse.m2e.core.ui.internal.wizards.ImportMavenProjectsJob.runInWorkspace(ImportMavenProjectsJob.java:79) ~[org.eclipse.m2e.core.ui_2.0.0.20220726-0935.jar:na]
	at org.eclipse.core.internal.resources.InternalWorkspaceJob.run(InternalWorkspaceJob.java:43) ~[na:na]
	at org.eclipse.core.internal.jobs.Worker.run(Worker.java:63) ~[org.eclipse.core.jobs_3.13.100.v20220817-1539.jar:na]
2026-03-01 11:53:21,991 [Worker-20: Importing Maven projects] ERROR o.e.m.j.i.l.MavenLaunchConfigurationListener - Launch configuration UserInterface (10) references non-existing project Autowiring.
org.eclipse.core.runtime.CoreException: Launch configuration UserInterface (10) references non-existing project Autowiring.
	at org.eclipse.jdt.launching.JavaRuntime.abort(JavaRuntime.java:1861) ~[na:na]
	at org.eclipse.jdt.launching.JavaRuntime.getJavaProject(JavaRuntime.java:1736) ~[na:na]
	at org.eclipse.m2e.jdt.internal.launch.MavenLaunchConfigurationListener.updateLaunchConfiguration(MavenLaunchConfigurationListener.java:64) ~[na:na]
	at org.eclipse.m2e.jdt.internal.launch.MavenLaunchConfigurationListener.launchConfigurationAdded(MavenLaunchConfigurationListener.java:45) ~[na:na]
	at org.eclipse.debug.internal.core.LaunchManager$ConfigurationNotifier.run(LaunchManager.java:219) ~[na:na]
	at org.eclipse.core.runtime.SafeRunner.run(SafeRunner.java:45) ~[org.eclipse.equinox.common_3.16.200.v20220817-1601.jar:na]
	at org.eclipse.debug.internal.core.LaunchManager$ConfigurationNotifier.notify(LaunchManager.java:209) ~[na:na]
	at org.eclipse.debug.internal.core.LaunchManager.launchConfigurationAdded(LaunchManager.java:2120) ~[na:na]
	at org.eclipse.debug.internal.core.LaunchManager.projectOpened(LaunchManager.java:2212) ~[na:na]
	at org.eclipse.debug.internal.core.LaunchManager$LaunchManagerVisitor.visit(LaunchManager.java:356) ~[na:na]
	at org.eclipse.core.internal.events.ResourceDelta.accept(ResourceDelta.java:67) ~[na:na]
	at org.eclipse.core.internal.events.ResourceDelta.accept(ResourceDelta.java:77) ~[na:na]
	at org.eclipse.core.internal.events.ResourceDelta.accept(ResourceDelta.java:51) ~[na:na]
	at org.eclipse.debug.internal.core.LaunchManager.resourceChanged(LaunchManager.java:2272) ~[na:na]
	at org.eclipse.core.internal.events.NotificationManager$1.run(NotificationManager.java:307) ~[na:na]
	at org.eclipse.core.runtime.SafeRunner.run(SafeRunner.java:45) ~[org.eclipse.equinox.common_3.16.200.v20220817-1601.jar:na]
	at org.eclipse.core.internal.events.NotificationManager.notify(NotificationManager.java:297) ~[na:na]
	at org.eclipse.core.internal.events.NotificationManager.broadcastChanges(NotificationManager.java:160) ~[na:na]
	at org.eclipse.core.internal.resources.Workspace.broadcastPostChange(Workspace.java:388) ~[na:na]
	at org.eclipse.core.internal.resources.Workspace.endOperation(Workspace.java:1514) ~[na:na]
	at org.eclipse.core.internal.resources.Resource.refreshLocal(Resource.java:1579) ~[na:na]
	at org.eclipse.core.internal.resources.Project.open(Project.java:1094) ~[na:na]
	at org.eclipse.core.internal.resources.Project.open(Project.java:1150) ~[na:na]
	at org.eclipse.m2e.core.internal.project.ProjectConfigurationManager.create(ProjectConfigurationManager.java:819) ~[na:na]
	at org.eclipse.m2e.core.internal.project.ProjectConfigurationManager.lambda$1(ProjectConfigurationManager.java:152) ~[na:na]
	at org.eclipse.m2e.core.internal.embedder.MavenExecutionContext.executeBare(MavenExecutionContext.java:350) ~[na:na]
	at org.eclipse.m2e.core.internal.embedder.MavenExecutionContext.execute(MavenExecutionContext.java:262) ~[na:na]
	at org.eclipse.m2e.core.internal.embedder.MavenExecutionContext.execute(MavenExecutionContext.java:205) ~[na:na]
	at org.eclipse.m2e.core.internal.project.ProjectConfigurationManager.importProjects(ProjectConfigurationManager.java:138) ~[na:na]
	at org.eclipse.m2e.core.ui.internal.wizards.ImportMavenProjectsJob$1.doCreateMavenProjects(ImportMavenProjectsJob.java:70) ~[org.eclipse.m2e.core.ui_2.0.0.20220726-0935.jar:na]
	at org.eclipse.m2e.core.ui.internal.wizards.AbstractCreateMavenProjectsOperation.run(AbstractCreateMavenProjectsOperation.java:57) ~[org.eclipse.m2e.core.ui_2.0.0.20220726-0935.jar:na]
	at org.eclipse.m2e.core.ui.internal.wizards.ImportMavenProjectsJob.runInWorkspace(ImportMavenProjectsJob.java:79) ~[org.eclipse.m2e.core.ui_2.0.0.20220726-0935.jar:na]
	at org.eclipse.core.internal.resources.InternalWorkspaceJob.run(InternalWorkspaceJob.java:43) ~[na:na]
	at org.eclipse.core.internal.jobs.Worker.run(Worker.java:63) ~[org.eclipse.core.jobs_3.13.100.v20220817-1539.jar:na]
2026-03-01 11:53:22,006 [Worker-20: Importing Maven projects] ERROR o.e.m.j.i.l.MavenLaunchConfigurationListener - Launch configuration UserInterface (11) references non-existing project Autowire_On_Setter_Method.
org.eclipse.core.runtime.CoreException: Launch configuration UserInterface (11) references non-existing project Autowire_On_Setter_Method.
	at org.eclipse.jdt.launching.JavaRuntime.abort(JavaRuntime.java:1861) ~[na:na]
	at org.eclipse.jdt.launching.JavaRuntime.getJavaProject(JavaRuntime.java:1736) ~[na:na]
	at org.eclipse.m2e.jdt.internal.launch.MavenLaunchConfigurationListener.updateLaunchConfiguration(MavenLaunchConfigurationListener.java:64) ~[na:na]
	at org.eclipse.m2e.jdt.internal.launch.MavenLaunchConfigurationListener.launchConfigurationAdded(MavenLaunchConfigurationListener.java:45) ~[na:na]
	at org.eclipse.debug.internal.core.LaunchManager$ConfigurationNotifier.run(LaunchManager.java:219) ~[na:na]
	at org.eclipse.core.runtime.SafeRunner.run(SafeRunner.java:45) ~[org.eclipse.equinox.common_3.16.200.v20220817-1601.jar:na]
	at org.eclipse.debug.internal.core.LaunchManager$ConfigurationNotifier.notify(LaunchManager.java:209) ~[na:na]
	at org.eclipse.debug.internal.core.LaunchManager.launchConfigurationAdded(LaunchManager.java:2120) ~[na:na]
	at org.eclipse.debug.internal.core.LaunchManager.projectOpened(LaunchManager.java:2212) ~[na:na]
	at org.eclipse.debug.internal.core.LaunchManager$LaunchManagerVisitor.visit(LaunchManager.java:356) ~[na:na]
	at org.eclipse.core.internal.events.ResourceDelta.accept(ResourceDelta.java:67) ~[na:na]
	at org.eclipse.core.internal.events.ResourceDelta.accept(ResourceDelta.java:77) ~[na:na]
	at org.eclipse.core.internal.events.ResourceDelta.accept(ResourceDelta.java:51) ~[na:na]
	at org.eclipse.debug.internal.core.LaunchManager.resourceChanged(LaunchManager.java:2272) ~[na:na]
	at org.eclipse.core.internal.events.NotificationManager$1.run(NotificationManager.java:307) ~[na:na]
	at org.eclipse.core.runtime.SafeRunner.run(SafeRunner.java:45) ~[org.eclipse.equinox.common_3.16.200.v20220817-1601.jar:na]
	at org.eclipse.core.internal.events.NotificationManager.notify(NotificationManager.java:297) ~[na:na]
	at org.eclipse.core.internal.events.NotificationManager.broadcastChanges(NotificationManager.java:160) ~[na:na]
	at org.eclipse.core.internal.resources.Workspace.broadcastPostChange(Workspace.java:388) ~[na:na]
	at org.eclipse.core.internal.resources.Workspace.endOperation(Workspace.java:1514) ~[na:na]
	at org.eclipse.core.internal.resources.Resource.refreshLocal(Resource.java:1579) ~[na:na]
	at org.eclipse.core.internal.resources.Project.open(Project.java:1094) ~[na:na]
	at org.eclipse.core.internal.resources.Project.open(Project.java:1150) ~[na:na]
	at org.eclipse.m2e.core.internal.project.ProjectConfigurationManager.create(ProjectConfigurationManager.java:819) ~[na:na]
	at org.eclipse.m2e.core.internal.project.ProjectConfigurationManager.lambda$1(ProjectConfigurationManager.java:152) ~[na:na]
	at org.eclipse.m2e.core.internal.embedder.MavenExecutionContext.executeBare(MavenExecutionContext.java:350) ~[na:na]
	at org.eclipse.m2e.core.internal.embedder.MavenExecutionContext.execute(MavenExecutionContext.java:262) ~[na:na]
	at org.eclipse.m2e.core.internal.embedder.MavenExecutionContext.execute(MavenExecutionContext.java:205) ~[na:na]
	at org.eclipse.m2e.core.internal.project.ProjectConfigurationManager.importProjects(ProjectConfigurationManager.java:138) ~[na:na]
	at org.eclipse.m2e.core.ui.internal.wizards.ImportMavenProjectsJob$1.doCreateMavenProjects(ImportMavenProjectsJob.java:70) ~[org.eclipse.m2e.core.ui_2.0.0.20220726-0935.jar:na]
	at org.eclipse.m2e.core.ui.internal.wizards.AbstractCreateMavenProjectsOperation.run(AbstractCreateMavenProjectsOperation.java:57) ~[org.eclipse.m2e.core.ui_2.0.0.20220726-0935.jar:na]
	at org.eclipse.m2e.core.ui.internal.wizards.ImportMavenProjectsJob.runInWorkspace(ImportMavenProjectsJob.java:79) ~[org.eclipse.m2e.core.ui_2.0.0.20220726-0935.jar:na]
	at org.eclipse.core.internal.resources.InternalWorkspaceJob.run(InternalWorkspaceJob.java:43) ~[na:na]
	at org.eclipse.core.internal.jobs.Worker.run(Worker.java:63) ~[org.eclipse.core.jobs_3.13.100.v20220817-1539.jar:na]
2026-03-01 11:53:22,023 [Worker-20: Importing Maven projects] ERROR o.e.m.j.i.l.MavenLaunchConfigurationListener - Launch configuration UserInterface (12) references non-existing project Autowire_On_Constructor.
org.eclipse.core.runtime.CoreException: Launch configuration UserInterface (12) references non-existing project Autowire_On_Constructor.
	at org.eclipse.jdt.launching.JavaRuntime.abort(JavaRuntime.java:1861) ~[na:na]
	at org.eclipse.jdt.launching.JavaRuntime.getJavaProject(JavaRuntime.java:1736) ~[na:na]
	at org.eclipse.m2e.jdt.internal.launch.MavenLaunchConfigurationListener.updateLaunchConfiguration(MavenLaunchConfigurationListener.java:64) ~[na:na]
	at org.eclipse.m2e.jdt.internal.launch.MavenLaunchConfigurationListener.launchConfigurationAdded(MavenLaunchConfigurationListener.java:45) ~[na:na]
	at org.eclipse.debug.internal.core.LaunchManager$ConfigurationNotifier.run(LaunchManager.java:219) ~[na:na]
	at org.eclipse.core.runtime.SafeRunner.run(SafeRunner.java:45) ~[org.eclipse.equinox.common_3.16.200.v20220817-1601.jar:na]
	at org.eclipse.debug.internal.core.LaunchManager$ConfigurationNotifier.notify(LaunchManager.java:209) ~[na:na]
	at org.eclipse.debug.internal.core.LaunchManager.launchConfigurationAdded(LaunchManager.java:2120) ~[na:na]
	at org.eclipse.debug.internal.core.LaunchManager.projectOpened(LaunchManager.java:2212) ~[na:na]
	at org.eclipse.debug.internal.core.LaunchManager$LaunchManagerVisitor.visit(LaunchManager.java:356) ~[na:na]
	at org.eclipse.core.internal.events.ResourceDelta.accept(ResourceDelta.java:67) ~[na:na]
	at org.eclipse.core.internal.events.ResourceDelta.accept(ResourceDelta.java:77) ~[na:na]
	at org.eclipse.core.internal.events.ResourceDelta.accept(ResourceDelta.java:51) ~[na:na]
	at org.eclipse.debug.internal.core.LaunchManager.resourceChanged(LaunchManager.java:2272) ~[na:na]
	at org.eclipse.core.internal.events.NotificationManager$1.run(NotificationManager.java:307) ~[na:na]
	at org.eclipse.core.runtime.SafeRunner.run(SafeRunner.java:45) ~[org.eclipse.equinox.common_3.16.200.v20220817-1601.jar:na]
	at org.eclipse.core.internal.events.NotificationManager.notify(NotificationManager.java:297) ~[na:na]
	at org.eclipse.core.internal.events.NotificationManager.broadcastChanges(NotificationManager.java:160) ~[na:na]
	at org.eclipse.core.internal.resources.Workspace.broadcastPostChange(Workspace.java:388) ~[na:na]
	at org.eclipse.core.internal.resources.Workspace.endOperation(Workspace.java:1514) ~[na:na]
	at org.eclipse.core.internal.resources.Resource.refreshLocal(Resource.java:1579) ~[na:na]
	at org.eclipse.core.internal.resources.Project.open(Project.java:1094) ~[na:na]
	at org.eclipse.core.internal.resources.Project.open(Project.java:1150) ~[na:na]
	at org.eclipse.m2e.core.internal.project.ProjectConfigurationManager.create(ProjectConfigurationManager.java:819) ~[na:na]
	at org.eclipse.m2e.core.internal.project.ProjectConfigurationManager.lambda$1(ProjectConfigurationManager.java:152) ~[na:na]
	at org.eclipse.m2e.core.internal.embedder.MavenExecutionContext.executeBare(MavenExecutionContext.java:350) ~[na:na]
	at org.eclipse.m2e.core.internal.embedder.MavenExecutionContext.execute(MavenExecutionContext.java:262) ~[na:na]
	at org.eclipse.m2e.core.internal.embedder.MavenExecutionContext.execute(MavenExecutionContext.java:205) ~[na:na]
	at org.eclipse.m2e.core.internal.project.ProjectConfigurationManager.importProjects(ProjectConfigurationManager.java:138) ~[na:na]
	at org.eclipse.m2e.core.ui.internal.wizards.ImportMavenProjectsJob$1.doCreateMavenProjects(ImportMavenProjectsJob.java:70) ~[org.eclipse.m2e.core.ui_2.0.0.20220726-0935.jar:na]
	at org.eclipse.m2e.core.ui.internal.wizards.AbstractCreateMavenProjectsOperation.run(AbstractCreateMavenProjectsOperation.java:57) ~[org.eclipse.m2e.core.ui_2.0.0.20220726-0935.jar:na]
	at org.eclipse.m2e.core.ui.internal.wizards.ImportMavenProjectsJob.runInWorkspace(ImportMavenProjectsJob.java:79) ~[org.eclipse.m2e.core.ui_2.0.0.20220726-0935.jar:na]
	at org.eclipse.core.internal.resources.InternalWorkspaceJob.run(InternalWorkspaceJob.java:43) ~[na:na]
	at org.eclipse.core.internal.jobs.Worker.run(Worker.java:63) ~[org.eclipse.core.jobs_3.13.100.v20220817-1539.jar:na]
2026-03-01 11:53:22,040 [Worker-20: Importing Maven projects] ERROR o.e.m.j.i.l.MavenLaunchConfigurationListener - Launch configuration UserInterface (13) references non-existing project Autowire_With_Qualifire_Demo.
org.eclipse.core.runtime.CoreException: Launch configuration UserInterface (13) references non-existing project Autowire_With_Qualifire_Demo.
	at org.eclipse.jdt.launching.JavaRuntime.abort(JavaRuntime.java:1861) ~[na:na]
	at org.eclipse.jdt.launching.JavaRuntime.getJavaProject(JavaRuntime.java:1736) ~[na:na]
	at org.eclipse.m2e.jdt.internal.launch.MavenLaunchConfigurationListener.updateLaunchConfiguration(MavenLaunchConfigurationListener.java:64) ~[na:na]
	at org.eclipse.m2e.jdt.internal.launch.MavenLaunchConfigurationListener.launchConfigurationAdded(MavenLaunchConfigurationListener.java:45) ~[na:na]
	at org.eclipse.debug.internal.core.LaunchManager$ConfigurationNotifier.run(LaunchManager.java:219) ~[na:na]
	at org.eclipse.core.runtime.SafeRunner.run(SafeRunner.java:45) ~[org.eclipse.equinox.common_3.16.200.v20220817-1601.jar:na]
	at org.eclipse.debug.internal.core.LaunchManager$ConfigurationNotifier.notify(LaunchManager.java:209) ~[na:na]
	at org.eclipse.debug.internal.core.LaunchManager.launchConfigurationAdded(LaunchManager.java:2120) ~[na:na]
	at org.eclipse.debug.internal.core.LaunchManager.projectOpened(LaunchManager.java:2212) ~[na:na]
	at org.eclipse.debug.internal.core.LaunchManager$LaunchManagerVisitor.visit(LaunchManager.java:356) ~[na:na]
	at org.eclipse.core.internal.events.ResourceDelta.accept(ResourceDelta.java:67) ~[na:na]
	at org.eclipse.core.internal.events.ResourceDelta.accept(ResourceDelta.java:77) ~[na:na]
	at org.eclipse.core.internal.events.ResourceDelta.accept(ResourceDelta.java:51) ~[na:na]
	at org.eclipse.debug.internal.core.LaunchManager.resourceChanged(LaunchManager.java:2272) ~[na:na]
	at org.eclipse.core.internal.events.NotificationManager$1.run(NotificationManager.java:307) ~[na:na]
	at org.eclipse.core.runtime.SafeRunner.run(SafeRunner.java:45) ~[org.eclipse.equinox.common_3.16.200.v20220817-1601.jar:na]
	at org.eclipse.core.internal.events.NotificationManager.notify(NotificationManager.java:297) ~[na:na]
	at org.eclipse.core.internal.events.NotificationManager.broadcastChanges(NotificationManager.java:160) ~[na:na]
	at org.eclipse.core.internal.resources.Workspace.broadcastPostChange(Workspace.java:388) ~[na:na]
	at org.eclipse.core.internal.resources.Workspace.endOperation(Workspace.java:1514) ~[na:na]
	at org.eclipse.core.internal.resources.Resource.refreshLocal(Resource.java:1579) ~[na:na]
	at org.eclipse.core.internal.resources.Project.open(Project.java:1094) ~[na:na]
	at org.eclipse.core.internal.resources.Project.open(Project.java:1150) ~[na:na]
	at org.eclipse.m2e.core.internal.project.ProjectConfigurationManager.create(ProjectConfigurationManager.java:819) ~[na:na]
	at org.eclipse.m2e.core.internal.project.ProjectConfigurationManager.lambda$1(ProjectConfigurationManager.java:152) ~[na:na]
	at org.eclipse.m2e.core.internal.embedder.MavenExecutionContext.executeBare(MavenExecutionContext.java:350) ~[na:na]
	at org.eclipse.m2e.core.internal.embedder.MavenExecutionContext.execute(MavenExecutionContext.java:262) ~[na:na]
	at org.eclipse.m2e.core.internal.embedder.MavenExecutionContext.execute(MavenExecutionContext.java:205) ~[na:na]
	at org.eclipse.m2e.core.internal.project.ProjectConfigurationManager.importProjects(ProjectConfigurationManager.java:138) ~[na:na]
	at org.eclipse.m2e.core.ui.internal.wizards.ImportMavenProjectsJob$1.doCreateMavenProjects(ImportMavenProjectsJob.java:70) ~[org.eclipse.m2e.core.ui_2.0.0.20220726-0935.jar:na]
	at org.eclipse.m2e.core.ui.internal.wizards.AbstractCreateMavenProjectsOperation.run(AbstractCreateMavenProjectsOperation.java:57) ~[org.eclipse.m2e.core.ui_2.0.0.20220726-0935.jar:na]
	at org.eclipse.m2e.core.ui.internal.wizards.ImportMavenProjectsJob.runInWorkspace(ImportMavenProjectsJob.java:79) ~[org.eclipse.m2e.core.ui_2.0.0.20220726-0935.jar:na]
	at org.eclipse.core.internal.resources.InternalWorkspaceJob.run(InternalWorkspaceJob.java:43) ~[na:na]
	at org.eclipse.core.internal.jobs.Worker.run(Worker.java:63) ~[org.eclipse.core.jobs_3.13.100.v20220817-1539.jar:na]
2026-03-01 11:53:22,055 [Worker-20: Importing Maven projects] ERROR o.e.m.j.i.l.MavenLaunchConfigurationListener - Launch configuration UserInterface (14) references non-existing project demo-bean-scope-singleton.
org.eclipse.core.runtime.CoreException: Launch configuration UserInterface (14) references non-existing project demo-bean-scope-singleton.
	at org.eclipse.jdt.launching.JavaRuntime.abort(JavaRuntime.java:1861) ~[na:na]
	at org.eclipse.jdt.launching.JavaRuntime.getJavaProject(JavaRuntime.java:1736) ~[na:na]
	at org.eclipse.m2e.jdt.internal.launch.MavenLaunchConfigurationListener.updateLaunchConfiguration(MavenLaunchConfigurationListener.java:64) ~[na:na]
	at org.eclipse.m2e.jdt.internal.launch.MavenLaunchConfigurationListener.launchConfigurationAdded(MavenLaunchConfigurationListener.java:45) ~[na:na]
	at org.eclipse.debug.internal.core.LaunchManager$ConfigurationNotifier.run(LaunchManager.java:219) ~[na:na]
	at org.eclipse.core.runtime.SafeRunner.run(SafeRunner.java:45) ~[org.eclipse.equinox.common_3.16.200.v20220817-1601.jar:na]
	at org.eclipse.debug.internal.core.LaunchManager$ConfigurationNotifier.notify(LaunchManager.java:209) ~[na:na]
	at org.eclipse.debug.internal.core.LaunchManager.launchConfigurationAdded(LaunchManager.java:2120) ~[na:na]
	at org.eclipse.debug.internal.core.LaunchManager.projectOpened(LaunchManager.java:2212) ~[na:na]
	at org.eclipse.debug.internal.core.LaunchManager$LaunchManagerVisitor.visit(LaunchManager.java:356) ~[na:na]
	at org.eclipse.core.internal.events.ResourceDelta.accept(ResourceDelta.java:67) ~[na:na]
	at org.eclipse.core.internal.events.ResourceDelta.accept(ResourceDelta.java:77) ~[na:na]
	at org.eclipse.core.internal.events.ResourceDelta.accept(ResourceDelta.java:51) ~[na:na]
	at org.eclipse.debug.internal.core.LaunchManager.resourceChanged(LaunchManager.java:2272) ~[na:na]
	at org.eclipse.core.internal.events.NotificationManager$1.run(NotificationManager.java:307) ~[na:na]
	at org.eclipse.core.runtime.SafeRunner.run(SafeRunner.java:45) ~[org.eclipse.equinox.common_3.16.200.v20220817-1601.jar:na]
	at org.eclipse.core.internal.events.NotificationManager.notify(NotificationManager.java:297) ~[na:na]
	at org.eclipse.core.internal.events.NotificationManager.broadcastChanges(NotificationManager.java:160) ~[na:na]
	at org.eclipse.core.internal.resources.Workspace.broadcastPostChange(Workspace.java:388) ~[na:na]
	at org.eclipse.core.internal.resources.Workspace.endOperation(Workspace.java:1514) ~[na:na]
	at org.eclipse.core.internal.resources.Resource.refreshLocal(Resource.java:1579) ~[na:na]
	at org.eclipse.core.internal.resources.Project.open(Project.java:1094) ~[na:na]
	at org.eclipse.core.internal.resources.Project.open(Project.java:1150) ~[na:na]
	at org.eclipse.m2e.core.internal.project.ProjectConfigurationManager.create(ProjectConfigurationManager.java:819) ~[na:na]
	at org.eclipse.m2e.core.internal.project.ProjectConfigurationManager.lambda$1(ProjectConfigurationManager.java:152) ~[na:na]
	at org.eclipse.m2e.core.internal.embedder.MavenExecutionContext.executeBare(MavenExecutionContext.java:350) ~[na:na]
	at org.eclipse.m2e.core.internal.embedder.MavenExecutionContext.execute(MavenExecutionContext.java:262) ~[na:na]
	at org.eclipse.m2e.core.internal.embedder.MavenExecutionContext.execute(MavenExecutionContext.java:205) ~[na:na]
	at org.eclipse.m2e.core.internal.project.ProjectConfigurationManager.importProjects(ProjectConfigurationManager.java:138) ~[na:na]
	at org.eclipse.m2e.core.ui.internal.wizards.ImportMavenProjectsJob$1.doCreateMavenProjects(ImportMavenProjectsJob.java:70) ~[org.eclipse.m2e.core.ui_2.0.0.20220726-0935.jar:na]
	at org.eclipse.m2e.core.ui.internal.wizards.AbstractCreateMavenProjectsOperation.run(AbstractCreateMavenProjectsOperation.java:57) ~[org.eclipse.m2e.core.ui_2.0.0.20220726-0935.jar:na]
	at org.eclipse.m2e.core.ui.internal.wizards.ImportMavenProjectsJob.runInWorkspace(ImportMavenProjectsJob.java:79) ~[org.eclipse.m2e.core.ui_2.0.0.20220726-0935.jar:na]
	at org.eclipse.core.internal.resources.InternalWorkspaceJob.run(InternalWorkspaceJob.java:43) ~[na:na]
	at org.eclipse.core.internal.jobs.Worker.run(Worker.java:63) ~[org.eclipse.core.jobs_3.13.100.v20220817-1539.jar:na]
2026-03-01 11:53:22,073 [Worker-20: Importing Maven projects] ERROR o.e.m.j.i.l.MavenLaunchConfigurationListener - Launch configuration UserInterface (15) references non-existing project demo-bean-scope-prototype.
org.eclipse.core.runtime.CoreException: Launch configuration UserInterface (15) references non-existing project demo-bean-scope-prototype.
	at org.eclipse.jdt.launching.JavaRuntime.abort(JavaRuntime.java:1861) ~[na:na]
	at org.eclipse.jdt.launching.JavaRuntime.getJavaProject(JavaRuntime.java:1736) ~[na:na]
	at org.eclipse.m2e.jdt.internal.launch.MavenLaunchConfigurationListener.updateLaunchConfiguration(MavenLaunchConfigurationListener.java:64) ~[na:na]
	at org.eclipse.m2e.jdt.internal.launch.MavenLaunchConfigurationListener.launchConfigurationAdded(MavenLaunchConfigurationListener.java:45) ~[na:na]
	at org.eclipse.debug.internal.core.LaunchManager$ConfigurationNotifier.run(LaunchManager.java:219) ~[na:na]
	at org.eclipse.core.runtime.SafeRunner.run(SafeRunner.java:45) ~[org.eclipse.equinox.common_3.16.200.v20220817-1601.jar:na]
	at org.eclipse.debug.internal.core.LaunchManager$ConfigurationNotifier.notify(LaunchManager.java:209) ~[na:na]
	at org.eclipse.debug.internal.core.LaunchManager.launchConfigurationAdded(LaunchManager.java:2120) ~[na:na]
	at org.eclipse.debug.internal.core.LaunchManager.projectOpened(LaunchManager.java:2212) ~[na:na]
	at org.eclipse.debug.internal.core.LaunchManager$LaunchManagerVisitor.visit(LaunchManager.java:356) ~[na:na]
	at org.eclipse.core.internal.events.ResourceDelta.accept(ResourceDelta.java:67) ~[na:na]
	at org.eclipse.core.internal.events.ResourceDelta.accept(ResourceDelta.java:77) ~[na:na]
	at org.eclipse.core.internal.events.ResourceDelta.accept(ResourceDelta.java:51) ~[na:na]
	at org.eclipse.debug.internal.core.LaunchManager.resourceChanged(LaunchManager.java:2272) ~[na:na]
	at org.eclipse.core.internal.events.NotificationManager$1.run(NotificationManager.java:307) ~[na:na]
	at org.eclipse.core.runtime.SafeRunner.run(SafeRunner.java:45) ~[org.eclipse.equinox.common_3.16.200.v20220817-1601.jar:na]
	at org.eclipse.core.internal.events.NotificationManager.notify(NotificationManager.java:297) ~[na:na]
	at org.eclipse.core.internal.events.NotificationManager.broadcastChanges(NotificationManager.java:160) ~[na:na]
	at org.eclipse.core.internal.resources.Workspace.broadcastPostChange(Workspace.java:388) ~[na:na]
	at org.eclipse.core.internal.resources.Workspace.endOperation(Workspace.java:1514) ~[na:na]
	at org.eclipse.core.internal.resources.Resource.refreshLocal(Resource.java:1579) ~[na:na]
	at org.eclipse.core.internal.resources.Project.open(Project.java:1094) ~[na:na]
	at org.eclipse.core.internal.resources.Project.open(Project.java:1150) ~[na:na]
	at org.eclipse.m2e.core.internal.project.ProjectConfigurationManager.create(ProjectConfigurationManager.java:819) ~[na:na]
	at org.eclipse.m2e.core.internal.project.ProjectConfigurationManager.lambda$1(ProjectConfigurationManager.java:152) ~[na:na]
	at org.eclipse.m2e.core.internal.embedder.MavenExecutionContext.executeBare(MavenExecutionContext.java:350) ~[na:na]
	at org.eclipse.m2e.core.internal.embedder.MavenExecutionContext.execute(MavenExecutionContext.java:262) ~[na:na]
	at org.eclipse.m2e.core.internal.embedder.MavenExecutionContext.execute(MavenExecutionContext.java:205) ~[na:na]
	at org.eclipse.m2e.core.internal.project.ProjectConfigurationManager.importProjects(ProjectConfigurationManager.java:138) ~[na:na]
	at org.eclipse.m2e.core.ui.internal.wizards.ImportMavenProjectsJob$1.doCreateMavenProjects(ImportMavenProjectsJob.java:70) ~[org.eclipse.m2e.core.ui_2.0.0.20220726-0935.jar:na]
	at org.eclipse.m2e.core.ui.internal.wizards.AbstractCreateMavenProjectsOperation.run(AbstractCreateMavenProjectsOperation.java:57) ~[org.eclipse.m2e.core.ui_2.0.0.20220726-0935.jar:na]
	at org.eclipse.m2e.core.ui.internal.wizards.ImportMavenProjectsJob.runInWorkspace(ImportMavenProjectsJob.java:79) ~[org.eclipse.m2e.core.ui_2.0.0.20220726-0935.jar:na]
	at org.eclipse.core.internal.resources.InternalWorkspaceJob.run(InternalWorkspaceJob.java:43) ~[na:na]
	at org.eclipse.core.internal.jobs.Worker.run(Worker.java:63) ~[org.eclipse.core.jobs_3.13.100.v20220817-1539.jar:na]
2026-03-01 11:53:22,091 [Worker-20: Importing Maven projects] ERROR o.e.m.j.i.l.MavenLaunchConfigurationListener - Launch configuration UserInterface (16) references non-existing project demo-Qualifier.
org.eclipse.core.runtime.CoreException: Launch configuration UserInterface (16) references non-existing project demo-Qualifier.
	at org.eclipse.jdt.launching.JavaRuntime.abort(JavaRuntime.java:1861) ~[na:na]
	at org.eclipse.jdt.launching.JavaRuntime.getJavaProject(JavaRuntime.java:1736) ~[na:na]
	at org.eclipse.m2e.jdt.internal.launch.MavenLaunchConfigurationListener.updateLaunchConfiguration(MavenLaunchConfigurationListener.java:64) ~[na:na]
	at org.eclipse.m2e.jdt.internal.launch.MavenLaunchConfigurationListener.launchConfigurationAdded(MavenLaunchConfigurationListener.java:45) ~[na:na]
	at org.eclipse.debug.internal.core.LaunchManager$ConfigurationNotifier.run(LaunchManager.java:219) ~[na:na]
	at org.eclipse.core.runtime.SafeRunner.run(SafeRunner.java:45) ~[org.eclipse.equinox.common_3.16.200.v20220817-1601.jar:na]
	at org.eclipse.debug.internal.core.LaunchManager$ConfigurationNotifier.notify(LaunchManager.java:209) ~[na:na]
	at org.eclipse.debug.internal.core.LaunchManager.launchConfigurationAdded(LaunchManager.java:2120) ~[na:na]
	at org.eclipse.debug.internal.core.LaunchManager.projectOpened(LaunchManager.java:2212) ~[na:na]
	at org.eclipse.debug.internal.core.LaunchManager$LaunchManagerVisitor.visit(LaunchManager.java:356) ~[na:na]
	at org.eclipse.core.internal.events.ResourceDelta.accept(ResourceDelta.java:67) ~[na:na]
	at org.eclipse.core.internal.events.ResourceDelta.accept(ResourceDelta.java:77) ~[na:na]
	at org.eclipse.core.internal.events.ResourceDelta.accept(ResourceDelta.java:51) ~[na:na]
	at org.eclipse.debug.internal.core.LaunchManager.resourceChanged(LaunchManager.java:2272) ~[na:na]
	at org.eclipse.core.internal.events.NotificationManager$1.run(NotificationManager.java:307) ~[na:na]
	at org.eclipse.core.runtime.SafeRunner.run(SafeRunner.java:45) ~[org.eclipse.equinox.common_3.16.200.v20220817-1601.jar:na]
	at org.eclipse.core.internal.events.NotificationManager.notify(NotificationManager.java:297) ~[na:na]
	at org.eclipse.core.internal.events.NotificationManager.broadcastChanges(NotificationManager.java:160) ~[na:na]
	at org.eclipse.core.internal.resources.Workspace.broadcastPostChange(Workspace.java:388) ~[na:na]
	at org.eclipse.core.internal.resources.Workspace.endOperation(Workspace.java:1514) ~[na:na]
	at org.eclipse.core.internal.resources.Resource.refreshLocal(Resource.java:1579) ~[na:na]
	at org.eclipse.core.internal.resources.Project.open(Project.java:1094) ~[na:na]
	at org.eclipse.core.internal.resources.Project.open(Project.java:1150) ~[na:na]
	at org.eclipse.m2e.core.internal.project.ProjectConfigurationManager.create(ProjectConfigurationManager.java:819) ~[na:na]
	at org.eclipse.m2e.core.internal.project.ProjectConfigurationManager.lambda$1(ProjectConfigurationManager.java:152) ~[na:na]
	at org.eclipse.m2e.core.internal.embedder.MavenExecutionContext.executeBare(MavenExecutionContext.java:350) ~[na:na]
	at org.eclipse.m2e.core.internal.embedder.MavenExecutionContext.execute(MavenExecutionContext.java:262) ~[na:na]
	at org.eclipse.m2e.core.internal.embedder.MavenExecutionContext.execute(MavenExecutionContext.java:205) ~[na:na]
	at org.eclipse.m2e.core.internal.project.ProjectConfigurationManager.importProjects(ProjectConfigurationManager.java:138) ~[na:na]
	at org.eclipse.m2e.core.ui.internal.wizards.ImportMavenProjectsJob$1.doCreateMavenProjects(ImportMavenProjectsJob.java:70) ~[org.eclipse.m2e.core.ui_2.0.0.20220726-0935.jar:na]
	at org.eclipse.m2e.core.ui.internal.wizards.AbstractCreateMavenProjectsOperation.run(AbstractCreateMavenProjectsOperation.java:57) ~[org.eclipse.m2e.core.ui_2.0.0.20220726-0935.jar:na]
	at org.eclipse.m2e.core.ui.internal.wizards.ImportMavenProjectsJob.runInWorkspace(ImportMavenProjectsJob.java:79) ~[org.eclipse.m2e.core.ui_2.0.0.20220726-0935.jar:na]
	at org.eclipse.core.internal.resources.InternalWorkspaceJob.run(InternalWorkspaceJob.java:43) ~[na:na]
	at org.eclipse.core.internal.jobs.Worker.run(Worker.java:63) ~[org.eclipse.core.jobs_3.13.100.v20220817-1539.jar:na]
2026-03-01 11:53:22,105 [Worker-20: Importing Maven projects] ERROR o.e.m.j.i.l.MavenLaunchConfigurationListener - Launch configuration UserInterface (17) references non-existing project Demo-Practice.
org.eclipse.core.runtime.CoreException: Launch configuration UserInterface (17) references non-existing project Demo-Practice.
	at org.eclipse.jdt.launching.JavaRuntime.abort(JavaRuntime.java:1861) ~[na:na]
	at org.eclipse.jdt.launching.JavaRuntime.getJavaProject(JavaRuntime.java:1736) ~[na:na]
	at org.eclipse.m2e.jdt.internal.launch.MavenLaunchConfigurationListener.updateLaunchConfiguration(MavenLaunchConfigurationListener.java:64) ~[na:na]
	at org.eclipse.m2e.jdt.internal.launch.MavenLaunchConfigurationListener.launchConfigurationAdded(MavenLaunchConfigurationListener.java:45) ~[na:na]
	at org.eclipse.debug.internal.core.LaunchManager$ConfigurationNotifier.run(LaunchManager.java:219) ~[na:na]
	at org.eclipse.core.runtime.SafeRunner.run(SafeRunner.java:45) ~[org.eclipse.equinox.common_3.16.200.v20220817-1601.jar:na]
	at org.eclipse.debug.internal.core.LaunchManager$ConfigurationNotifier.notify(LaunchManager.java:209) ~[na:na]
	at org.eclipse.debug.internal.core.LaunchManager.launchConfigurationAdded(LaunchManager.java:2120) ~[na:na]
	at org.eclipse.debug.internal.core.LaunchManager.projectOpened(LaunchManager.java:2212) ~[na:na]
	at org.eclipse.debug.internal.core.LaunchManager$LaunchManagerVisitor.visit(LaunchManager.java:356) ~[na:na]
	at org.eclipse.core.internal.events.ResourceDelta.accept(ResourceDelta.java:67) ~[na:na]
	at org.eclipse.core.internal.events.ResourceDelta.accept(ResourceDelta.java:77) ~[na:na]
	at org.eclipse.core.internal.events.ResourceDelta.accept(ResourceDelta.java:51) ~[na:na]
	at org.eclipse.debug.internal.core.LaunchManager.resourceChanged(LaunchManager.java:2272) ~[na:na]
	at org.eclipse.core.internal.events.NotificationManager$1.run(NotificationManager.java:307) ~[na:na]
	at org.eclipse.core.runtime.SafeRunner.run(SafeRunner.java:45) ~[org.eclipse.equinox.common_3.16.200.v20220817-1601.jar:na]
	at org.eclipse.core.internal.events.NotificationManager.notify(NotificationManager.java:297) ~[na:na]
	at org.eclipse.core.internal.events.NotificationManager.broadcastChanges(NotificationManager.java:160) ~[na:na]
	at org.eclipse.core.internal.resources.Workspace.broadcastPostChange(Workspace.java:388) ~[na:na]
	at org.eclipse.core.internal.resources.Workspace.endOperation(Workspace.java:1514) ~[na:na]
	at org.eclipse.core.internal.resources.Resource.refreshLocal(Resource.java:1579) ~[na:na]
	at org.eclipse.core.internal.resources.Project.open(Project.java:1094) ~[na:na]
	at org.eclipse.core.internal.resources.Project.open(Project.java:1150) ~[na:na]
	at org.eclipse.m2e.core.internal.project.ProjectConfigurationManager.create(ProjectConfigurationManager.java:819) ~[na:na]
	at org.eclipse.m2e.core.internal.project.ProjectConfigurationManager.lambda$1(ProjectConfigurationManager.java:152) ~[na:na]
	at org.eclipse.m2e.core.internal.embedder.MavenExecutionContext.executeBare(MavenExecutionContext.java:350) ~[na:na]
	at org.eclipse.m2e.core.internal.embedder.MavenExecutionContext.execute(MavenExecutionContext.java:262) ~[na:na]
	at org.eclipse.m2e.core.internal.embedder.MavenExecutionContext.execute(MavenExecutionContext.java:205) ~[na:na]
	at org.eclipse.m2e.core.internal.project.ProjectConfigurationManager.importProjects(ProjectConfigurationManager.java:138) ~[na:na]
	at org.eclipse.m2e.core.ui.internal.wizards.ImportMavenProjectsJob$1.doCreateMavenProjects(ImportMavenProjectsJob.java:70) ~[org.eclipse.m2e.core.ui_2.0.0.20220726-0935.jar:na]
	at org.eclipse.m2e.core.ui.internal.wizards.AbstractCreateMavenProjectsOperation.run(AbstractCreateMavenProjectsOperation.java:57) ~[org.eclipse.m2e.core.ui_2.0.0.20220726-0935.jar:na]
	at org.eclipse.m2e.core.ui.internal.wizards.ImportMavenProjectsJob.runInWorkspace(ImportMavenProjectsJob.java:79) ~[org.eclipse.m2e.core.ui_2.0.0.20220726-0935.jar:na]
	at org.eclipse.core.internal.resources.InternalWorkspaceJob.run(InternalWorkspaceJob.java:43) ~[na:na]
	at org.eclipse.core.internal.jobs.Worker.run(Worker.java:63) ~[org.eclipse.core.jobs_3.13.100.v20220817-1539.jar:na]
2026-03-01 11:53:22,118 [Worker-20: Importing Maven projects] ERROR o.e.m.j.i.l.MavenLaunchConfigurationListener - Launch configuration UserInterface (18) references non-existing project TheQualifier.
org.eclipse.core.runtime.CoreException: Launch configuration UserInterface (18) references non-existing project TheQualifier.
	at org.eclipse.jdt.launching.JavaRuntime.abort(JavaRuntime.java:1861) ~[na:na]
	at org.eclipse.jdt.launching.JavaRuntime.getJavaProject(JavaRuntime.java:1736) ~[na:na]
	at org.eclipse.m2e.jdt.internal.launch.MavenLaunchConfigurationListener.updateLaunchConfiguration(MavenLaunchConfigurationListener.java:64) ~[na:na]
	at org.eclipse.m2e.jdt.internal.launch.MavenLaunchConfigurationListener.launchConfigurationAdded(MavenLaunchConfigurationListener.java:45) ~[na:na]
	at org.eclipse.debug.internal.core.LaunchManager$ConfigurationNotifier.run(LaunchManager.java:219) ~[na:na]
	at org.eclipse.core.runtime.SafeRunner.run(SafeRunner.java:45) ~[org.eclipse.equinox.common_3.16.200.v20220817-1601.jar:na]
	at org.eclipse.debug.internal.core.LaunchManager$ConfigurationNotifier.notify(LaunchManager.java:209) ~[na:na]
	at org.eclipse.debug.internal.core.LaunchManager.launchConfigurationAdded(LaunchManager.java:2120) ~[na:na]
	at org.eclipse.debug.internal.core.LaunchManager.projectOpened(LaunchManager.java:2212) ~[na:na]
	at org.eclipse.debug.internal.core.LaunchManager$LaunchManagerVisitor.visit(LaunchManager.java:356) ~[na:na]
	at org.eclipse.core.internal.events.ResourceDelta.accept(ResourceDelta.java:67) ~[na:na]
	at org.eclipse.core.internal.events.ResourceDelta.accept(ResourceDelta.java:77) ~[na:na]
	at org.eclipse.core.internal.events.ResourceDelta.accept(ResourceDelta.java:51) ~[na:na]
	at org.eclipse.debug.internal.core.LaunchManager.resourceChanged(LaunchManager.java:2272) ~[na:na]
	at org.eclipse.core.internal.events.NotificationManager$1.run(NotificationManager.java:307) ~[na:na]
	at org.eclipse.core.runtime.SafeRunner.run(SafeRunner.java:45) ~[org.eclipse.equinox.common_3.16.200.v20220817-1601.jar:na]
	at org.eclipse.core.internal.events.NotificationManager.notify(NotificationManager.java:297) ~[na:na]
	at org.eclipse.core.internal.events.NotificationManager.broadcastChanges(NotificationManager.java:160) ~[na:na]
	at org.eclipse.core.internal.resources.Workspace.broadcastPostChange(Workspace.java:388) ~[na:na]
	at org.eclipse.core.internal.resources.Workspace.endOperation(Workspace.java:1514) ~[na:na]
	at org.eclipse.core.internal.resources.Resource.refreshLocal(Resource.java:1579) ~[na:na]
	at org.eclipse.core.internal.resources.Project.open(Project.java:1094) ~[na:na]
	at org.eclipse.core.internal.resources.Project.open(Project.java:1150) ~[na:na]
	at org.eclipse.m2e.core.internal.project.ProjectConfigurationManager.create(ProjectConfigurationManager.java:819) ~[na:na]
	at org.eclipse.m2e.core.internal.project.ProjectConfigurationManager.lambda$1(ProjectConfigurationManager.java:152) ~[na:na]
	at org.eclipse.m2e.core.internal.embedder.MavenExecutionContext.executeBare(MavenExecutionContext.java:350) ~[na:na]
	at org.eclipse.m2e.core.internal.embedder.MavenExecutionContext.execute(MavenExecutionContext.java:262) ~[na:na]
	at org.eclipse.m2e.core.internal.embedder.MavenExecutionContext.execute(MavenExecutionContext.java:205) ~[na:na]
	at org.eclipse.m2e.core.internal.project.ProjectConfigurationManager.importProjects(ProjectConfigurationManager.java:138) ~[na:na]
	at org.eclipse.m2e.core.ui.internal.wizards.ImportMavenProjectsJob$1.doCreateMavenProjects(ImportMavenProjectsJob.java:70) ~[org.eclipse.m2e.core.ui_2.0.0.20220726-0935.jar:na]
	at org.eclipse.m2e.core.ui.internal.wizards.AbstractCreateMavenProjectsOperation.run(AbstractCreateMavenProjectsOperation.java:57) ~[org.eclipse.m2e.core.ui_2.0.0.20220726-0935.jar:na]
	at org.eclipse.m2e.core.ui.internal.wizards.ImportMavenProjectsJob.runInWorkspace(ImportMavenProjectsJob.java:79) ~[org.eclipse.m2e.core.ui_2.0.0.20220726-0935.jar:na]
	at org.eclipse.core.internal.resources.InternalWorkspaceJob.run(InternalWorkspaceJob.java:43) ~[na:na]
	at org.eclipse.core.internal.jobs.Worker.run(Worker.java:63) ~[org.eclipse.core.jobs_3.13.100.v20220817-1539.jar:na]
2026-03-01 11:53:22,137 [Worker-20: Importing Maven projects] ERROR o.e.m.j.i.l.MavenLaunchConfigurationListener - Launch configuration UserInterface (2) references non-existing project demo-setter-injection.
org.eclipse.core.runtime.CoreException: Launch configuration UserInterface (2) references non-existing project demo-setter-injection.
	at org.eclipse.jdt.launching.JavaRuntime.abort(JavaRuntime.java:1861) ~[na:na]
	at org.eclipse.jdt.launching.JavaRuntime.getJavaProject(JavaRuntime.java:1736) ~[na:na]
	at org.eclipse.m2e.jdt.internal.launch.MavenLaunchConfigurationListener.updateLaunchConfiguration(MavenLaunchConfigurationListener.java:64) ~[na:na]
	at org.eclipse.m2e.jdt.internal.launch.MavenLaunchConfigurationListener.launchConfigurationAdded(MavenLaunchConfigurationListener.java:45) ~[na:na]
	at org.eclipse.debug.internal.core.LaunchManager$ConfigurationNotifier.run(LaunchManager.java:219) ~[na:na]
	at org.eclipse.core.runtime.SafeRunner.run(SafeRunner.java:45) ~[org.eclipse.equinox.common_3.16.200.v20220817-1601.jar:na]
	at org.eclipse.debug.internal.core.LaunchManager$ConfigurationNotifier.notify(LaunchManager.java:209) ~[na:na]
	at org.eclipse.debug.internal.core.LaunchManager.launchConfigurationAdded(LaunchManager.java:2120) ~[na:na]
	at org.eclipse.debug.internal.core.LaunchManager.projectOpened(LaunchManager.java:2212) ~[na:na]
	at org.eclipse.debug.internal.core.LaunchManager$LaunchManagerVisitor.visit(LaunchManager.java:356) ~[na:na]
	at org.eclipse.core.internal.events.ResourceDelta.accept(ResourceDelta.java:67) ~[na:na]
	at org.eclipse.core.internal.events.ResourceDelta.accept(ResourceDelta.java:77) ~[na:na]
	at org.eclipse.core.internal.events.ResourceDelta.accept(ResourceDelta.java:51) ~[na:na]
	at org.eclipse.debug.internal.core.LaunchManager.resourceChanged(LaunchManager.java:2272) ~[na:na]
	at org.eclipse.core.internal.events.NotificationManager$1.run(NotificationManager.java:307) ~[na:na]
	at org.eclipse.core.runtime.SafeRunner.run(SafeRunner.java:45) ~[org.eclipse.equinox.common_3.16.200.v20220817-1601.jar:na]
	at org.eclipse.core.internal.events.NotificationManager.notify(NotificationManager.java:297) ~[na:na]
	at org.eclipse.core.internal.events.NotificationManager.broadcastChanges(NotificationManager.java:160) ~[na:na]
	at org.eclipse.core.internal.resources.Workspace.broadcastPostChange(Workspace.java:388) ~[na:na]
	at org.eclipse.core.internal.resources.Workspace.endOperation(Workspace.java:1514) ~[na:na]
	at org.eclipse.core.internal.resources.Resource.refreshLocal(Resource.java:1579) ~[na:na]
	at org.eclipse.core.internal.resources.Project.open(Project.java:1094) ~[na:na]
	at org.eclipse.core.internal.resources.Project.open(Project.java:1150) ~[na:na]
	at org.eclipse.m2e.core.internal.project.ProjectConfigurationManager.create(ProjectConfigurationManager.java:819) ~[na:na]
	at org.eclipse.m2e.core.internal.project.ProjectConfigurationManager.lambda$1(ProjectConfigurationManager.java:152) ~[na:na]
	at org.eclipse.m2e.core.internal.embedder.MavenExecutionContext.executeBare(MavenExecutionContext.java:350) ~[na:na]
	at org.eclipse.m2e.core.internal.embedder.MavenExecutionContext.execute(MavenExecutionContext.java:262) ~[na:na]
	at org.eclipse.m2e.core.internal.embedder.MavenExecutionContext.execute(MavenExecutionContext.java:205) ~[na:na]
	at org.eclipse.m2e.core.internal.project.ProjectConfigurationManager.importProjects(ProjectConfigurationManager.java:138) ~[na:na]
	at org.eclipse.m2e.core.ui.internal.wizards.ImportMavenProjectsJob$1.doCreateMavenProjects(ImportMavenProjectsJob.java:70) ~[org.eclipse.m2e.core.ui_2.0.0.20220726-0935.jar:na]
	at org.eclipse.m2e.core.ui.internal.wizards.AbstractCreateMavenProjectsOperation.run(AbstractCreateMavenProjectsOperation.java:57) ~[org.eclipse.m2e.core.ui_2.0.0.20220726-0935.jar:na]
	at org.eclipse.m2e.core.ui.internal.wizards.ImportMavenProjectsJob.runInWorkspace(ImportMavenProjectsJob.java:79) ~[org.eclipse.m2e.core.ui_2.0.0.20220726-0935.jar:na]
	at org.eclipse.core.internal.resources.InternalWorkspaceJob.run(InternalWorkspaceJob.java:43) ~[na:na]
	at org.eclipse.core.internal.jobs.Worker.run(Worker.java:63) ~[org.eclipse.core.jobs_3.13.100.v20220817-1539.jar:na]
2026-03-01 11:53:22,154 [Worker-20: Importing Maven projects] ERROR o.e.m.j.i.l.MavenLaunchConfigurationListener - Launch configuration UserInterface (3) references non-existing project SpringIOCEX1.
org.eclipse.core.runtime.CoreException: Launch configuration UserInterface (3) references non-existing project SpringIOCEX1.
	at org.eclipse.jdt.launching.JavaRuntime.abort(JavaRuntime.java:1861) ~[na:na]
	at org.eclipse.jdt.launching.JavaRuntime.getJavaProject(JavaRuntime.java:1736) ~[na:na]
	at org.eclipse.m2e.jdt.internal.launch.MavenLaunchConfigurationListener.updateLaunchConfiguration(MavenLaunchConfigurationListener.java:64) ~[na:na]
	at org.eclipse.m2e.jdt.internal.launch.MavenLaunchConfigurationListener.launchConfigurationAdded(MavenLaunchConfigurationListener.java:45) ~[na:na]
	at org.eclipse.debug.internal.core.LaunchManager$ConfigurationNotifier.run(LaunchManager.java:219) ~[na:na]
	at org.eclipse.core.runtime.SafeRunner.run(SafeRunner.java:45) ~[org.eclipse.equinox.common_3.16.200.v20220817-1601.jar:na]
	at org.eclipse.debug.internal.core.LaunchManager$ConfigurationNotifier.notify(LaunchManager.java:209) ~[na:na]
	at org.eclipse.debug.internal.core.LaunchManager.launchConfigurationAdded(LaunchManager.java:2120) ~[na:na]
	at org.eclipse.debug.internal.core.LaunchManager.projectOpened(LaunchManager.java:2212) ~[na:na]
	at org.eclipse.debug.internal.core.LaunchManager$LaunchManagerVisitor.visit(LaunchManager.java:356) ~[na:na]
	at org.eclipse.core.internal.events.ResourceDelta.accept(ResourceDelta.java:67) ~[na:na]
	at org.eclipse.core.internal.events.ResourceDelta.accept(ResourceDelta.java:77) ~[na:na]
	at org.eclipse.core.internal.events.ResourceDelta.accept(ResourceDelta.java:51) ~[na:na]
	at org.eclipse.debug.internal.core.LaunchManager.resourceChanged(LaunchManager.java:2272) ~[na:na]
	at org.eclipse.core.internal.events.NotificationManager$1.run(NotificationManager.java:307) ~[na:na]
	at org.eclipse.core.runtime.SafeRunner.run(SafeRunner.java:45) ~[org.eclipse.equinox.common_3.16.200.v20220817-1601.jar:na]
	at org.eclipse.core.internal.events.NotificationManager.notify(NotificationManager.java:297) ~[na:na]
	at org.eclipse.core.internal.events.NotificationManager.broadcastChanges(NotificationManager.java:160) ~[na:na]
	at org.eclipse.core.internal.resources.Workspace.broadcastPostChange(Workspace.java:388) ~[na:na]
	at org.eclipse.core.internal.resources.Workspace.endOperation(Workspace.java:1514) ~[na:na]
	at org.eclipse.core.internal.resources.Resource.refreshLocal(Resource.java:1579) ~[na:na]
	at org.eclipse.core.internal.resources.Project.open(Project.java:1094) ~[na:na]
	at org.eclipse.core.internal.resources.Project.open(Project.java:1150) ~[na:na]
	at org.eclipse.m2e.core.internal.project.ProjectConfigurationManager.create(ProjectConfigurationManager.java:819) ~[na:na]
	at org.eclipse.m2e.core.internal.project.ProjectConfigurationManager.lambda$1(ProjectConfigurationManager.java:152) ~[na:na]
	at org.eclipse.m2e.core.internal.embedder.MavenExecutionContext.executeBare(MavenExecutionContext.java:350) ~[na:na]
	at org.eclipse.m2e.core.internal.embedder.MavenExecutionContext.execute(MavenExecutionContext.java:262) ~[na:na]
	at org.eclipse.m2e.core.internal.embedder.MavenExecutionContext.execute(MavenExecutionContext.java:205) ~[na:na]
	at org.eclipse.m2e.core.internal.project.ProjectConfigurationManager.importProjects(ProjectConfigurationManager.java:138) ~[na:na]
	at org.eclipse.m2e.core.ui.internal.wizards.ImportMavenProjectsJob$1.doCreateMavenProjects(ImportMavenProjectsJob.java:70) ~[org.eclipse.m2e.core.ui_2.0.0.20220726-0935.jar:na]
	at org.eclipse.m2e.core.ui.internal.wizards.AbstractCreateMavenProjectsOperation.run(AbstractCreateMavenProjectsOperation.java:57) ~[org.eclipse.m2e.core.ui_2.0.0.20220726-0935.jar:na]
	at org.eclipse.m2e.core.ui.internal.wizards.ImportMavenProjectsJob.runInWorkspace(ImportMavenProjectsJob.java:79) ~[org.eclipse.m2e.core.ui_2.0.0.20220726-0935.jar:na]
	at org.eclipse.core.internal.resources.InternalWorkspaceJob.run(InternalWorkspaceJob.java:43) ~[na:na]
	at org.eclipse.core.internal.jobs.Worker.run(Worker.java:63) ~[org.eclipse.core.jobs_3.13.100.v20220817-1539.jar:na]
2026-03-01 11:53:22,169 [Worker-20: Importing Maven projects] ERROR o.e.m.j.i.l.MavenLaunchConfigurationListener - Launch configuration UserInterface (4) references non-existing project com.infy.ioccontainer.
org.eclipse.core.runtime.CoreException: Launch configuration UserInterface (4) references non-existing project com.infy.ioccontainer.
	at org.eclipse.jdt.launching.JavaRuntime.abort(JavaRuntime.java:1861) ~[na:na]
	at org.eclipse.jdt.launching.JavaRuntime.getJavaProject(JavaRuntime.java:1736) ~[na:na]
	at org.eclipse.m2e.jdt.internal.launch.MavenLaunchConfigurationListener.updateLaunchConfiguration(MavenLaunchConfigurationListener.java:64) ~[na:na]
	at org.eclipse.m2e.jdt.internal.launch.MavenLaunchConfigurationListener.launchConfigurationAdded(MavenLaunchConfigurationListener.java:45) ~[na:na]
	at org.eclipse.debug.internal.core.LaunchManager$ConfigurationNotifier.run(LaunchManager.java:219) ~[na:na]
	at org.eclipse.core.runtime.SafeRunner.run(SafeRunner.java:45) ~[org.eclipse.equinox.common_3.16.200.v20220817-1601.jar:na]
	at org.eclipse.debug.internal.core.LaunchManager$ConfigurationNotifier.notify(LaunchManager.java:209) ~[na:na]
	at org.eclipse.debug.internal.core.LaunchManager.launchConfigurationAdded(LaunchManager.java:2120) ~[na:na]
	at org.eclipse.debug.internal.core.LaunchManager.projectOpened(LaunchManager.java:2212) ~[na:na]
	at org.eclipse.debug.internal.core.LaunchManager$LaunchManagerVisitor.visit(LaunchManager.java:356) ~[na:na]
	at org.eclipse.core.internal.events.ResourceDelta.accept(ResourceDelta.java:67) ~[na:na]
	at org.eclipse.core.internal.events.ResourceDelta.accept(ResourceDelta.java:77) ~[na:na]
	at org.eclipse.core.internal.events.ResourceDelta.accept(ResourceDelta.java:51) ~[na:na]
	at org.eclipse.debug.internal.core.LaunchManager.resourceChanged(LaunchManager.java:2272) ~[na:na]
	at org.eclipse.core.internal.events.NotificationManager$1.run(NotificationManager.java:307) ~[na:na]
	at org.eclipse.core.runtime.SafeRunner.run(SafeRunner.java:45) ~[org.eclipse.equinox.common_3.16.200.v20220817-1601.jar:na]
	at org.eclipse.core.internal.events.NotificationManager.notify(NotificationManager.java:297) ~[na:na]
	at org.eclipse.core.internal.events.NotificationManager.broadcastChanges(NotificationManager.java:160) ~[na:na]
	at org.eclipse.core.internal.resources.Workspace.broadcastPostChange(Workspace.java:388) ~[na:na]
	at org.eclipse.core.internal.resources.Workspace.endOperation(Workspace.java:1514) ~[na:na]
	at org.eclipse.core.internal.resources.Resource.refreshLocal(Resource.java:1579) ~[na:na]
	at org.eclipse.core.internal.resources.Project.open(Project.java:1094) ~[na:na]
	at org.eclipse.core.internal.resources.Project.open(Project.java:1150) ~[na:na]
	at org.eclipse.m2e.core.internal.project.ProjectConfigurationManager.create(ProjectConfigurationManager.java:819) ~[na:na]
	at org.eclipse.m2e.core.internal.project.ProjectConfigurationManager.lambda$1(ProjectConfigurationManager.java:152) ~[na:na]
	at org.eclipse.m2e.core.internal.embedder.MavenExecutionContext.executeBare(MavenExecutionContext.java:350) ~[na:na]
	at org.eclipse.m2e.core.internal.embedder.MavenExecutionContext.execute(MavenExecutionContext.java:262) ~[na:na]
	at org.eclipse.m2e.core.internal.embedder.MavenExecutionContext.execute(MavenExecutionContext.java:205) ~[na:na]
	at org.eclipse.m2e.core.internal.project.ProjectConfigurationManager.importProjects(ProjectConfigurationManager.java:138) ~[na:na]
	at org.eclipse.m2e.core.ui.internal.wizards.ImportMavenProjectsJob$1.doCreateMavenProjects(ImportMavenProjectsJob.java:70) ~[org.eclipse.m2e.core.ui_2.0.0.20220726-0935.jar:na]
	at org.eclipse.m2e.core.ui.internal.wizards.AbstractCreateMavenProjectsOperation.run(AbstractCreateMavenProjectsOperation.java:57) ~[org.eclipse.m2e.core.ui_2.0.0.20220726-0935.jar:na]
	at org.eclipse.m2e.core.ui.internal.wizards.ImportMavenProjectsJob.runInWorkspace(ImportMavenProjectsJob.java:79) ~[org.eclipse.m2e.core.ui_2.0.0.20220726-0935.jar:na]
	at org.eclipse.core.internal.resources.InternalWorkspaceJob.run(InternalWorkspaceJob.java:43) ~[na:na]
	at org.eclipse.core.internal.jobs.Worker.run(Worker.java:63) ~[org.eclipse.core.jobs_3.13.100.v20220817-1539.jar:na]
2026-03-01 11:53:22,183 [Worker-20: Importing Maven projects] ERROR o.e.m.j.i.l.MavenLaunchConfigurationListener - Launch configuration UserInterface (5) references non-existing project TheConstructorInjection.
org.eclipse.core.runtime.CoreException: Launch configuration UserInterface (5) references non-existing project TheConstructorInjection.
	at org.eclipse.jdt.launching.JavaRuntime.abort(JavaRuntime.java:1861) ~[na:na]
	at org.eclipse.jdt.launching.JavaRuntime.getJavaProject(JavaRuntime.java:1736) ~[na:na]
	at org.eclipse.m2e.jdt.internal.launch.MavenLaunchConfigurationListener.updateLaunchConfiguration(MavenLaunchConfigurationListener.java:64) ~[na:na]
	at org.eclipse.m2e.jdt.internal.launch.MavenLaunchConfigurationListener.launchConfigurationAdded(MavenLaunchConfigurationListener.java:45) ~[na:na]
	at org.eclipse.debug.internal.core.LaunchManager$ConfigurationNotifier.run(LaunchManager.java:219) ~[na:na]
	at org.eclipse.core.runtime.SafeRunner.run(SafeRunner.java:45) ~[org.eclipse.equinox.common_3.16.200.v20220817-1601.jar:na]
	at org.eclipse.debug.internal.core.LaunchManager$ConfigurationNotifier.notify(LaunchManager.java:209) ~[na:na]
	at org.eclipse.debug.internal.core.LaunchManager.launchConfigurationAdded(LaunchManager.java:2120) ~[na:na]
	at org.eclipse.debug.internal.core.LaunchManager.projectOpened(LaunchManager.java:2212) ~[na:na]
	at org.eclipse.debug.internal.core.LaunchManager$LaunchManagerVisitor.visit(LaunchManager.java:356) ~[na:na]
	at org.eclipse.core.internal.events.ResourceDelta.accept(ResourceDelta.java:67) ~[na:na]
	at org.eclipse.core.internal.events.ResourceDelta.accept(ResourceDelta.java:77) ~[na:na]
	at org.eclipse.core.internal.events.ResourceDelta.accept(ResourceDelta.java:51) ~[na:na]
	at org.eclipse.debug.internal.core.LaunchManager.resourceChanged(LaunchManager.java:2272) ~[na:na]
	at org.eclipse.core.internal.events.NotificationManager$1.run(NotificationManager.java:307) ~[na:na]
	at org.eclipse.core.runtime.SafeRunner.run(SafeRunner.java:45) ~[org.eclipse.equinox.common_3.16.200.v20220817-1601.jar:na]
	at org.eclipse.core.internal.events.NotificationManager.notify(NotificationManager.java:297) ~[na:na]
	at org.eclipse.core.internal.events.NotificationManager.broadcastChanges(NotificationManager.java:160) ~[na:na]
	at org.eclipse.core.internal.resources.Workspace.broadcastPostChange(Workspace.java:388) ~[na:na]
	at org.eclipse.core.internal.resources.Workspace.endOperation(Workspace.java:1514) ~[na:na]
	at org.eclipse.core.internal.resources.Resource.refreshLocal(Resource.java:1579) ~[na:na]
	at org.eclipse.core.internal.resources.Project.open(Project.java:1094) ~[na:na]
	at org.eclipse.core.internal.resources.Project.open(Project.java:1150) ~[na:na]
	at org.eclipse.m2e.core.internal.project.ProjectConfigurationManager.create(ProjectConfigurationManager.java:819) ~[na:na]
	at org.eclipse.m2e.core.internal.project.ProjectConfigurationManager.lambda$1(ProjectConfigurationManager.java:152) ~[na:na]
	at org.eclipse.m2e.core.internal.embedder.MavenExecutionContext.executeBare(MavenExecutionContext.java:350) ~[na:na]
	at org.eclipse.m2e.core.internal.embedder.MavenExecutionContext.execute(MavenExecutionContext.java:262) ~[na:na]
	at org.eclipse.m2e.core.internal.embedder.MavenExecutionContext.execute(MavenExecutionContext.java:205) ~[na:na]
	at org.eclipse.m2e.core.internal.project.ProjectConfigurationManager.importProjects(ProjectConfigurationManager.java:138) ~[na:na]
	at org.eclipse.m2e.core.ui.internal.wizards.ImportMavenProjectsJob$1.doCreateMavenProjects(ImportMavenProjectsJob.java:70) ~[org.eclipse.m2e.core.ui_2.0.0.20220726-0935.jar:na]
	at org.eclipse.m2e.core.ui.internal.wizards.AbstractCreateMavenProjectsOperation.run(AbstractCreateMavenProjectsOperation.java:57) ~[org.eclipse.m2e.core.ui_2.0.0.20220726-0935.jar:na]
	at org.eclipse.m2e.core.ui.internal.wizards.ImportMavenProjectsJob.runInWorkspace(ImportMavenProjectsJob.java:79) ~[org.eclipse.m2e.core.ui_2.0.0.20220726-0935.jar:na]
	at org.eclipse.core.internal.resources.InternalWorkspaceJob.run(InternalWorkspaceJob.java:43) ~[na:na]
	at org.eclipse.core.internal.jobs.Worker.run(Worker.java:63) ~[org.eclipse.core.jobs_3.13.100.v20220817-1539.jar:na]
2026-03-01 11:53:22,195 [Worker-20: Importing Maven projects] ERROR o.e.m.j.i.l.MavenLaunchConfigurationListener - Launch configuration UserInterface (6) references non-existing project TheSetterInjection.
org.eclipse.core.runtime.CoreException: Launch configuration UserInterface (6) references non-existing project TheSetterInjection.
	at org.eclipse.jdt.launching.JavaRuntime.abort(JavaRuntime.java:1861) ~[na:na]
	at org.eclipse.jdt.launching.JavaRuntime.getJavaProject(JavaRuntime.java:1736) ~[na:na]
	at org.eclipse.m2e.jdt.internal.launch.MavenLaunchConfigurationListener.updateLaunchConfiguration(MavenLaunchConfigurationListener.java:64) ~[na:na]
	at org.eclipse.m2e.jdt.internal.launch.MavenLaunchConfigurationListener.launchConfigurationAdded(MavenLaunchConfigurationListener.java:45) ~[na:na]
	at org.eclipse.debug.internal.core.LaunchManager$ConfigurationNotifier.run(LaunchManager.java:219) ~[na:na]
	at org.eclipse.core.runtime.SafeRunner.run(SafeRunner.java:45) ~[org.eclipse.equinox.common_3.16.200.v20220817-1601.jar:na]
	at org.eclipse.debug.internal.core.LaunchManager$ConfigurationNotifier.notify(LaunchManager.java:209) ~[na:na]
	at org.eclipse.debug.internal.core.LaunchManager.launchConfigurationAdded(LaunchManager.java:2120) ~[na:na]
	at org.eclipse.debug.internal.core.LaunchManager.projectOpened(LaunchManager.java:2212) ~[na:na]
	at org.eclipse.debug.internal.core.LaunchManager$LaunchManagerVisitor.visit(LaunchManager.java:356) ~[na:na]
	at org.eclipse.core.internal.events.ResourceDelta.accept(ResourceDelta.java:67) ~[na:na]
	at org.eclipse.core.internal.events.ResourceDelta.accept(ResourceDelta.java:77) ~[na:na]
	at org.eclipse.core.internal.events.ResourceDelta.accept(ResourceDelta.java:51) ~[na:na]
	at org.eclipse.debug.internal.core.LaunchManager.resourceChanged(LaunchManager.java:2272) ~[na:na]
	at org.eclipse.core.internal.events.NotificationManager$1.run(NotificationManager.java:307) ~[na:na]
	at org.eclipse.core.runtime.SafeRunner.run(SafeRunner.java:45) ~[org.eclipse.equinox.common_3.16.200.v20220817-1601.jar:na]
	at org.eclipse.core.internal.events.NotificationManager.notify(NotificationManager.java:297) ~[na:na]
	at org.eclipse.core.internal.events.NotificationManager.broadcastChanges(NotificationManager.java:160) ~[na:na]
	at org.eclipse.core.internal.resources.Workspace.broadcastPostChange(Workspace.java:388) ~[na:na]
	at org.eclipse.core.internal.resources.Workspace.endOperation(Workspace.java:1514) ~[na:na]
	at org.eclipse.core.internal.resources.Resource.refreshLocal(Resource.java:1579) ~[na:na]
	at org.eclipse.core.internal.resources.Project.open(Project.java:1094) ~[na:na]
	at org.eclipse.core.internal.resources.Project.open(Project.java:1150) ~[na:na]
	at org.eclipse.m2e.core.internal.project.ProjectConfigurationManager.create(ProjectConfigurationManager.java:819) ~[na:na]
	at org.eclipse.m2e.core.internal.project.ProjectConfigurationManager.lambda$1(ProjectConfigurationManager.java:152) ~[na:na]
	at org.eclipse.m2e.core.internal.embedder.MavenExecutionContext.executeBare(MavenExecutionContext.java:350) ~[na:na]
	at org.eclipse.m2e.core.internal.embedder.MavenExecutionContext.execute(MavenExecutionContext.java:262) ~[na:na]
	at org.eclipse.m2e.core.internal.embedder.MavenExecutionContext.execute(MavenExecutionContext.java:205) ~[na:na]
	at org.eclipse.m2e.core.internal.project.ProjectConfigurationManager.importProjects(ProjectConfigurationManager.java:138) ~[na:na]
	at org.eclipse.m2e.core.ui.internal.wizards.ImportMavenProjectsJob$1.doCreateMavenProjects(ImportMavenProjectsJob.java:70) ~[org.eclipse.m2e.core.ui_2.0.0.20220726-0935.jar:na]
	at org.eclipse.m2e.core.ui.internal.wizards.AbstractCreateMavenProjectsOperation.run(AbstractCreateMavenProjectsOperation.java:57) ~[org.eclipse.m2e.core.ui_2.0.0.20220726-0935.jar:na]
	at org.eclipse.m2e.core.ui.internal.wizards.ImportMavenProjectsJob.runInWorkspace(ImportMavenProjectsJob.java:79) ~[org.eclipse.m2e.core.ui_2.0.0.20220726-0935.jar:na]
	at org.eclipse.core.internal.resources.InternalWorkspaceJob.run(InternalWorkspaceJob.java:43) ~[na:na]
	at org.eclipse.core.internal.jobs.Worker.run(Worker.java:63) ~[org.eclipse.core.jobs_3.13.100.v20220817-1539.jar:na]
2026-03-01 11:53:22,209 [Worker-20: Importing Maven projects] ERROR o.e.m.j.i.l.MavenLaunchConfigurationListener - Launch configuration UserInterface (7) references non-existing project JavsBasedConfig.
org.eclipse.core.runtime.CoreException: Launch configuration UserInterface (7) references non-existing project JavsBasedConfig.
	at org.eclipse.jdt.launching.JavaRuntime.abort(JavaRuntime.java:1861) ~[na:na]
	at org.eclipse.jdt.launching.JavaRuntime.getJavaProject(JavaRuntime.java:1736) ~[na:na]
	at org.eclipse.m2e.jdt.internal.launch.MavenLaunchConfigurationListener.updateLaunchConfiguration(MavenLaunchConfigurationListener.java:64) ~[na:na]
	at org.eclipse.m2e.jdt.internal.launch.MavenLaunchConfigurationListener.launchConfigurationAdded(MavenLaunchConfigurationListener.java:45) ~[na:na]
	at org.eclipse.debug.internal.core.LaunchManager$ConfigurationNotifier.run(LaunchManager.java:219) ~[na:na]
	at org.eclipse.core.runtime.SafeRunner.run(SafeRunner.java:45) ~[org.eclipse.equinox.common_3.16.200.v20220817-1601.jar:na]
	at org.eclipse.debug.internal.core.LaunchManager$ConfigurationNotifier.notify(LaunchManager.java:209) ~[na:na]
	at org.eclipse.debug.internal.core.LaunchManager.launchConfigurationAdded(LaunchManager.java:2120) ~[na:na]
	at org.eclipse.debug.internal.core.LaunchManager.projectOpened(LaunchManager.java:2212) ~[na:na]
	at org.eclipse.debug.internal.core.LaunchManager$LaunchManagerVisitor.visit(LaunchManager.java:356) ~[na:na]
	at org.eclipse.core.internal.events.ResourceDelta.accept(ResourceDelta.java:67) ~[na:na]
	at org.eclipse.core.internal.events.ResourceDelta.accept(ResourceDelta.java:77) ~[na:na]
	at org.eclipse.core.internal.events.ResourceDelta.accept(ResourceDelta.java:51) ~[na:na]
	at org.eclipse.debug.internal.core.LaunchManager.resourceChanged(LaunchManager.java:2272) ~[na:na]
	at org.eclipse.core.internal.events.NotificationManager$1.run(NotificationManager.java:307) ~[na:na]
	at org.eclipse.core.runtime.SafeRunner.run(SafeRunner.java:45) ~[org.eclipse.equinox.common_3.16.200.v20220817-1601.jar:na]
	at org.eclipse.core.internal.events.NotificationManager.notify(NotificationManager.java:297) ~[na:na]
	at org.eclipse.core.internal.events.NotificationManager.broadcastChanges(NotificationManager.java:160) ~[na:na]
	at org.eclipse.core.internal.resources.Workspace.broadcastPostChange(Workspace.java:388) ~[na:na]
	at org.eclipse.core.internal.resources.Workspace.endOperation(Workspace.java:1514) ~[na:na]
	at org.eclipse.core.internal.resources.Resource.refreshLocal(Resource.java:1579) ~[na:na]
	at org.eclipse.core.internal.resources.Project.open(Project.java:1094) ~[na:na]
	at org.eclipse.core.internal.resources.Project.open(Project.java:1150) ~[na:na]
	at org.eclipse.m2e.core.internal.project.ProjectConfigurationManager.create(ProjectConfigurationManager.java:819) ~[na:na]
	at org.eclipse.m2e.core.internal.project.ProjectConfigurationManager.lambda$1(ProjectConfigurationManager.java:152) ~[na:na]
	at org.eclipse.m2e.core.internal.embedder.MavenExecutionContext.executeBare(MavenExecutionContext.java:350) ~[na:na]
	at org.eclipse.m2e.core.internal.embedder.MavenExecutionContext.execute(MavenExecutionContext.java:262) ~[na:na]
	at org.eclipse.m2e.core.internal.embedder.MavenExecutionContext.execute(MavenExecutionContext.java:205) ~[na:na]
	at org.eclipse.m2e.core.internal.project.ProjectConfigurationManager.importProjects(ProjectConfigurationManager.java:138) ~[na:na]
	at org.eclipse.m2e.core.ui.internal.wizards.ImportMavenProjectsJob$1.doCreateMavenProjects(ImportMavenProjectsJob.java:70) ~[org.eclipse.m2e.core.ui_2.0.0.20220726-0935.jar:na]
	at org.eclipse.m2e.core.ui.internal.wizards.AbstractCreateMavenProjectsOperation.run(AbstractCreateMavenProjectsOperation.java:57) ~[org.eclipse.m2e.core.ui_2.0.0.20220726-0935.jar:na]
	at org.eclipse.m2e.core.ui.internal.wizards.ImportMavenProjectsJob.runInWorkspace(ImportMavenProjectsJob.java:79) ~[org.eclipse.m2e.core.ui_2.0.0.20220726-0935.jar:na]
	at org.eclipse.core.internal.resources.InternalWorkspaceJob.run(InternalWorkspaceJob.java:43) ~[na:na]
	at org.eclipse.core.internal.jobs.Worker.run(Worker.java:63) ~[org.eclipse.core.jobs_3.13.100.v20220817-1539.jar:na]
2026-03-01 11:53:22,224 [Worker-20: Importing Maven projects] ERROR o.e.m.j.i.l.MavenLaunchConfigurationListener - Launch configuration UserInterface (8) references non-existing project Lazy_Initialization.
org.eclipse.core.runtime.CoreException: Launch configuration UserInterface (8) references non-existing project Lazy_Initialization.
	at org.eclipse.jdt.launching.JavaRuntime.abort(JavaRuntime.java:1861) ~[na:na]
	at org.eclipse.jdt.launching.JavaRuntime.getJavaProject(JavaRuntime.java:1736) ~[na:na]
	at org.eclipse.m2e.jdt.internal.launch.MavenLaunchConfigurationListener.updateLaunchConfiguration(MavenLaunchConfigurationListener.java:64) ~[na:na]
	at org.eclipse.m2e.jdt.internal.launch.MavenLaunchConfigurationListener.launchConfigurationAdded(MavenLaunchConfigurationListener.java:45) ~[na:na]
	at org.eclipse.debug.internal.core.LaunchManager$ConfigurationNotifier.run(LaunchManager.java:219) ~[na:na]
	at org.eclipse.core.runtime.SafeRunner.run(SafeRunner.java:45) ~[org.eclipse.equinox.common_3.16.200.v20220817-1601.jar:na]
	at org.eclipse.debug.internal.core.LaunchManager$ConfigurationNotifier.notify(LaunchManager.java:209) ~[na:na]
	at org.eclipse.debug.internal.core.LaunchManager.launchConfigurationAdded(LaunchManager.java:2120) ~[na:na]
	at org.eclipse.debug.internal.core.LaunchManager.projectOpened(LaunchManager.java:2212) ~[na:na]
	at org.eclipse.debug.internal.core.LaunchManager$LaunchManagerVisitor.visit(LaunchManager.java:356) ~[na:na]
	at org.eclipse.core.internal.events.ResourceDelta.accept(ResourceDelta.java:67) ~[na:na]
	at org.eclipse.core.internal.events.ResourceDelta.accept(ResourceDelta.java:77) ~[na:na]
	at org.eclipse.core.internal.events.ResourceDelta.accept(ResourceDelta.java:51) ~[na:na]
	at org.eclipse.debug.internal.core.LaunchManager.resourceChanged(LaunchManager.java:2272) ~[na:na]
	at org.eclipse.core.internal.events.NotificationManager$1.run(NotificationManager.java:307) ~[na:na]
	at org.eclipse.core.runtime.SafeRunner.run(SafeRunner.java:45) ~[org.eclipse.equinox.common_3.16.200.v20220817-1601.jar:na]
	at org.eclipse.core.internal.events.NotificationManager.notify(NotificationManager.java:297) ~[na:na]
	at org.eclipse.core.internal.events.NotificationManager.broadcastChanges(NotificationManager.java:160) ~[na:na]
	at org.eclipse.core.internal.resources.Workspace.broadcastPostChange(Workspace.java:388) ~[na:na]
	at org.eclipse.core.internal.resources.Workspace.endOperation(Workspace.java:1514) ~[na:na]
	at org.eclipse.core.internal.resources.Resource.refreshLocal(Resource.java:1579) ~[na:na]
	at org.eclipse.core.internal.resources.Project.open(Project.java:1094) ~[na:na]
	at org.eclipse.core.internal.resources.Project.open(Project.java:1150) ~[na:na]
	at org.eclipse.m2e.core.internal.project.ProjectConfigurationManager.create(ProjectConfigurationManager.java:819) ~[na:na]
	at org.eclipse.m2e.core.internal.project.ProjectConfigurationManager.lambda$1(ProjectConfigurationManager.java:152) ~[na:na]
	at org.eclipse.m2e.core.internal.embedder.MavenExecutionContext.executeBare(MavenExecutionContext.java:350) ~[na:na]
	at org.eclipse.m2e.core.internal.embedder.MavenExecutionContext.execute(MavenExecutionContext.java:262) ~[na:na]
	at org.eclipse.m2e.core.internal.embedder.MavenExecutionContext.execute(MavenExecutionContext.java:205) ~[na:na]
	at org.eclipse.m2e.core.internal.project.ProjectConfigurationManager.importProjects(ProjectConfigurationManager.java:138) ~[na:na]
	at org.eclipse.m2e.core.ui.internal.wizards.ImportMavenProjectsJob$1.doCreateMavenProjects(ImportMavenProjectsJob.java:70) ~[org.eclipse.m2e.core.ui_2.0.0.20220726-0935.jar:na]
	at org.eclipse.m2e.core.ui.internal.wizards.AbstractCreateMavenProjectsOperation.run(AbstractCreateMavenProjectsOperation.java:57) ~[org.eclipse.m2e.core.ui_2.0.0.20220726-0935.jar:na]
	at org.eclipse.m2e.core.ui.internal.wizards.ImportMavenProjectsJob.runInWorkspace(ImportMavenProjectsJob.java:79) ~[org.eclipse.m2e.core.ui_2.0.0.20220726-0935.jar:na]
	at org.eclipse.core.internal.resources.InternalWorkspaceJob.run(InternalWorkspaceJob.java:43) ~[na:na]
	at org.eclipse.core.internal.jobs.Worker.run(Worker.java:63) ~[org.eclipse.core.jobs_3.13.100.v20220817-1539.jar:na]
2026-03-01 11:53:22,237 [Worker-20: Importing Maven projects] ERROR o.e.m.j.i.l.MavenLaunchConfigurationListener - Launch configuration UserInterface (9) references non-existing project IOC_Container.
org.eclipse.core.runtime.CoreException: Launch configuration UserInterface (9) references non-existing project IOC_Container.
	at org.eclipse.jdt.launching.JavaRuntime.abort(JavaRuntime.java:1861) ~[na:na]
	at org.eclipse.jdt.launching.JavaRuntime.getJavaProject(JavaRuntime.java:1736) ~[na:na]
	at org.eclipse.m2e.jdt.internal.launch.MavenLaunchConfigurationListener.updateLaunchConfiguration(MavenLaunchConfigurationListener.java:64) ~[na:na]
	at org.eclipse.m2e.jdt.internal.launch.MavenLaunchConfigurationListener.launchConfigurationAdded(MavenLaunchConfigurationListener.java:45) ~[na:na]
	at org.eclipse.debug.internal.core.LaunchManager$ConfigurationNotifier.run(LaunchManager.java:219) ~[na:na]
	at org.eclipse.core.runtime.SafeRunner.run(SafeRunner.java:45) ~[org.eclipse.equinox.common_3.16.200.v20220817-1601.jar:na]
	at org.eclipse.debug.internal.core.LaunchManager$ConfigurationNotifier.notify(LaunchManager.java:209) ~[na:na]
	at org.eclipse.debug.internal.core.LaunchManager.launchConfigurationAdded(LaunchManager.java:2120) ~[na:na]
	at org.eclipse.debug.internal.core.LaunchManager.projectOpened(LaunchManager.java:2212) ~[na:na]
	at org.eclipse.debug.internal.core.LaunchManager$LaunchManagerVisitor.visit(LaunchManager.java:356) ~[na:na]
	at org.eclipse.core.internal.events.ResourceDelta.accept(ResourceDelta.java:67) ~[na:na]
	at org.eclipse.core.internal.events.ResourceDelta.accept(ResourceDelta.java:77) ~[na:na]
	at org.eclipse.core.internal.events.ResourceDelta.accept(ResourceDelta.java:51) ~[na:na]
	at org.eclipse.debug.internal.core.LaunchManager.resourceChanged(LaunchManager.java:2272) ~[na:na]
	at org.eclipse.core.internal.events.NotificationManager$1.run(NotificationManager.java:307) ~[na:na]
	at org.eclipse.core.runtime.SafeRunner.run(SafeRunner.java:45) ~[org.eclipse.equinox.common_3.16.200.v20220817-1601.jar:na]
	at org.eclipse.core.internal.events.NotificationManager.notify(NotificationManager.java:297) ~[na:na]
	at org.eclipse.core.internal.events.NotificationManager.broadcastChanges(NotificationManager.java:160) ~[na:na]
	at org.eclipse.core.internal.resources.Workspace.broadcastPostChange(Workspace.java:388) ~[na:na]
	at org.eclipse.core.internal.resources.Workspace.endOperation(Workspace.java:1514) ~[na:na]
	at org.eclipse.core.internal.resources.Resource.refreshLocal(Resource.java:1579) ~[na:na]
	at org.eclipse.core.internal.resources.Project.open(Project.java:1094) ~[na:na]
	at org.eclipse.core.internal.resources.Project.open(Project.java:1150) ~[na:na]
	at org.eclipse.m2e.core.internal.project.ProjectConfigurationManager.create(ProjectConfigurationManager.java:819) ~[na:na]
	at org.eclipse.m2e.core.internal.project.ProjectConfigurationManager.lambda$1(ProjectConfigurationManager.java:152) ~[na:na]
	at org.eclipse.m2e.core.internal.embedder.MavenExecutionContext.executeBare(MavenExecutionContext.java:350) ~[na:na]
	at org.eclipse.m2e.core.internal.embedder.MavenExecutionContext.execute(MavenExecutionContext.java:262) ~[na:na]
	at org.eclipse.m2e.core.internal.embedder.MavenExecutionContext.execute(MavenExecutionContext.java:205) ~[na:na]
	at org.eclipse.m2e.core.internal.project.ProjectConfigurationManager.importProjects(ProjectConfigurationManager.java:138) ~[na:na]
	at org.eclipse.m2e.core.ui.internal.wizards.ImportMavenProjectsJob$1.doCreateMavenProjects(ImportMavenProjectsJob.java:70) ~[org.eclipse.m2e.core.ui_2.0.0.20220726-0935.jar:na]
	at org.eclipse.m2e.core.ui.internal.wizards.AbstractCreateMavenProjectsOperation.run(AbstractCreateMavenProjectsOperation.java:57) ~[org.eclipse.m2e.core.ui_2.0.0.20220726-0935.jar:na]
	at org.eclipse.m2e.core.ui.internal.wizards.ImportMavenProjectsJob.runInWorkspace(ImportMavenProjectsJob.java:79) ~[org.eclipse.m2e.core.ui_2.0.0.20220726-0935.jar:na]
	at org.eclipse.core.internal.resources.InternalWorkspaceJob.run(InternalWorkspaceJob.java:43) ~[na:na]
	at org.eclipse.core.internal.jobs.Worker.run(Worker.java:63) ~[org.eclipse.core.jobs_3.13.100.v20220817-1539.jar:na]
2026-03-01 11:53:22,251 [Worker-20: Importing Maven projects] ERROR o.e.m.j.i.l.MavenLaunchConfigurationListener - Launch configuration UserInterface references non-existing project com.d.
org.eclipse.core.runtime.CoreException: Launch configuration UserInterface references non-existing project com.d.
	at org.eclipse.jdt.launching.JavaRuntime.abort(JavaRuntime.java:1861) ~[na:na]
	at org.eclipse.jdt.launching.JavaRuntime.getJavaProject(JavaRuntime.java:1736) ~[na:na]
	at org.eclipse.m2e.jdt.internal.launch.MavenLaunchConfigurationListener.updateLaunchConfiguration(MavenLaunchConfigurationListener.java:64) ~[na:na]
	at org.eclipse.m2e.jdt.internal.launch.MavenLaunchConfigurationListener.launchConfigurationAdded(MavenLaunchConfigurationListener.java:45) ~[na:na]
	at org.eclipse.debug.internal.core.LaunchManager$ConfigurationNotifier.run(LaunchManager.java:219) ~[na:na]
	at org.eclipse.core.runtime.SafeRunner.run(SafeRunner.java:45) ~[org.eclipse.equinox.common_3.16.200.v20220817-1601.jar:na]
	at org.eclipse.debug.internal.core.LaunchManager$ConfigurationNotifier.notify(LaunchManager.java:209) ~[na:na]
	at org.eclipse.debug.internal.core.LaunchManager.launchConfigurationAdded(LaunchManager.java:2120) ~[na:na]
	at org.eclipse.debug.internal.core.LaunchManager.projectOpened(LaunchManager.java:2212) ~[na:na]
	at org.eclipse.debug.internal.core.LaunchManager$LaunchManagerVisitor.visit(LaunchManager.java:356) ~[na:na]
	at org.eclipse.core.internal.events.ResourceDelta.accept(ResourceDelta.java:67) ~[na:na]
	at org.eclipse.core.internal.events.ResourceDelta.accept(ResourceDelta.java:77) ~[na:na]
	at org.eclipse.core.internal.events.ResourceDelta.accept(ResourceDelta.java:51) ~[na:na]
	at org.eclipse.debug.internal.core.LaunchManager.resourceChanged(LaunchManager.java:2272) ~[na:na]
	at org.eclipse.core.internal.events.NotificationManager$1.run(NotificationManager.java:307) ~[na:na]
	at org.eclipse.core.runtime.SafeRunner.run(SafeRunner.java:45) ~[org.eclipse.equinox.common_3.16.200.v20220817-1601.jar:na]
	at org.eclipse.core.internal.events.NotificationManager.notify(NotificationManager.java:297) ~[na:na]
	at org.eclipse.core.internal.events.NotificationManager.broadcastChanges(NotificationManager.java:160) ~[na:na]
	at org.eclipse.core.internal.resources.Workspace.broadcastPostChange(Workspace.java:388) ~[na:na]
	at org.eclipse.core.internal.resources.Workspace.endOperation(Workspace.java:1514) ~[na:na]
	at org.eclipse.core.internal.resources.Resource.refreshLocal(Resource.java:1579) ~[na:na]
	at org.eclipse.core.internal.resources.Project.open(Project.java:1094) ~[na:na]
	at org.eclipse.core.internal.resources.Project.open(Project.java:1150) ~[na:na]
	at org.eclipse.m2e.core.internal.project.ProjectConfigurationManager.create(ProjectConfigurationManager.java:819) ~[na:na]
	at org.eclipse.m2e.core.internal.project.ProjectConfigurationManager.lambda$1(ProjectConfigurationManager.java:152) ~[na:na]
	at org.eclipse.m2e.core.internal.embedder.MavenExecutionContext.executeBare(MavenExecutionContext.java:350) ~[na:na]
	at org.eclipse.m2e.core.internal.embedder.MavenExecutionContext.execute(MavenExecutionContext.java:262) ~[na:na]
	at org.eclipse.m2e.core.internal.embedder.MavenExecutionContext.execute(MavenExecutionContext.java:205) ~[na:na]
	at org.eclipse.m2e.core.internal.project.ProjectConfigurationManager.importProjects(ProjectConfigurationManager.java:138) ~[na:na]
	at org.eclipse.m2e.core.ui.internal.wizards.ImportMavenProjectsJob$1.doCreateMavenProjects(ImportMavenProjectsJob.java:70) ~[org.eclipse.m2e.core.ui_2.0.0.20220726-0935.jar:na]
	at org.eclipse.m2e.core.ui.internal.wizards.AbstractCreateMavenProjectsOperation.run(AbstractCreateMavenProjectsOperation.java:57) ~[org.eclipse.m2e.core.ui_2.0.0.20220726-0935.jar:na]
	at org.eclipse.m2e.core.ui.internal.wizards.ImportMavenProjectsJob.runInWorkspace(ImportMavenProjectsJob.java:79) ~[org.eclipse.m2e.core.ui_2.0.0.20220726-0935.jar:na]
	at org.eclipse.core.internal.resources.InternalWorkspaceJob.run(InternalWorkspaceJob.java:43) ~[na:na]
	at org.eclipse.core.internal.jobs.Worker.run(Worker.java:63) ~[org.eclipse.core.jobs_3.13.100.v20220817-1539.jar:na]
2026-03-01 11:53:23,841 [Worker-20: Importing Maven projects] INFO  o.e.m.c.i.e.AbstractTransferListenerAdapter - Downloaded https://repo.maven.apache.org/maven2/org/springframework/boot/spring-boot-maven-plugin/maven-metadata.xml
2026-03-01 11:53:23,986 [Worker-20: Importing Maven projects] INFO  o.e.m.c.i.e.AbstractTransferListenerAdapter - Downloaded https://repo.maven.apache.org/maven2/org/springframework/boot/spring-boot-maven-plugin/4.1.0-M2/spring-boot-maven-plugin-4.1.0-M2.pom
2026-03-01 11:53:24,043 [Worker-20: Importing Maven projects] INFO  o.e.m.c.i.e.AbstractTransferListenerAdapter - Downloading https://repo.maven.apache.org/maven2/org/springframework/boot/spring-boot-maven-plugin/4.1.0-M2/spring-boot-maven-plugin-4.1.0-M2.jar
2026-03-01 11:53:24,226 [Worker-20: Importing Maven projects] INFO  o.e.m.c.i.e.AbstractTransferListenerAdapter - Downloaded https://repo.maven.apache.org/maven2/org/springframework/boot/spring-boot-maven-plugin/4.1.0-M2/spring-boot-maven-plugin-4.1.0-M2.jar
2026-03-01 11:53:28,985 [Worker-20: Importing Maven projects] INFO  o.e.m.c.i.l.LifecycleMappingFactory - Using org.eclipse.m2e.jdt.JarLifecycleMapping lifecycle mapping for MavenProject: com.example:demo:1.0.0 @ C:\Users\Expert\Downloads\pom.xml.
2026-03-01 11:53:29,947 [Worker-20: Importing Maven projects] ERROR o.e.m.j.i.l.MavenLaunchConfigurationListener - Launch configuration DemoApplication references non-existing project demo.
org.eclipse.core.runtime.CoreException: Launch configuration DemoApplication references non-existing project demo.
	at org.eclipse.jdt.launching.JavaRuntime.abort(JavaRuntime.java:1861) ~[na:na]
	at org.eclipse.jdt.launching.JavaRuntime.getJavaProject(JavaRuntime.java:1736) ~[na:na]
	at org.eclipse.m2e.jdt.internal.launch.MavenLaunchConfigurationListener.updateLaunchConfiguration(MavenLaunchConfigurationListener.java:64) ~[na:na]
	at org.eclipse.m2e.jdt.internal.launch.MavenLaunchConfigurationListener.launchConfigurationChanged(MavenLaunchConfigurationListener.java:50) ~[na:na]
	at org.eclipse.debug.internal.core.LaunchManager$ConfigurationNotifier.run(LaunchManager.java:225) ~[na:na]
	at org.eclipse.core.runtime.SafeRunner.run(SafeRunner.java:45) ~[org.eclipse.equinox.common_3.16.200.v20220817-1601.jar:na]
	at org.eclipse.debug.internal.core.LaunchManager$ConfigurationNotifier.notify(LaunchManager.java:209) ~[na:na]
	at org.eclipse.debug.internal.core.LaunchConfigurationWorkingCopy.setDirty(LaunchConfigurationWorkingCopy.java:524) ~[na:na]
	at org.eclipse.debug.internal.core.LaunchConfigurationWorkingCopy.setAttribute(LaunchConfigurationWorkingCopy.java:412) ~[na:na]
	at org.eclipse.m2e.jdt.internal.launch.MavenRuntimeClasspathProvider.enable(MavenRuntimeClasspathProvider.java:404) ~[na:na]
	at org.eclipse.m2e.jdt.internal.launch.MavenRuntimeClasspathProvider.enable(MavenRuntimeClasspathProvider.java:398) ~[na:na]
	at org.eclipse.m2e.jdt.internal.launch.MavenRuntimeClasspathProvider.enable(MavenRuntimeClasspathProvider.java:428) ~[na:na]
	at org.eclipse.m2e.jdt.internal.launch.MavenLaunchConfigurationListener.mavenProjectChanged(MavenLaunchConfigurationListener.java:132) ~[na:na]
	at org.eclipse.m2e.core.internal.project.registry.ProjectRegistryManager.notifyProjectChangeListeners(ProjectRegistryManager.java:827) ~[na:na]
	at org.eclipse.m2e.core.internal.project.registry.ProjectRegistryManager.applyMutableProjectRegistry(ProjectRegistryManager.java:982) ~[na:na]
	at org.eclipse.m2e.core.internal.project.registry.ProjectRegistryManager.refresh(ProjectRegistryManager.java:323) ~[na:na]
	at org.eclipse.m2e.core.internal.project.ProjectConfigurationManager.configureNewMavenProjects(ProjectConfigurationManager.java:255) ~[na:na]
	at org.eclipse.m2e.core.internal.project.ProjectConfigurationManager.lambda$1(ProjectConfigurationManager.java:165) ~[na:na]
	at org.eclipse.m2e.core.internal.embedder.MavenExecutionContext.executeBare(MavenExecutionContext.java:350) ~[na:na]
	at org.eclipse.m2e.core.internal.embedder.MavenExecutionContext.execute(MavenExecutionContext.java:262) ~[na:na]
	at org.eclipse.m2e.core.internal.embedder.MavenExecutionContext.execute(MavenExecutionContext.java:205) ~[na:na]
	at org.eclipse.m2e.core.internal.project.ProjectConfigurationManager.importProjects(ProjectConfigurationManager.java:138) ~[na:na]
	at org.eclipse.m2e.core.ui.internal.wizards.ImportMavenProjectsJob$1.doCreateMavenProjects(ImportMavenProjectsJob.java:70) ~[org.eclipse.m2e.core.ui_2.0.0.20220726-0935.jar:na]
	at org.eclipse.m2e.core.ui.internal.wizards.AbstractCreateMavenProjectsOperation.run(AbstractCreateMavenProjectsOperation.java:57) ~[org.eclipse.m2e.core.ui_2.0.0.20220726-0935.jar:na]
	at org.eclipse.m2e.core.ui.internal.wizards.ImportMavenProjectsJob.runInWorkspace(ImportMavenProjectsJob.java:79) ~[org.eclipse.m2e.core.ui_2.0.0.20220726-0935.jar:na]
	at org.eclipse.core.internal.resources.InternalWorkspaceJob.run(InternalWorkspaceJob.java:43) ~[na:na]
	at org.eclipse.core.internal.jobs.Worker.run(Worker.java:63) ~[org.eclipse.core.jobs_3.13.100.v20220817-1539.jar:na]
2026-03-01 11:53:29,949 [Worker-20: Importing Maven projects] ERROR o.e.m.j.i.l.MavenLaunchConfigurationListener - Launch configuration DemoApplication references non-existing project demo.
org.eclipse.core.runtime.CoreException: Launch configuration DemoApplication references non-existing project demo.
	at org.eclipse.jdt.launching.JavaRuntime.abort(JavaRuntime.java:1861) ~[na:na]
	at org.eclipse.jdt.launching.JavaRuntime.getJavaProject(JavaRuntime.java:1736) ~[na:na]
	at org.eclipse.m2e.jdt.internal.launch.MavenLaunchConfigurationListener.updateLaunchConfiguration(MavenLaunchConfigurationListener.java:64) ~[na:na]
	at org.eclipse.m2e.jdt.internal.launch.MavenLaunchConfigurationListener.launchConfigurationChanged(MavenLaunchConfigurationListener.java:50) ~[na:na]
	at org.eclipse.debug.internal.core.LaunchManager$ConfigurationNotifier.run(LaunchManager.java:225) ~[na:na]
	at org.eclipse.core.runtime.SafeRunner.run(SafeRunner.java:45) ~[org.eclipse.equinox.common_3.16.200.v20220817-1601.jar:na]
	at org.eclipse.debug.internal.core.LaunchManager$ConfigurationNotifier.notify(LaunchManager.java:209) ~[na:na]
	at org.eclipse.debug.internal.core.LaunchConfigurationWorkingCopy.setDirty(LaunchConfigurationWorkingCopy.java:524) ~[na:na]
	at org.eclipse.debug.internal.core.LaunchConfigurationWorkingCopy.setAttribute(LaunchConfigurationWorkingCopy.java:412) ~[na:na]
	at org.eclipse.m2e.jdt.internal.launch.MavenRuntimeClasspathProvider.enable(MavenRuntimeClasspathProvider.java:405) ~[na:na]
	at org.eclipse.m2e.jdt.internal.launch.MavenRuntimeClasspathProvider.enable(MavenRuntimeClasspathProvider.java:398) ~[na:na]
	at org.eclipse.m2e.jdt.internal.launch.MavenRuntimeClasspathProvider.enable(MavenRuntimeClasspathProvider.java:428) ~[na:na]
	at org.eclipse.m2e.jdt.internal.launch.MavenLaunchConfigurationListener.mavenProjectChanged(MavenLaunchConfigurationListener.java:132) ~[na:na]
	at org.eclipse.m2e.core.internal.project.registry.ProjectRegistryManager.notifyProjectChangeListeners(ProjectRegistryManager.java:827) ~[na:na]
	at org.eclipse.m2e.core.internal.project.registry.ProjectRegistryManager.applyMutableProjectRegistry(ProjectRegistryManager.java:982) ~[na:na]
	at org.eclipse.m2e.core.internal.project.registry.ProjectRegistryManager.refresh(ProjectRegistryManager.java:323) ~[na:na]
	at org.eclipse.m2e.core.internal.project.ProjectConfigurationManager.configureNewMavenProjects(ProjectConfigurationManager.java:255) ~[na:na]
	at org.eclipse.m2e.core.internal.project.ProjectConfigurationManager.lambda$1(ProjectConfigurationManager.java:165) ~[na:na]
	at org.eclipse.m2e.core.internal.embedder.MavenExecutionContext.executeBare(MavenExecutionContext.java:350) ~[na:na]
	at org.eclipse.m2e.core.internal.embedder.MavenExecutionContext.execute(MavenExecutionContext.java:262) ~[na:na]
	at org.eclipse.m2e.core.internal.embedder.MavenExecutionContext.execute(MavenExecutionContext.java:205) ~[na:na]
	at org.eclipse.m2e.core.internal.project.ProjectConfigurationManager.importProjects(ProjectConfigurationManager.java:138) ~[na:na]
	at org.eclipse.m2e.core.ui.internal.wizards.ImportMavenProjectsJob$1.doCreateMavenProjects(ImportMavenProjectsJob.java:70) ~[org.eclipse.m2e.core.ui_2.0.0.20220726-0935.jar:na]
	at org.eclipse.m2e.core.ui.internal.wizards.AbstractCreateMavenProjectsOperation.run(AbstractCreateMavenProjectsOperation.java:57) ~[org.eclipse.m2e.core.ui_2.0.0.20220726-0935.jar:na]
	at org.eclipse.m2e.core.ui.internal.wizards.ImportMavenProjectsJob.runInWorkspace(ImportMavenProjectsJob.java:79) ~[org.eclipse.m2e.core.ui_2.0.0.20220726-0935.jar:na]
	at org.eclipse.core.internal.resources.InternalWorkspaceJob.run(InternalWorkspaceJob.java:43) ~[na:na]
	at org.eclipse.core.internal.jobs.Worker.run(Worker.java:63) ~[org.eclipse.core.jobs_3.13.100.v20220817-1539.jar:na]
2026-03-01 11:53:30,024 [Worker-20: Importing Maven projects] ERROR o.e.m.j.i.l.MavenLaunchConfigurationListener - Launch configuration DemoApplication references non-existing project demo.
org.eclipse.core.runtime.CoreException: Launch configuration DemoApplication references non-existing project demo.
	at org.eclipse.jdt.launching.JavaRuntime.abort(JavaRuntime.java:1861) ~[na:na]
	at org.eclipse.jdt.launching.JavaRuntime.getJavaProject(JavaRuntime.java:1736) ~[na:na]
	at org.eclipse.m2e.jdt.internal.launch.MavenLaunchConfigurationListener.updateLaunchConfiguration(MavenLaunchConfigurationListener.java:64) ~[na:na]
	at org.eclipse.m2e.jdt.internal.launch.MavenLaunchConfigurationListener.launchConfigurationChanged(MavenLaunchConfigurationListener.java:50) ~[na:na]
	at org.eclipse.debug.internal.core.LaunchManager$ConfigurationNotifier.run(LaunchManager.java:225) ~[na:na]
	at org.eclipse.core.runtime.SafeRunner.run(SafeRunner.java:45) ~[org.eclipse.equinox.common_3.16.200.v20220817-1601.jar:na]
	at org.eclipse.debug.internal.core.LaunchManager$ConfigurationNotifier.notify(LaunchManager.java:209) ~[na:na]
	at org.eclipse.debug.internal.core.LaunchManager.launchConfigurationChanged(LaunchManager.java:2147) ~[na:na]
	at org.eclipse.debug.internal.core.LaunchConfigurationWorkingCopy.writeNewFile(LaunchConfigurationWorkingCopy.java:377) ~[na:na]
	at org.eclipse.debug.internal.core.LaunchConfigurationWorkingCopy.doSave0(LaunchConfigurationWorkingCopy.java:259) ~[na:na]
	at org.eclipse.debug.internal.core.LaunchConfigurationWorkingCopy.doSave(LaunchConfigurationWorkingCopy.java:229) ~[na:na]
	at org.eclipse.debug.internal.core.LaunchConfigurationWorkingCopy.doSave(LaunchConfigurationWorkingCopy.java:187) ~[na:na]
	at org.eclipse.m2e.jdt.internal.launch.MavenRuntimeClasspathProvider.enable(MavenRuntimeClasspathProvider.java:399) ~[na:na]
	at org.eclipse.m2e.jdt.internal.launch.MavenRuntimeClasspathProvider.enable(MavenRuntimeClasspathProvider.java:428) ~[na:na]
	at org.eclipse.m2e.jdt.internal.launch.MavenLaunchConfigurationListener.mavenProjectChanged(MavenLaunchConfigurationListener.java:132) ~[na:na]
	at org.eclipse.m2e.core.internal.project.registry.ProjectRegistryManager.notifyProjectChangeListeners(ProjectRegistryManager.java:827) ~[na:na]
	at org.eclipse.m2e.core.internal.project.registry.ProjectRegistryManager.applyMutableProjectRegistry(ProjectRegistryManager.java:982) ~[na:na]
	at org.eclipse.m2e.core.internal.project.registry.ProjectRegistryManager.refresh(ProjectRegistryManager.java:323) ~[na:na]
	at org.eclipse.m2e.core.internal.project.ProjectConfigurationManager.configureNewMavenProjects(ProjectConfigurationManager.java:255) ~[na:na]
	at org.eclipse.m2e.core.internal.project.ProjectConfigurationManager.lambda$1(ProjectConfigurationManager.java:165) ~[na:na]
	at org.eclipse.m2e.core.internal.embedder.MavenExecutionContext.executeBare(MavenExecutionContext.java:350) ~[na:na]
	at org.eclipse.m2e.core.internal.embedder.MavenExecutionContext.execute(MavenExecutionContext.java:262) ~[na:na]
	at org.eclipse.m2e.core.internal.embedder.MavenExecutionContext.execute(MavenExecutionContext.java:205) ~[na:na]
	at org.eclipse.m2e.core.internal.project.ProjectConfigurationManager.importProjects(ProjectConfigurationManager.java:138) ~[na:na]
	at org.eclipse.m2e.core.ui.internal.wizards.ImportMavenProjectsJob$1.doCreateMavenProjects(ImportMavenProjectsJob.java:70) ~[org.eclipse.m2e.core.ui_2.0.0.20220726-0935.jar:na]
	at org.eclipse.m2e.core.ui.internal.wizards.AbstractCreateMavenProjectsOperation.run(AbstractCreateMavenProjectsOperation.java:57) ~[org.eclipse.m2e.core.ui_2.0.0.20220726-0935.jar:na]
	at org.eclipse.m2e.core.ui.internal.wizards.ImportMavenProjectsJob.runInWorkspace(ImportMavenProjectsJob.java:79) ~[org.eclipse.m2e.core.ui_2.0.0.20220726-0935.jar:na]
	at org.eclipse.core.internal.resources.InternalWorkspaceJob.run(InternalWorkspaceJob.java:43) ~[na:na]
	at org.eclipse.core.internal.jobs.Worker.run(Worker.java:63) ~[org.eclipse.core.jobs_3.13.100.v20220817-1539.jar:na]
2026-03-01 11:53:32,339 [Worker-20: Importing Maven projects] INFO  o.e.m.j.i.AbstractJavaProjectConfigurator - Adding resource folder /demo/src/main/resources
2026-03-01 11:53:32,693 [Worker-20: Importing Maven projects] INFO  o.e.m.c.i.p.ProjectConfigurationManager - Imported and configured 1 project(s) in 22 sec
2026-03-01 11:53:33,277 [Worker-20: Importing Maven projects] ERROR o.e.m.j.i.l.MavenLaunchConfigurationListener - Launch configuration ASTFrame references non-existing project restdemo.
org.eclipse.core.runtime.CoreException: Launch configuration ASTFrame references non-existing project restdemo.
	at org.eclipse.jdt.launching.JavaRuntime.abort(JavaRuntime.java:1861) ~[na:na]
	at org.eclipse.jdt.launching.JavaRuntime.getJavaProject(JavaRuntime.java:1736) ~[na:na]
	at org.eclipse.m2e.jdt.internal.launch.MavenLaunchConfigurationListener.updateLaunchConfiguration(MavenLaunchConfigurationListener.java:64) ~[na:na]
	at org.eclipse.m2e.jdt.internal.launch.MavenLaunchConfigurationListener.launchConfigurationChanged(MavenLaunchConfigurationListener.java:50) ~[na:na]
	at org.eclipse.debug.internal.core.LaunchManager$ConfigurationNotifier.run(LaunchManager.java:225) ~[na:na]
	at org.eclipse.core.runtime.SafeRunner.run(SafeRunner.java:45) ~[org.eclipse.equinox.common_3.16.200.v20220817-1601.jar:na]
	at org.eclipse.debug.internal.core.LaunchManager$ConfigurationNotifier.notify(LaunchManager.java:209) ~[na:na]
	at org.eclipse.debug.internal.core.LaunchManager.launchConfigurationChanged(LaunchManager.java:2147) ~[na:na]
	at org.eclipse.debug.internal.core.LaunchManager$LaunchManagerVisitor.visit(LaunchManager.java:376) ~[na:na]
	at org.eclipse.core.internal.events.ResourceDelta.accept(ResourceDelta.java:67) ~[na:na]
	at org.eclipse.core.internal.events.ResourceDelta.accept(ResourceDelta.java:77) ~[na:na]
	at org.eclipse.core.internal.events.ResourceDelta.accept(ResourceDelta.java:77) ~[na:na]
	at org.eclipse.core.internal.events.ResourceDelta.accept(ResourceDelta.java:77) ~[na:na]
	at org.eclipse.core.internal.events.ResourceDelta.accept(ResourceDelta.java:77) ~[na:na]
	at org.eclipse.core.internal.events.ResourceDelta.accept(ResourceDelta.java:77) ~[na:na]
	at org.eclipse.core.internal.events.ResourceDelta.accept(ResourceDelta.java:77) ~[na:na]
	at org.eclipse.core.internal.events.ResourceDelta.accept(ResourceDelta.java:77) ~[na:na]
	at org.eclipse.core.internal.events.ResourceDelta.accept(ResourceDelta.java:51) ~[na:na]
	at org.eclipse.debug.internal.core.LaunchManager.resourceChanged(LaunchManager.java:2272) ~[na:na]
	at org.eclipse.core.internal.events.NotificationManager$1.run(NotificationManager.java:307) ~[na:na]
	at org.eclipse.core.runtime.SafeRunner.run(SafeRunner.java:45) ~[org.eclipse.equinox.common_3.16.200.v20220817-1601.jar:na]
	at org.eclipse.core.internal.events.NotificationManager.notify(NotificationManager.java:297) ~[na:na]
	at org.eclipse.core.internal.events.NotificationManager.broadcastChanges(NotificationManager.java:160) ~[na:na]
	at org.eclipse.core.internal.resources.Workspace.broadcastPostChange(Workspace.java:388) ~[na:na]
	at org.eclipse.core.internal.resources.Workspace.endOperation(Workspace.java:1514) ~[na:na]
	at org.eclipse.core.internal.resources.InternalWorkspaceJob.run(InternalWorkspaceJob.java:50) ~[na:na]
	at org.eclipse.core.internal.jobs.Worker.run(Worker.java:63) ~[org.eclipse.core.jobs_3.13.100.v20220817-1539.jar:na]
2026-03-01 11:53:33,285 [Worker-20: Importing Maven projects] ERROR o.e.m.j.i.l.MavenLaunchConfigurationListener - Launch configuration DemoSpringBootAopApplication references non-existing project Demo_SpringBootAOP.
org.eclipse.core.runtime.CoreException: Launch configuration DemoSpringBootAopApplication references non-existing project Demo_SpringBootAOP.
	at org.eclipse.jdt.launching.JavaRuntime.abort(JavaRuntime.java:1861) ~[na:na]
	at org.eclipse.jdt.launching.JavaRuntime.getJavaProject(JavaRuntime.java:1736) ~[na:na]
	at org.eclipse.m2e.jdt.internal.launch.MavenLaunchConfigurationListener.updateLaunchConfiguration(MavenLaunchConfigurationListener.java:64) ~[na:na]
	at org.eclipse.m2e.jdt.internal.launch.MavenLaunchConfigurationListener.launchConfigurationChanged(MavenLaunchConfigurationListener.java:50) ~[na:na]
	at org.eclipse.debug.internal.core.LaunchManager$ConfigurationNotifier.run(LaunchManager.java:225) ~[na:na]
	at org.eclipse.core.runtime.SafeRunner.run(SafeRunner.java:45) ~[org.eclipse.equinox.common_3.16.200.v20220817-1601.jar:na]
	at org.eclipse.debug.internal.core.LaunchManager$ConfigurationNotifier.notify(LaunchManager.java:209) ~[na:na]
	at org.eclipse.debug.internal.core.LaunchManager.launchConfigurationChanged(LaunchManager.java:2147) ~[na:na]
	at org.eclipse.debug.internal.core.LaunchManager$LaunchManagerVisitor.visit(LaunchManager.java:376) ~[na:na]
	at org.eclipse.core.internal.events.ResourceDelta.accept(ResourceDelta.java:67) ~[na:na]
	at org.eclipse.core.internal.events.ResourceDelta.accept(ResourceDelta.java:77) ~[na:na]
	at org.eclipse.core.internal.events.ResourceDelta.accept(ResourceDelta.java:77) ~[na:na]
	at org.eclipse.core.internal.events.ResourceDelta.accept(ResourceDelta.java:77) ~[na:na]
	at org.eclipse.core.internal.events.ResourceDelta.accept(ResourceDelta.java:77) ~[na:na]
	at org.eclipse.core.internal.events.ResourceDelta.accept(ResourceDelta.java:77) ~[na:na]
	at org.eclipse.core.internal.events.ResourceDelta.accept(ResourceDelta.java:77) ~[na:na]
	at org.eclipse.core.internal.events.ResourceDelta.accept(ResourceDelta.java:77) ~[na:na]
	at org.eclipse.core.internal.events.ResourceDelta.accept(ResourceDelta.java:51) ~[na:na]
	at org.eclipse.debug.internal.core.LaunchManager.resourceChanged(LaunchManager.java:2272) ~[na:na]
	at org.eclipse.core.internal.events.NotificationManager$1.run(NotificationManager.java:307) ~[na:na]
	at org.eclipse.core.runtime.SafeRunner.run(SafeRunner.java:45) ~[org.eclipse.equinox.common_3.16.200.v20220817-1601.jar:na]
	at org.eclipse.core.internal.events.NotificationManager.notify(NotificationManager.java:297) ~[na:na]
	at org.eclipse.core.internal.events.NotificationManager.broadcastChanges(NotificationManager.java:160) ~[na:na]
	at org.eclipse.core.internal.resources.Workspace.broadcastPostChange(Workspace.java:388) ~[na:na]
	at org.eclipse.core.internal.resources.Workspace.endOperation(Workspace.java:1514) ~[na:na]
	at org.eclipse.core.internal.resources.InternalWorkspaceJob.run(InternalWorkspaceJob.java:50) ~[na:na]
	at org.eclipse.core.internal.jobs.Worker.run(Worker.java:63) ~[org.eclipse.core.jobs_3.13.100.v20220817-1539.jar:na]
2026-03-01 11:53:33,290 [Worker-20: Importing Maven projects] ERROR o.e.m.j.i.l.MavenLaunchConfigurationListener - Launch configuration FirstSpringProjectApplication references non-existing project FirstSpringProject.
org.eclipse.core.runtime.CoreException: Launch configuration FirstSpringProjectApplication references non-existing project FirstSpringProject.
	at org.eclipse.jdt.launching.JavaRuntime.abort(JavaRuntime.java:1861) ~[na:na]
	at org.eclipse.jdt.launching.JavaRuntime.getJavaProject(JavaRuntime.java:1736) ~[na:na]
	at org.eclipse.m2e.jdt.internal.launch.MavenLaunchConfigurationListener.updateLaunchConfiguration(MavenLaunchConfigurationListener.java:64) ~[na:na]
	at org.eclipse.m2e.jdt.internal.launch.MavenLaunchConfigurationListener.launchConfigurationChanged(MavenLaunchConfigurationListener.java:50) ~[na:na]
	at org.eclipse.debug.internal.core.LaunchManager$ConfigurationNotifier.run(LaunchManager.java:225) ~[na:na]
	at org.eclipse.core.runtime.SafeRunner.run(SafeRunner.java:45) ~[org.eclipse.equinox.common_3.16.200.v20220817-1601.jar:na]
	at org.eclipse.debug.internal.core.LaunchManager$ConfigurationNotifier.notify(LaunchManager.java:209) ~[na:na]
	at org.eclipse.debug.internal.core.LaunchManager.launchConfigurationChanged(LaunchManager.java:2147) ~[na:na]
	at org.eclipse.debug.internal.core.LaunchManager$LaunchManagerVisitor.visit(LaunchManager.java:376) ~[na:na]
	at org.eclipse.core.internal.events.ResourceDelta.accept(ResourceDelta.java:67) ~[na:na]
	at org.eclipse.core.internal.events.ResourceDelta.accept(ResourceDelta.java:77) ~[na:na]
	at org.eclipse.core.internal.events.ResourceDelta.accept(ResourceDelta.java:77) ~[na:na]
	at org.eclipse.core.internal.events.ResourceDelta.accept(ResourceDelta.java:77) ~[na:na]
	at org.eclipse.core.internal.events.ResourceDelta.accept(ResourceDelta.java:77) ~[na:na]
	at org.eclipse.core.internal.events.ResourceDelta.accept(ResourceDelta.java:77) ~[na:na]
	at org.eclipse.core.internal.events.ResourceDelta.accept(ResourceDelta.java:77) ~[na:na]
	at org.eclipse.core.internal.events.ResourceDelta.accept(ResourceDelta.java:77) ~[na:na]
	at org.eclipse.core.internal.events.ResourceDelta.accept(ResourceDelta.java:51) ~[na:na]
	at org.eclipse.debug.internal.core.LaunchManager.resourceChanged(LaunchManager.java:2272) ~[na:na]
	at org.eclipse.core.internal.events.NotificationManager$1.run(NotificationManager.java:307) ~[na:na]
	at org.eclipse.core.runtime.SafeRunner.run(SafeRunner.java:45) ~[org.eclipse.equinox.common_3.16.200.v20220817-1601.jar:na]
	at org.eclipse.core.internal.events.NotificationManager.notify(NotificationManager.java:297) ~[na:na]
	at org.eclipse.core.internal.events.NotificationManager.broadcastChanges(NotificationManager.java:160) ~[na:na]
	at org.eclipse.core.internal.resources.Workspace.broadcastPostChange(Workspace.java:388) ~[na:na]
	at org.eclipse.core.internal.resources.Workspace.endOperation(Workspace.java:1514) ~[na:na]
	at org.eclipse.core.internal.resources.InternalWorkspaceJob.run(InternalWorkspaceJob.java:50) ~[na:na]
	at org.eclipse.core.internal.jobs.Worker.run(Worker.java:63) ~[org.eclipse.core.jobs_3.13.100.v20220817-1539.jar:na]
2026-03-01 11:53:33,295 [Worker-20: Importing Maven projects] ERROR o.e.m.j.i.l.MavenLaunchConfigurationListener - Launch configuration Hello references non-existing project Hello.
org.eclipse.core.runtime.CoreException: Launch configuration Hello references non-existing project Hello.
	at org.eclipse.jdt.launching.JavaRuntime.abort(JavaRuntime.java:1861) ~[na:na]
	at org.eclipse.jdt.launching.JavaRuntime.getJavaProject(JavaRuntime.java:1736) ~[na:na]
	at org.eclipse.m2e.jdt.internal.launch.MavenLaunchConfigurationListener.updateLaunchConfiguration(MavenLaunchConfigurationListener.java:64) ~[na:na]
	at org.eclipse.m2e.jdt.internal.launch.MavenLaunchConfigurationListener.launchConfigurationChanged(MavenLaunchConfigurationListener.java:50) ~[na:na]
	at org.eclipse.debug.internal.core.LaunchManager$ConfigurationNotifier.run(LaunchManager.java:225) ~[na:na]
	at org.eclipse.core.runtime.SafeRunner.run(SafeRunner.java:45) ~[org.eclipse.equinox.common_3.16.200.v20220817-1601.jar:na]
	at org.eclipse.debug.internal.core.LaunchManager$ConfigurationNotifier.notify(LaunchManager.java:209) ~[na:na]
	at org.eclipse.debug.internal.core.LaunchManager.launchConfigurationChanged(LaunchManager.java:2147) ~[na:na]
	at org.eclipse.debug.internal.core.LaunchManager$LaunchManagerVisitor.visit(LaunchManager.java:376) ~[na:na]
	at org.eclipse.core.internal.events.ResourceDelta.accept(ResourceDelta.java:67) ~[na:na]
	at org.eclipse.core.internal.events.ResourceDelta.accept(ResourceDelta.java:77) ~[na:na]
	at org.eclipse.core.internal.events.ResourceDelta.accept(ResourceDelta.java:77) ~[na:na]
	at org.eclipse.core.internal.events.ResourceDelta.accept(ResourceDelta.java:77) ~[na:na]
	at org.eclipse.core.internal.events.ResourceDelta.accept(ResourceDelta.java:77) ~[na:na]
	at org.eclipse.core.internal.events.ResourceDelta.accept(ResourceDelta.java:77) ~[na:na]
	at org.eclipse.core.internal.events.ResourceDelta.accept(ResourceDelta.java:77) ~[na:na]
	at org.eclipse.core.internal.events.ResourceDelta.accept(ResourceDelta.java:77) ~[na:na]
	at org.eclipse.core.internal.events.ResourceDelta.accept(ResourceDelta.java:51) ~[na:na]
	at org.eclipse.debug.internal.core.LaunchManager.resourceChanged(LaunchManager.java:2272) ~[na:na]
	at org.eclipse.core.internal.events.NotificationManager$1.run(NotificationManager.java:307) ~[na:na]
	at org.eclipse.core.runtime.SafeRunner.run(SafeRunner.java:45) ~[org.eclipse.equinox.common_3.16.200.v20220817-1601.jar:na]
	at org.eclipse.core.internal.events.NotificationManager.notify(NotificationManager.java:297) ~[na:na]
	at org.eclipse.core.internal.events.NotificationManager.broadcastChanges(NotificationManager.java:160) ~[na:na]
	at org.eclipse.core.internal.resources.Workspace.broadcastPostChange(Workspace.java:388) ~[na:na]
	at org.eclipse.core.internal.resources.Workspace.endOperation(Workspace.java:1514) ~[na:na]
	at org.eclipse.core.internal.resources.InternalWorkspaceJob.run(InternalWorkspaceJob.java:50) ~[na:na]
	at org.eclipse.core.internal.jobs.Worker.run(Worker.java:63) ~[org.eclipse.core.jobs_3.13.100.v20220817-1539.jar:na]
2026-03-01 11:53:33,301 [Worker-20: Importing Maven projects] ERROR o.e.m.j.i.l.MavenLaunchConfigurationListener - Launch configuration Hello2 references non-existing project Hello.
org.eclipse.core.runtime.CoreException: Launch configuration Hello2 references non-existing project Hello.
	at org.eclipse.jdt.launching.JavaRuntime.abort(JavaRuntime.java:1861) ~[na:na]
	at org.eclipse.jdt.launching.JavaRuntime.getJavaProject(JavaRuntime.java:1736) ~[na:na]
	at org.eclipse.m2e.jdt.internal.launch.MavenLaunchConfigurationListener.updateLaunchConfiguration(MavenLaunchConfigurationListener.java:64) ~[na:na]
	at org.eclipse.m2e.jdt.internal.launch.MavenLaunchConfigurationListener.launchConfigurationChanged(MavenLaunchConfigurationListener.java:50) ~[na:na]
	at org.eclipse.debug.internal.core.LaunchManager$ConfigurationNotifier.run(LaunchManager.java:225) ~[na:na]
	at org.eclipse.core.runtime.SafeRunner.run(SafeRunner.java:45) ~[org.eclipse.equinox.common_3.16.200.v20220817-1601.jar:na]
	at org.eclipse.debug.internal.core.LaunchManager$ConfigurationNotifier.notify(LaunchManager.java:209) ~[na:na]
	at org.eclipse.debug.internal.core.LaunchManager.launchConfigurationChanged(LaunchManager.java:2147) ~[na:na]
	at org.eclipse.debug.internal.core.LaunchManager$LaunchManagerVisitor.visit(LaunchManager.java:376) ~[na:na]
	at org.eclipse.core.internal.events.ResourceDelta.accept(ResourceDelta.java:67) ~[na:na]
	at org.eclipse.core.internal.events.ResourceDelta.accept(ResourceDelta.java:77) ~[na:na]
	at org.eclipse.core.internal.events.ResourceDelta.accept(ResourceDelta.java:77) ~[na:na]
	at org.eclipse.core.internal.events.ResourceDelta.accept(ResourceDelta.java:77) ~[na:na]
	at org.eclipse.core.internal.events.ResourceDelta.accept(ResourceDelta.java:77) ~[na:na]
	at org.eclipse.core.internal.events.ResourceDelta.accept(ResourceDelta.java:77) ~[na:na]
	at org.eclipse.core.internal.events.ResourceDelta.accept(ResourceDelta.java:77) ~[na:na]
	at org.eclipse.core.internal.events.ResourceDelta.accept(ResourceDelta.java:77) ~[na:na]
	at org.eclipse.core.internal.events.ResourceDelta.accept(ResourceDelta.java:51) ~[na:na]
	at org.eclipse.debug.internal.core.LaunchManager.resourceChanged(LaunchManager.java:2272) ~[na:na]
	at org.eclipse.core.internal.events.NotificationManager$1.run(NotificationManager.java:307) ~[na:na]
	at org.eclipse.core.runtime.SafeRunner.run(SafeRunner.java:45) ~[org.eclipse.equinox.common_3.16.200.v20220817-1601.jar:na]
	at org.eclipse.core.internal.events.NotificationManager.notify(NotificationManager.java:297) ~[na:na]
	at org.eclipse.core.internal.events.NotificationManager.broadcastChanges(NotificationManager.java:160) ~[na:na]
	at org.eclipse.core.internal.resources.Workspace.broadcastPostChange(Workspace.java:388) ~[na:na]
	at org.eclipse.core.internal.resources.Workspace.endOperation(Workspace.java:1514) ~[na:na]
	at org.eclipse.core.internal.resources.InternalWorkspaceJob.run(InternalWorkspaceJob.java:50) ~[na:na]
	at org.eclipse.core.internal.jobs.Worker.run(Worker.java:63) ~[org.eclipse.core.jobs_3.13.100.v20220817-1539.jar:na]
2026-03-01 11:53:33,307 [Worker-20: Importing Maven projects] ERROR o.e.m.j.i.l.MavenLaunchConfigurationListener - Launch configuration Main references non-existing project Basic_JAVA_CONCEPTS.
org.eclipse.core.runtime.CoreException: Launch configuration Main references non-existing project Basic_JAVA_CONCEPTS.
	at org.eclipse.jdt.launching.JavaRuntime.abort(JavaRuntime.java:1861) ~[na:na]
	at org.eclipse.jdt.launching.JavaRuntime.getJavaProject(JavaRuntime.java:1736) ~[na:na]
	at org.eclipse.m2e.jdt.internal.launch.MavenLaunchConfigurationListener.updateLaunchConfiguration(MavenLaunchConfigurationListener.java:64) ~[na:na]
	at org.eclipse.m2e.jdt.internal.launch.MavenLaunchConfigurationListener.launchConfigurationChanged(MavenLaunchConfigurationListener.java:50) ~[na:na]
	at org.eclipse.debug.internal.core.LaunchManager$ConfigurationNotifier.run(LaunchManager.java:225) ~[na:na]
	at org.eclipse.core.runtime.SafeRunner.run(SafeRunner.java:45) ~[org.eclipse.equinox.common_3.16.200.v20220817-1601.jar:na]
	at org.eclipse.debug.internal.core.LaunchManager$ConfigurationNotifier.notify(LaunchManager.java:209) ~[na:na]
	at org.eclipse.debug.internal.core.LaunchManager.launchConfigurationChanged(LaunchManager.java:2147) ~[na:na]
	at org.eclipse.debug.internal.core.LaunchManager$LaunchManagerVisitor.visit(LaunchManager.java:376) ~[na:na]
	at org.eclipse.core.internal.events.ResourceDelta.accept(ResourceDelta.java:67) ~[na:na]
	at org.eclipse.core.internal.events.ResourceDelta.accept(ResourceDelta.java:77) ~[na:na]
	at org.eclipse.core.internal.events.ResourceDelta.accept(ResourceDelta.java:77) ~[na:na]
	at org.eclipse.core.internal.events.ResourceDelta.accept(ResourceDelta.java:77) ~[na:na]
	at org.eclipse.core.internal.events.ResourceDelta.accept(ResourceDelta.java:77) ~[na:na]
	at org.eclipse.core.internal.events.ResourceDelta.accept(ResourceDelta.java:77) ~[na:na]
	at org.eclipse.core.internal.events.ResourceDelta.accept(ResourceDelta.java:77) ~[na:na]
	at org.eclipse.core.internal.events.ResourceDelta.accept(ResourceDelta.java:77) ~[na:na]
	at org.eclipse.core.internal.events.ResourceDelta.accept(ResourceDelta.java:51) ~[na:na]
	at org.eclipse.debug.internal.core.LaunchManager.resourceChanged(LaunchManager.java:2272) ~[na:na]
	at org.eclipse.core.internal.events.NotificationManager$1.run(NotificationManager.java:307) ~[na:na]
	at org.eclipse.core.runtime.SafeRunner.run(SafeRunner.java:45) ~[org.eclipse.equinox.common_3.16.200.v20220817-1601.jar:na]
	at org.eclipse.core.internal.events.NotificationManager.notify(NotificationManager.java:297) ~[na:na]
	at org.eclipse.core.internal.events.NotificationManager.broadcastChanges(NotificationManager.java:160) ~[na:na]
	at org.eclipse.core.internal.resources.Workspace.broadcastPostChange(Workspace.java:388) ~[na:na]
	at org.eclipse.core.internal.resources.Workspace.endOperation(Workspace.java:1514) ~[na:na]
	at org.eclipse.core.internal.resources.InternalWorkspaceJob.run(InternalWorkspaceJob.java:50) ~[na:na]
	at org.eclipse.core.internal.jobs.Worker.run(Worker.java:63) ~[org.eclipse.core.jobs_3.13.100.v20220817-1539.jar:na]
2026-03-01 11:53:33,320 [Worker-20: Importing Maven projects] ERROR o.e.m.j.i.l.MavenLaunchConfigurationListener - Launch configuration MainApp (1) references non-existing project BeanScope.
org.eclipse.core.runtime.CoreException: Launch configuration MainApp (1) references non-existing project BeanScope.
	at org.eclipse.jdt.launching.JavaRuntime.abort(JavaRuntime.java:1861) ~[na:na]
	at org.eclipse.jdt.launching.JavaRuntime.getJavaProject(JavaRuntime.java:1736) ~[na:na]
	at org.eclipse.m2e.jdt.internal.launch.MavenLaunchConfigurationListener.updateLaunchConfiguration(MavenLaunchConfigurationListener.java:64) ~[na:na]
	at org.eclipse.m2e.jdt.internal.launch.MavenLaunchConfigurationListener.launchConfigurationChanged(MavenLaunchConfigurationListener.java:50) ~[na:na]
	at org.eclipse.debug.internal.core.LaunchManager$ConfigurationNotifier.run(LaunchManager.java:225) ~[na:na]
	at org.eclipse.core.runtime.SafeRunner.run(SafeRunner.java:45) ~[org.eclipse.equinox.common_3.16.200.v20220817-1601.jar:na]
	at org.eclipse.debug.internal.core.LaunchManager$ConfigurationNotifier.notify(LaunchManager.java:209) ~[na:na]
	at org.eclipse.debug.internal.core.LaunchManager.launchConfigurationChanged(LaunchManager.java:2147) ~[na:na]
	at org.eclipse.debug.internal.core.LaunchManager$LaunchManagerVisitor.visit(LaunchManager.java:376) ~[na:na]
	at org.eclipse.core.internal.events.ResourceDelta.accept(ResourceDelta.java:67) ~[na:na]
	at org.eclipse.core.internal.events.ResourceDelta.accept(ResourceDelta.java:77) ~[na:na]
	at org.eclipse.core.internal.events.ResourceDelta.accept(ResourceDelta.java:77) ~[na:na]
	at org.eclipse.core.internal.events.ResourceDelta.accept(ResourceDelta.java:77) ~[na:na]
	at org.eclipse.core.internal.events.ResourceDelta.accept(ResourceDelta.java:77) ~[na:na]
	at org.eclipse.core.internal.events.ResourceDelta.accept(ResourceDelta.java:77) ~[na:na]
	at org.eclipse.core.internal.events.ResourceDelta.accept(ResourceDelta.java:77) ~[na:na]
	at org.eclipse.core.internal.events.ResourceDelta.accept(ResourceDelta.java:77) ~[na:na]
	at org.eclipse.core.internal.events.ResourceDelta.accept(ResourceDelta.java:51) ~[na:na]
	at org.eclipse.debug.internal.core.LaunchManager.resourceChanged(LaunchManager.java:2272) ~[na:na]
	at org.eclipse.core.internal.events.NotificationManager$1.run(NotificationManager.java:307) ~[na:na]
	at org.eclipse.core.runtime.SafeRunner.run(SafeRunner.java:45) ~[org.eclipse.equinox.common_3.16.200.v20220817-1601.jar:na]
	at org.eclipse.core.internal.events.NotificationManager.notify(NotificationManager.java:297) ~[na:na]
	at org.eclipse.core.internal.events.NotificationManager.broadcastChanges(NotificationManager.java:160) ~[na:na]
	at org.eclipse.core.internal.resources.Workspace.broadcastPostChange(Workspace.java:388) ~[na:na]
	at org.eclipse.core.internal.resources.Workspace.endOperation(Workspace.java:1514) ~[na:na]
	at org.eclipse.core.internal.resources.InternalWorkspaceJob.run(InternalWorkspaceJob.java:50) ~[na:na]
	at org.eclipse.core.internal.jobs.Worker.run(Worker.java:63) ~[org.eclipse.core.jobs_3.13.100.v20220817-1539.jar:na]
2026-03-01 11:53:33,330 [Worker-20: Importing Maven projects] ERROR o.e.m.j.i.l.MavenLaunchConfigurationListener - Launch configuration MainApp references non-existing project DEMO.
org.eclipse.core.runtime.CoreException: Launch configuration MainApp references non-existing project DEMO.
	at org.eclipse.jdt.launching.JavaRuntime.abort(JavaRuntime.java:1861) ~[na:na]
	at org.eclipse.jdt.launching.JavaRuntime.getJavaProject(JavaRuntime.java:1736) ~[na:na]
	at org.eclipse.m2e.jdt.internal.launch.MavenLaunchConfigurationListener.updateLaunchConfiguration(MavenLaunchConfigurationListener.java:64) ~[na:na]
	at org.eclipse.m2e.jdt.internal.launch.MavenLaunchConfigurationListener.launchConfigurationChanged(MavenLaunchConfigurationListener.java:50) ~[na:na]
	at org.eclipse.debug.internal.core.LaunchManager$ConfigurationNotifier.run(LaunchManager.java:225) ~[na:na]
	at org.eclipse.core.runtime.SafeRunner.run(SafeRunner.java:45) ~[org.eclipse.equinox.common_3.16.200.v20220817-1601.jar:na]
	at org.eclipse.debug.internal.core.LaunchManager$ConfigurationNotifier.notify(LaunchManager.java:209) ~[na:na]
	at org.eclipse.debug.internal.core.LaunchManager.launchConfigurationChanged(LaunchManager.java:2147) ~[na:na]
	at org.eclipse.debug.internal.core.LaunchManager$LaunchManagerVisitor.visit(LaunchManager.java:376) ~[na:na]
	at org.eclipse.core.internal.events.ResourceDelta.accept(ResourceDelta.java:67) ~[na:na]
	at org.eclipse.core.internal.events.ResourceDelta.accept(ResourceDelta.java:77) ~[na:na]
	at org.eclipse.core.internal.events.ResourceDelta.accept(ResourceDelta.java:77) ~[na:na]
	at org.eclipse.core.internal.events.ResourceDelta.accept(ResourceDelta.java:77) ~[na:na]
	at org.eclipse.core.internal.events.ResourceDelta.accept(ResourceDelta.java:77) ~[na:na]
	at org.eclipse.core.internal.events.ResourceDelta.accept(ResourceDelta.java:77) ~[na:na]
	at org.eclipse.core.internal.events.ResourceDelta.accept(ResourceDelta.java:77) ~[na:na]
	at org.eclipse.core.internal.events.ResourceDelta.accept(ResourceDelta.java:77) ~[na:na]
	at org.eclipse.core.internal.events.ResourceDelta.accept(ResourceDelta.java:51) ~[na:na]
	at org.eclipse.debug.internal.core.LaunchManager.resourceChanged(LaunchManager.java:2272) ~[na:na]
	at org.eclipse.core.internal.events.NotificationManager$1.run(NotificationManager.java:307) ~[na:na]
	at org.eclipse.core.runtime.SafeRunner.run(SafeRunner.java:45) ~[org.eclipse.equinox.common_3.16.200.v20220817-1601.jar:na]
	at org.eclipse.core.internal.events.NotificationManager.notify(NotificationManager.java:297) ~[na:na]
	at org.eclipse.core.internal.events.NotificationManager.broadcastChanges(NotificationManager.java:160) ~[na:na]
	at org.eclipse.core.internal.resources.Workspace.broadcastPostChange(Workspace.java:388) ~[na:na]
	at org.eclipse.core.internal.resources.Workspace.endOperation(Workspace.java:1514) ~[na:na]
	at org.eclipse.core.internal.resources.InternalWorkspaceJob.run(InternalWorkspaceJob.java:50) ~[na:na]
	at org.eclipse.core.internal.jobs.Worker.run(Worker.java:63) ~[org.eclipse.core.jobs_3.13.100.v20220817-1539.jar:na]
2026-03-01 11:53:33,335 [Worker-20: Importing Maven projects] ERROR o.e.m.j.i.l.MavenLaunchConfigurationListener - Launch configuration MainClass references non-existing project Beans.
org.eclipse.core.runtime.CoreException: Launch configuration MainClass references non-existing project Beans.
	at org.eclipse.jdt.launching.JavaRuntime.abort(JavaRuntime.java:1861) ~[na:na]
	at org.eclipse.jdt.launching.JavaRuntime.getJavaProject(JavaRuntime.java:1736) ~[na:na]
	at org.eclipse.m2e.jdt.internal.launch.MavenLaunchConfigurationListener.updateLaunchConfiguration(MavenLaunchConfigurationListener.java:64) ~[na:na]
	at org.eclipse.m2e.jdt.internal.launch.MavenLaunchConfigurationListener.launchConfigurationChanged(MavenLaunchConfigurationListener.java:50) ~[na:na]
	at org.eclipse.debug.internal.core.LaunchManager$ConfigurationNotifier.run(LaunchManager.java:225) ~[na:na]
	at org.eclipse.core.runtime.SafeRunner.run(SafeRunner.java:45) ~[org.eclipse.equinox.common_3.16.200.v20220817-1601.jar:na]
	at org.eclipse.debug.internal.core.LaunchManager$ConfigurationNotifier.notify(LaunchManager.java:209) ~[na:na]
	at org.eclipse.debug.internal.core.LaunchManager.launchConfigurationChanged(LaunchManager.java:2147) ~[na:na]
	at org.eclipse.debug.internal.core.LaunchManager$LaunchManagerVisitor.visit(LaunchManager.java:376) ~[na:na]
	at org.eclipse.core.internal.events.ResourceDelta.accept(ResourceDelta.java:67) ~[na:na]
	at org.eclipse.core.internal.events.ResourceDelta.accept(ResourceDelta.java:77) ~[na:na]
	at org.eclipse.core.internal.events.ResourceDelta.accept(ResourceDelta.java:77) ~[na:na]
	at org.eclipse.core.internal.events.ResourceDelta.accept(ResourceDelta.java:77) ~[na:na]
	at org.eclipse.core.internal.events.ResourceDelta.accept(ResourceDelta.java:77) ~[na:na]
	at org.eclipse.core.internal.events.ResourceDelta.accept(ResourceDelta.java:77) ~[na:na]
	at org.eclipse.core.internal.events.ResourceDelta.accept(ResourceDelta.java:77) ~[na:na]
	at org.eclipse.core.internal.events.ResourceDelta.accept(ResourceDelta.java:77) ~[na:na]
	at org.eclipse.core.internal.events.ResourceDelta.accept(ResourceDelta.java:51) ~[na:na]
	at org.eclipse.debug.internal.core.LaunchManager.resourceChanged(LaunchManager.java:2272) ~[na:na]
	at org.eclipse.core.internal.events.NotificationManager$1.run(NotificationManager.java:307) ~[na:na]
	at org.eclipse.core.runtime.SafeRunner.run(SafeRunner.java:45) ~[org.eclipse.equinox.common_3.16.200.v20220817-1601.jar:na]
	at org.eclipse.core.internal.events.NotificationManager.notify(NotificationManager.java:297) ~[na:na]
	at org.eclipse.core.internal.events.NotificationManager.broadcastChanges(NotificationManager.java:160) ~[na:na]
	at org.eclipse.core.internal.resources.Workspace.broadcastPostChange(Workspace.java:388) ~[na:na]
	at org.eclipse.core.internal.resources.Workspace.endOperation(Workspace.java:1514) ~[na:na]
	at org.eclipse.core.internal.resources.InternalWorkspaceJob.run(InternalWorkspaceJob.java:50) ~[na:na]
	at org.eclipse.core.internal.jobs.Worker.run(Worker.java:63) ~[org.eclipse.core.jobs_3.13.100.v20220817-1539.jar:na]
2026-03-01 11:53:33,341 [Worker-20: Importing Maven projects] ERROR o.e.m.j.i.l.MavenLaunchConfigurationListener - Launch configuration OrderValue references non-existing project Basic_JAVA_CONCEPTS.
org.eclipse.core.runtime.CoreException: Launch configuration OrderValue references non-existing project Basic_JAVA_CONCEPTS.
	at org.eclipse.jdt.launching.JavaRuntime.abort(JavaRuntime.java:1861) ~[na:na]
	at org.eclipse.jdt.launching.JavaRuntime.getJavaProject(JavaRuntime.java:1736) ~[na:na]
	at org.eclipse.m2e.jdt.internal.launch.MavenLaunchConfigurationListener.updateLaunchConfiguration(MavenLaunchConfigurationListener.java:64) ~[na:na]
	at org.eclipse.m2e.jdt.internal.launch.MavenLaunchConfigurationListener.launchConfigurationChanged(MavenLaunchConfigurationListener.java:50) ~[na:na]
	at org.eclipse.debug.internal.core.LaunchManager$ConfigurationNotifier.run(LaunchManager.java:225) ~[na:na]
	at org.eclipse.core.runtime.SafeRunner.run(SafeRunner.java:45) ~[org.eclipse.equinox.common_3.16.200.v20220817-1601.jar:na]
	at org.eclipse.debug.internal.core.LaunchManager$ConfigurationNotifier.notify(LaunchManager.java:209) ~[na:na]
	at org.eclipse.debug.internal.core.LaunchManager.launchConfigurationChanged(LaunchManager.java:2147) ~[na:na]
	at org.eclipse.debug.internal.core.LaunchManager$LaunchManagerVisitor.visit(LaunchManager.java:376) ~[na:na]
	at org.eclipse.core.internal.events.ResourceDelta.accept(ResourceDelta.java:67) ~[na:na]
	at org.eclipse.core.internal.events.ResourceDelta.accept(ResourceDelta.java:77) ~[na:na]
	at org.eclipse.core.internal.events.ResourceDelta.accept(ResourceDelta.java:77) ~[na:na]
	at org.eclipse.core.internal.events.ResourceDelta.accept(ResourceDelta.java:77) ~[na:na]
	at org.eclipse.core.internal.events.ResourceDelta.accept(ResourceDelta.java:77) ~[na:na]
	at org.eclipse.core.internal.events.ResourceDelta.accept(ResourceDelta.java:77) ~[na:na]
	at org.eclipse.core.internal.events.ResourceDelta.accept(ResourceDelta.java:77) ~[na:na]
	at org.eclipse.core.internal.events.ResourceDelta.accept(ResourceDelta.java:77) ~[na:na]
	at org.eclipse.core.internal.events.ResourceDelta.accept(ResourceDelta.java:51) ~[na:na]
	at org.eclipse.debug.internal.core.LaunchManager.resourceChanged(LaunchManager.java:2272) ~[na:na]
	at org.eclipse.core.internal.events.NotificationManager$1.run(NotificationManager.java:307) ~[na:na]
	at org.eclipse.core.runtime.SafeRunner.run(SafeRunner.java:45) ~[org.eclipse.equinox.common_3.16.200.v20220817-1601.jar:na]
	at org.eclipse.core.internal.events.NotificationManager.notify(NotificationManager.java:297) ~[na:na]
	at org.eclipse.core.internal.events.NotificationManager.broadcastChanges(NotificationManager.java:160) ~[na:na]
	at org.eclipse.core.internal.resources.Workspace.broadcastPostChange(Workspace.java:388) ~[na:na]
	at org.eclipse.core.internal.resources.Workspace.endOperation(Workspace.java:1514) ~[na:na]
	at org.eclipse.core.internal.resources.InternalWorkspaceJob.run(InternalWorkspaceJob.java:50) ~[na:na]
	at org.eclipse.core.internal.jobs.Worker.run(Worker.java:63) ~[org.eclipse.core.jobs_3.13.100.v20220817-1539.jar:na]
2026-03-01 11:53:33,347 [Worker-20: Importing Maven projects] ERROR o.e.m.j.i.l.MavenLaunchConfigurationListener - Launch configuration RestdemoApplication references non-existing project restdemo.
org.eclipse.core.runtime.CoreException: Launch configuration RestdemoApplication references non-existing project restdemo.
	at org.eclipse.jdt.launching.JavaRuntime.abort(JavaRuntime.java:1861) ~[na:na]
	at org.eclipse.jdt.launching.JavaRuntime.getJavaProject(JavaRuntime.java:1736) ~[na:na]
	at org.eclipse.m2e.jdt.internal.launch.MavenLaunchConfigurationListener.updateLaunchConfiguration(MavenLaunchConfigurationListener.java:64) ~[na:na]
	at org.eclipse.m2e.jdt.internal.launch.MavenLaunchConfigurationListener.launchConfigurationChanged(MavenLaunchConfigurationListener.java:50) ~[na:na]
	at org.eclipse.debug.internal.core.LaunchManager$ConfigurationNotifier.run(LaunchManager.java:225) ~[na:na]
	at org.eclipse.core.runtime.SafeRunner.run(SafeRunner.java:45) ~[org.eclipse.equinox.common_3.16.200.v20220817-1601.jar:na]
	at org.eclipse.debug.internal.core.LaunchManager$ConfigurationNotifier.notify(LaunchManager.java:209) ~[na:na]
	at org.eclipse.debug.internal.core.LaunchManager.launchConfigurationChanged(LaunchManager.java:2147) ~[na:na]
	at org.eclipse.debug.internal.core.LaunchManager$LaunchManagerVisitor.visit(LaunchManager.java:376) ~[na:na]
	at org.eclipse.core.internal.events.ResourceDelta.accept(ResourceDelta.java:67) ~[na:na]
	at org.eclipse.core.internal.events.ResourceDelta.accept(ResourceDelta.java:77) ~[na:na]
	at org.eclipse.core.internal.events.ResourceDelta.accept(ResourceDelta.java:77) ~[na:na]
	at org.eclipse.core.internal.events.ResourceDelta.accept(ResourceDelta.java:77) ~[na:na]
	at org.eclipse.core.internal.events.ResourceDelta.accept(ResourceDelta.java:77) ~[na:na]
	at org.eclipse.core.internal.events.ResourceDelta.accept(ResourceDelta.java:77) ~[na:na]
	at org.eclipse.core.internal.events.ResourceDelta.accept(ResourceDelta.java:77) ~[na:na]
	at org.eclipse.core.internal.events.ResourceDelta.accept(ResourceDelta.java:77) ~[na:na]
	at org.eclipse.core.internal.events.ResourceDelta.accept(ResourceDelta.java:51) ~[na:na]
	at org.eclipse.debug.internal.core.LaunchManager.resourceChanged(LaunchManager.java:2272) ~[na:na]
	at org.eclipse.core.internal.events.NotificationManager$1.run(NotificationManager.java:307) ~[na:na]
	at org.eclipse.core.runtime.SafeRunner.run(SafeRunner.java:45) ~[org.eclipse.equinox.common_3.16.200.v20220817-1601.jar:na]
	at org.eclipse.core.internal.events.NotificationManager.notify(NotificationManager.java:297) ~[na:na]
	at org.eclipse.core.internal.events.NotificationManager.broadcastChanges(NotificationManager.java:160) ~[na:na]
	at org.eclipse.core.internal.resources.Workspace.broadcastPostChange(Workspace.java:388) ~[na:na]
	at org.eclipse.core.internal.resources.Workspace.endOperation(Workspace.java:1514) ~[na:na]
	at org.eclipse.core.internal.resources.InternalWorkspaceJob.run(InternalWorkspaceJob.java:50) ~[na:na]
	at org.eclipse.core.internal.jobs.Worker.run(Worker.java:63) ~[org.eclipse.core.jobs_3.13.100.v20220817-1539.jar:na]
2026-03-01 11:53:33,352 [Worker-20: Importing Maven projects] ERROR o.e.m.j.i.l.MavenLaunchConfigurationListener - Launch configuration SpringEx1Application references non-existing project SpringEx1.
org.eclipse.core.runtime.CoreException: Launch configuration SpringEx1Application references non-existing project SpringEx1.
	at org.eclipse.jdt.launching.JavaRuntime.abort(JavaRuntime.java:1861) ~[na:na]
	at org.eclipse.jdt.launching.JavaRuntime.getJavaProject(JavaRuntime.java:1736) ~[na:na]
	at org.eclipse.m2e.jdt.internal.launch.MavenLaunchConfigurationListener.updateLaunchConfiguration(MavenLaunchConfigurationListener.java:64) ~[na:na]
	at org.eclipse.m2e.jdt.internal.launch.MavenLaunchConfigurationListener.launchConfigurationChanged(MavenLaunchConfigurationListener.java:50) ~[na:na]
	at org.eclipse.debug.internal.core.LaunchManager$ConfigurationNotifier.run(LaunchManager.java:225) ~[na:na]
	at org.eclipse.core.runtime.SafeRunner.run(SafeRunner.java:45) ~[org.eclipse.equinox.common_3.16.200.v20220817-1601.jar:na]
	at org.eclipse.debug.internal.core.LaunchManager$ConfigurationNotifier.notify(LaunchManager.java:209) ~[na:na]
	at org.eclipse.debug.internal.core.LaunchManager.launchConfigurationChanged(LaunchManager.java:2147) ~[na:na]
	at org.eclipse.debug.internal.core.LaunchManager$LaunchManagerVisitor.visit(LaunchManager.java:376) ~[na:na]
	at org.eclipse.core.internal.events.ResourceDelta.accept(ResourceDelta.java:67) ~[na:na]
	at org.eclipse.core.internal.events.ResourceDelta.accept(ResourceDelta.java:77) ~[na:na]
	at org.eclipse.core.internal.events.ResourceDelta.accept(ResourceDelta.java:77) ~[na:na]
	at org.eclipse.core.internal.events.ResourceDelta.accept(ResourceDelta.java:77) ~[na:na]
	at org.eclipse.core.internal.events.ResourceDelta.accept(ResourceDelta.java:77) ~[na:na]
	at org.eclipse.core.internal.events.ResourceDelta.accept(ResourceDelta.java:77) ~[na:na]
	at org.eclipse.core.internal.events.ResourceDelta.accept(ResourceDelta.java:77) ~[na:na]
	at org.eclipse.core.internal.events.ResourceDelta.accept(ResourceDelta.java:77) ~[na:na]
	at org.eclipse.core.internal.events.ResourceDelta.accept(ResourceDelta.java:51) ~[na:na]
	at org.eclipse.debug.internal.core.LaunchManager.resourceChanged(LaunchManager.java:2272) ~[na:na]
	at org.eclipse.core.internal.events.NotificationManager$1.run(NotificationManager.java:307) ~[na:na]
	at org.eclipse.core.runtime.SafeRunner.run(SafeRunner.java:45) ~[org.eclipse.equinox.common_3.16.200.v20220817-1601.jar:na]
	at org.eclipse.core.internal.events.NotificationManager.notify(NotificationManager.java:297) ~[na:na]
	at org.eclipse.core.internal.events.NotificationManager.broadcastChanges(NotificationManager.java:160) ~[na:na]
	at org.eclipse.core.internal.resources.Workspace.broadcastPostChange(Workspace.java:388) ~[na:na]
	at org.eclipse.core.internal.resources.Workspace.endOperation(Workspace.java:1514) ~[na:na]
	at org.eclipse.core.internal.resources.InternalWorkspaceJob.run(InternalWorkspaceJob.java:50) ~[na:na]
	at org.eclipse.core.internal.jobs.Worker.run(Worker.java:63) ~[org.eclipse.core.jobs_3.13.100.v20220817-1539.jar:na]
2026-03-01 11:53:33,359 [Worker-20: Importing Maven projects] ERROR o.e.m.j.i.l.MavenLaunchConfigurationListener - Launch configuration UserInerface references non-existing project com.infy.ioccontainer.
org.eclipse.core.runtime.CoreException: Launch configuration UserInerface references non-existing project com.infy.ioccontainer.
	at org.eclipse.jdt.launching.JavaRuntime.abort(JavaRuntime.java:1861) ~[na:na]
	at org.eclipse.jdt.launching.JavaRuntime.getJavaProject(JavaRuntime.java:1736) ~[na:na]
	at org.eclipse.m2e.jdt.internal.launch.MavenLaunchConfigurationListener.updateLaunchConfiguration(MavenLaunchConfigurationListener.java:64) ~[na:na]
	at org.eclipse.m2e.jdt.internal.launch.MavenLaunchConfigurationListener.launchConfigurationChanged(MavenLaunchConfigurationListener.java:50) ~[na:na]
	at org.eclipse.debug.internal.core.LaunchManager$ConfigurationNotifier.run(LaunchManager.java:225) ~[na:na]
	at org.eclipse.core.runtime.SafeRunner.run(SafeRunner.java:45) ~[org.eclipse.equinox.common_3.16.200.v20220817-1601.jar:na]
	at org.eclipse.debug.internal.core.LaunchManager$ConfigurationNotifier.notify(LaunchManager.java:209) ~[na:na]
	at org.eclipse.debug.internal.core.LaunchManager.launchConfigurationChanged(LaunchManager.java:2147) ~[na:na]
	at org.eclipse.debug.internal.core.LaunchManager$LaunchManagerVisitor.visit(LaunchManager.java:376) ~[na:na]
	at org.eclipse.core.internal.events.ResourceDelta.accept(ResourceDelta.java:67) ~[na:na]
	at org.eclipse.core.internal.events.ResourceDelta.accept(ResourceDelta.java:77) ~[na:na]
	at org.eclipse.core.internal.events.ResourceDelta.accept(ResourceDelta.java:77) ~[na:na]
	at org.eclipse.core.internal.events.ResourceDelta.accept(ResourceDelta.java:77) ~[na:na]
	at org.eclipse.core.internal.events.ResourceDelta.accept(ResourceDelta.java:77) ~[na:na]
	at org.eclipse.core.internal.events.ResourceDelta.accept(ResourceDelta.java:77) ~[na:na]
	at org.eclipse.core.internal.events.ResourceDelta.accept(ResourceDelta.java:77) ~[na:na]
	at org.eclipse.core.internal.events.ResourceDelta.accept(ResourceDelta.java:77) ~[na:na]
	at org.eclipse.core.internal.events.ResourceDelta.accept(ResourceDelta.java:51) ~[na:na]
	at org.eclipse.debug.internal.core.LaunchManager.resourceChanged(LaunchManager.java:2272) ~[na:na]
	at org.eclipse.core.internal.events.NotificationManager$1.run(NotificationManager.java:307) ~[na:na]
	at org.eclipse.core.runtime.SafeRunner.run(SafeRunner.java:45) ~[org.eclipse.equinox.common_3.16.200.v20220817-1601.jar:na]
	at org.eclipse.core.internal.events.NotificationManager.notify(NotificationManager.java:297) ~[na:na]
	at org.eclipse.core.internal.events.NotificationManager.broadcastChanges(NotificationManager.java:160) ~[na:na]
	at org.eclipse.core.internal.resources.Workspace.broadcastPostChange(Workspace.java:388) ~[na:na]
	at org.eclipse.core.internal.resources.Workspace.endOperation(Workspace.java:1514) ~[na:na]
	at org.eclipse.core.internal.resources.InternalWorkspaceJob.run(InternalWorkspaceJob.java:50) ~[na:na]
	at org.eclipse.core.internal.jobs.Worker.run(Worker.java:63) ~[org.eclipse.core.jobs_3.13.100.v20220817-1539.jar:na]
2026-03-01 11:53:33,366 [Worker-20: Importing Maven projects] ERROR o.e.m.j.i.l.MavenLaunchConfigurationListener - Launch configuration UserInterface (1) references non-existing project demo-constructor-injection.
org.eclipse.core.runtime.CoreException: Launch configuration UserInterface (1) references non-existing project demo-constructor-injection.
	at org.eclipse.jdt.launching.JavaRuntime.abort(JavaRuntime.java:1861) ~[na:na]
	at org.eclipse.jdt.launching.JavaRuntime.getJavaProject(JavaRuntime.java:1736) ~[na:na]
	at org.eclipse.m2e.jdt.internal.launch.MavenLaunchConfigurationListener.updateLaunchConfiguration(MavenLaunchConfigurationListener.java:64) ~[na:na]
	at org.eclipse.m2e.jdt.internal.launch.MavenLaunchConfigurationListener.launchConfigurationChanged(MavenLaunchConfigurationListener.java:50) ~[na:na]
	at org.eclipse.debug.internal.core.LaunchManager$ConfigurationNotifier.run(LaunchManager.java:225) ~[na:na]
	at org.eclipse.core.runtime.SafeRunner.run(SafeRunner.java:45) ~[org.eclipse.equinox.common_3.16.200.v20220817-1601.jar:na]
	at org.eclipse.debug.internal.core.LaunchManager$ConfigurationNotifier.notify(LaunchManager.java:209) ~[na:na]
	at org.eclipse.debug.internal.core.LaunchManager.launchConfigurationChanged(LaunchManager.java:2147) ~[na:na]
	at org.eclipse.debug.internal.core.LaunchManager$LaunchManagerVisitor.visit(LaunchManager.java:376) ~[na:na]
	at org.eclipse.core.internal.events.ResourceDelta.accept(ResourceDelta.java:67) ~[na:na]
	at org.eclipse.core.internal.events.ResourceDelta.accept(ResourceDelta.java:77) ~[na:na]
	at org.eclipse.core.internal.events.ResourceDelta.accept(ResourceDelta.java:77) ~[na:na]
	at org.eclipse.core.internal.events.ResourceDelta.accept(ResourceDelta.java:77) ~[na:na]
	at org.eclipse.core.internal.events.ResourceDelta.accept(ResourceDelta.java:77) ~[na:na]
	at org.eclipse.core.internal.events.ResourceDelta.accept(ResourceDelta.java:77) ~[na:na]
	at org.eclipse.core.internal.events.ResourceDelta.accept(ResourceDelta.java:77) ~[na:na]
	at org.eclipse.core.internal.events.ResourceDelta.accept(ResourceDelta.java:77) ~[na:na]
	at org.eclipse.core.internal.events.ResourceDelta.accept(ResourceDelta.java:51) ~[na:na]
	at org.eclipse.debug.internal.core.LaunchManager.resourceChanged(LaunchManager.java:2272) ~[na:na]
	at org.eclipse.core.internal.events.NotificationManager$1.run(NotificationManager.java:307) ~[na:na]
	at org.eclipse.core.runtime.SafeRunner.run(SafeRunner.java:45) ~[org.eclipse.equinox.common_3.16.200.v20220817-1601.jar:na]
	at org.eclipse.core.internal.events.NotificationManager.notify(NotificationManager.java:297) ~[na:na]
	at org.eclipse.core.internal.events.NotificationManager.broadcastChanges(NotificationManager.java:160) ~[na:na]
	at org.eclipse.core.internal.resources.Workspace.broadcastPostChange(Workspace.java:388) ~[na:na]
	at org.eclipse.core.internal.resources.Workspace.endOperation(Workspace.java:1514) ~[na:na]
	at org.eclipse.core.internal.resources.InternalWorkspaceJob.run(InternalWorkspaceJob.java:50) ~[na:na]
	at org.eclipse.core.internal.jobs.Worker.run(Worker.java:63) ~[org.eclipse.core.jobs_3.13.100.v20220817-1539.jar:na]
2026-03-01 11:53:33,371 [Worker-20: Importing Maven projects] ERROR o.e.m.j.i.l.MavenLaunchConfigurationListener - Launch configuration UserInterface (10) references non-existing project Autowiring.
org.eclipse.core.runtime.CoreException: Launch configuration UserInterface (10) references non-existing project Autowiring.
	at org.eclipse.jdt.launching.JavaRuntime.abort(JavaRuntime.java:1861) ~[na:na]
	at org.eclipse.jdt.launching.JavaRuntime.getJavaProject(JavaRuntime.java:1736) ~[na:na]
	at org.eclipse.m2e.jdt.internal.launch.MavenLaunchConfigurationListener.updateLaunchConfiguration(MavenLaunchConfigurationListener.java:64) ~[na:na]
	at org.eclipse.m2e.jdt.internal.launch.MavenLaunchConfigurationListener.launchConfigurationChanged(MavenLaunchConfigurationListener.java:50) ~[na:na]
	at org.eclipse.debug.internal.core.LaunchManager$ConfigurationNotifier.run(LaunchManager.java:225) ~[na:na]
	at org.eclipse.core.runtime.SafeRunner.run(SafeRunner.java:45) ~[org.eclipse.equinox.common_3.16.200.v20220817-1601.jar:na]
	at org.eclipse.debug.internal.core.LaunchManager$ConfigurationNotifier.notify(LaunchManager.java:209) ~[na:na]
	at org.eclipse.debug.internal.core.LaunchManager.launchConfigurationChanged(LaunchManager.java:2147) ~[na:na]
	at org.eclipse.debug.internal.core.LaunchManager$LaunchManagerVisitor.visit(LaunchManager.java:376) ~[na:na]
	at org.eclipse.core.internal.events.ResourceDelta.accept(ResourceDelta.java:67) ~[na:na]
	at org.eclipse.core.internal.events.ResourceDelta.accept(ResourceDelta.java:77) ~[na:na]
	at org.eclipse.core.internal.events.ResourceDelta.accept(ResourceDelta.java:77) ~[na:na]
	at org.eclipse.core.internal.events.ResourceDelta.accept(ResourceDelta.java:77) ~[na:na]
	at org.eclipse.core.internal.events.ResourceDelta.accept(ResourceDelta.java:77) ~[na:na]
	at org.eclipse.core.internal.events.ResourceDelta.accept(ResourceDelta.java:77) ~[na:na]
	at org.eclipse.core.internal.events.ResourceDelta.accept(ResourceDelta.java:77) ~[na:na]
	at org.eclipse.core.internal.events.ResourceDelta.accept(ResourceDelta.java:77) ~[na:na]
	at org.eclipse.core.internal.events.ResourceDelta.accept(ResourceDelta.java:51) ~[na:na]
	at org.eclipse.debug.internal.core.LaunchManager.resourceChanged(LaunchManager.java:2272) ~[na:na]
	at org.eclipse.core.internal.events.NotificationManager$1.run(NotificationManager.java:307) ~[na:na]
	at org.eclipse.core.runtime.SafeRunner.run(SafeRunner.java:45) ~[org.eclipse.equinox.common_3.16.200.v20220817-1601.jar:na]
	at org.eclipse.core.internal.events.NotificationManager.notify(NotificationManager.java:297) ~[na:na]
	at org.eclipse.core.internal.events.NotificationManager.broadcastChanges(NotificationManager.java:160) ~[na:na]
	at org.eclipse.core.internal.resources.Workspace.broadcastPostChange(Workspace.java:388) ~[na:na]
	at org.eclipse.core.internal.resources.Workspace.endOperation(Workspace.java:1514) ~[na:na]
	at org.eclipse.core.internal.resources.InternalWorkspaceJob.run(InternalWorkspaceJob.java:50) ~[na:na]
	at org.eclipse.core.internal.jobs.Worker.run(Worker.java:63) ~[org.eclipse.core.jobs_3.13.100.v20220817-1539.jar:na]
2026-03-01 11:53:33,377 [Worker-20: Importing Maven projects] ERROR o.e.m.j.i.l.MavenLaunchConfigurationListener - Launch configuration UserInterface (11) references non-existing project Autowire_On_Setter_Method.
org.eclipse.core.runtime.CoreException: Launch configuration UserInterface (11) references non-existing project Autowire_On_Setter_Method.
	at org.eclipse.jdt.launching.JavaRuntime.abort(JavaRuntime.java:1861) ~[na:na]
	at org.eclipse.jdt.launching.JavaRuntime.getJavaProject(JavaRuntime.java:1736) ~[na:na]
	at org.eclipse.m2e.jdt.internal.launch.MavenLaunchConfigurationListener.updateLaunchConfiguration(MavenLaunchConfigurationListener.java:64) ~[na:na]
	at org.eclipse.m2e.jdt.internal.launch.MavenLaunchConfigurationListener.launchConfigurationChanged(MavenLaunchConfigurationListener.java:50) ~[na:na]
	at org.eclipse.debug.internal.core.LaunchManager$ConfigurationNotifier.run(LaunchManager.java:225) ~[na:na]
	at org.eclipse.core.runtime.SafeRunner.run(SafeRunner.java:45) ~[org.eclipse.equinox.common_3.16.200.v20220817-1601.jar:na]
	at org.eclipse.debug.internal.core.LaunchManager$ConfigurationNotifier.notify(LaunchManager.java:209) ~[na:na]
	at org.eclipse.debug.internal.core.LaunchManager.launchConfigurationChanged(LaunchManager.java:2147) ~[na:na]
	at org.eclipse.debug.internal.core.LaunchManager$LaunchManagerVisitor.visit(LaunchManager.java:376) ~[na:na]
	at org.eclipse.core.internal.events.ResourceDelta.accept(ResourceDelta.java:67) ~[na:na]
	at org.eclipse.core.internal.events.ResourceDelta.accept(ResourceDelta.java:77) ~[na:na]
	at org.eclipse.core.internal.events.ResourceDelta.accept(ResourceDelta.java:77) ~[na:na]
	at org.eclipse.core.internal.events.ResourceDelta.accept(ResourceDelta.java:77) ~[na:na]
	at org.eclipse.core.internal.events.ResourceDelta.accept(ResourceDelta.java:77) ~[na:na]
	at org.eclipse.core.internal.events.ResourceDelta.accept(ResourceDelta.java:77) ~[na:na]
	at org.eclipse.core.internal.events.ResourceDelta.accept(ResourceDelta.java:77) ~[na:na]
	at org.eclipse.core.internal.events.ResourceDelta.accept(ResourceDelta.java:77) ~[na:na]
	at org.eclipse.core.internal.events.ResourceDelta.accept(ResourceDelta.java:51) ~[na:na]
	at org.eclipse.debug.internal.core.LaunchManager.resourceChanged(LaunchManager.java:2272) ~[na:na]
	at org.eclipse.core.internal.events.NotificationManager$1.run(NotificationManager.java:307) ~[na:na]
	at org.eclipse.core.runtime.SafeRunner.run(SafeRunner.java:45) ~[org.eclipse.equinox.common_3.16.200.v20220817-1601.jar:na]
	at org.eclipse.core.internal.events.NotificationManager.notify(NotificationManager.java:297) ~[na:na]
	at org.eclipse.core.internal.events.NotificationManager.broadcastChanges(NotificationManager.java:160) ~[na:na]
	at org.eclipse.core.internal.resources.Workspace.broadcastPostChange(Workspace.java:388) ~[na:na]
	at org.eclipse.core.internal.resources.Workspace.endOperation(Workspace.java:1514) ~[na:na]
	at org.eclipse.core.internal.resources.InternalWorkspaceJob.run(InternalWorkspaceJob.java:50) ~[na:na]
	at org.eclipse.core.internal.jobs.Worker.run(Worker.java:63) ~[org.eclipse.core.jobs_3.13.100.v20220817-1539.jar:na]
2026-03-01 11:53:33,383 [Worker-20: Importing Maven projects] ERROR o.e.m.j.i.l.MavenLaunchConfigurationListener - Launch configuration UserInterface (12) references non-existing project Autowire_On_Constructor.
org.eclipse.core.runtime.CoreException: Launch configuration UserInterface (12) references non-existing project Autowire_On_Constructor.
	at org.eclipse.jdt.launching.JavaRuntime.abort(JavaRuntime.java:1861) ~[na:na]
	at org.eclipse.jdt.launching.JavaRuntime.getJavaProject(JavaRuntime.java:1736) ~[na:na]
	at org.eclipse.m2e.jdt.internal.launch.MavenLaunchConfigurationListener.updateLaunchConfiguration(MavenLaunchConfigurationListener.java:64) ~[na:na]
	at org.eclipse.m2e.jdt.internal.launch.MavenLaunchConfigurationListener.launchConfigurationChanged(MavenLaunchConfigurationListener.java:50) ~[na:na]
	at org.eclipse.debug.internal.core.LaunchManager$ConfigurationNotifier.run(LaunchManager.java:225) ~[na:na]
	at org.eclipse.core.runtime.SafeRunner.run(SafeRunner.java:45) ~[org.eclipse.equinox.common_3.16.200.v20220817-1601.jar:na]
	at org.eclipse.debug.internal.core.LaunchManager$ConfigurationNotifier.notify(LaunchManager.java:209) ~[na:na]
	at org.eclipse.debug.internal.core.LaunchManager.launchConfigurationChanged(LaunchManager.java:2147) ~[na:na]
	at org.eclipse.debug.internal.core.LaunchManager$LaunchManagerVisitor.visit(LaunchManager.java:376) ~[na:na]
	at org.eclipse.core.internal.events.ResourceDelta.accept(ResourceDelta.java:67) ~[na:na]
	at org.eclipse.core.internal.events.ResourceDelta.accept(ResourceDelta.java:77) ~[na:na]
	at org.eclipse.core.internal.events.ResourceDelta.accept(ResourceDelta.java:77) ~[na:na]
	at org.eclipse.core.internal.events.ResourceDelta.accept(ResourceDelta.java:77) ~[na:na]
	at org.eclipse.core.internal.events.ResourceDelta.accept(ResourceDelta.java:77) ~[na:na]
	at org.eclipse.core.internal.events.ResourceDelta.accept(ResourceDelta.java:77) ~[na:na]
	at org.eclipse.core.internal.events.ResourceDelta.accept(ResourceDelta.java:77) ~[na:na]
	at org.eclipse.core.internal.events.ResourceDelta.accept(ResourceDelta.java:77) ~[na:na]
	at org.eclipse.core.internal.events.ResourceDelta.accept(ResourceDelta.java:51) ~[na:na]
	at org.eclipse.debug.internal.core.LaunchManager.resourceChanged(LaunchManager.java:2272) ~[na:na]
	at org.eclipse.core.internal.events.NotificationManager$1.run(NotificationManager.java:307) ~[na:na]
	at org.eclipse.core.runtime.SafeRunner.run(SafeRunner.java:45) ~[org.eclipse.equinox.common_3.16.200.v20220817-1601.jar:na]
	at org.eclipse.core.internal.events.NotificationManager.notify(NotificationManager.java:297) ~[na:na]
	at org.eclipse.core.internal.events.NotificationManager.broadcastChanges(NotificationManager.java:160) ~[na:na]
	at org.eclipse.core.internal.resources.Workspace.broadcastPostChange(Workspace.java:388) ~[na:na]
	at org.eclipse.core.internal.resources.Workspace.endOperation(Workspace.java:1514) ~[na:na]
	at org.eclipse.core.internal.resources.InternalWorkspaceJob.run(InternalWorkspaceJob.java:50) ~[na:na]
	at org.eclipse.core.internal.jobs.Worker.run(Worker.java:63) ~[org.eclipse.core.jobs_3.13.100.v20220817-1539.jar:na]
2026-03-01 11:53:33,388 [Worker-20: Importing Maven projects] ERROR o.e.m.j.i.l.MavenLaunchConfigurationListener - Launch configuration UserInterface (13) references non-existing project Autowire_With_Qualifire_Demo.
org.eclipse.core.runtime.CoreException: Launch configuration UserInterface (13) references non-existing project Autowire_With_Qualifire_Demo.
	at org.eclipse.jdt.launching.JavaRuntime.abort(JavaRuntime.java:1861) ~[na:na]
	at org.eclipse.jdt.launching.JavaRuntime.getJavaProject(JavaRuntime.java:1736) ~[na:na]
	at org.eclipse.m2e.jdt.internal.launch.MavenLaunchConfigurationListener.updateLaunchConfiguration(MavenLaunchConfigurationListener.java:64) ~[na:na]
	at org.eclipse.m2e.jdt.internal.launch.MavenLaunchConfigurationListener.launchConfigurationChanged(MavenLaunchConfigurationListener.java:50) ~[na:na]
	at org.eclipse.debug.internal.core.LaunchManager$ConfigurationNotifier.run(LaunchManager.java:225) ~[na:na]
	at org.eclipse.core.runtime.SafeRunner.run(SafeRunner.java:45) ~[org.eclipse.equinox.common_3.16.200.v20220817-1601.jar:na]
	at org.eclipse.debug.internal.core.LaunchManager$ConfigurationNotifier.notify(LaunchManager.java:209) ~[na:na]
	at org.eclipse.debug.internal.core.LaunchManager.launchConfigurationChanged(LaunchManager.java:2147) ~[na:na]
	at org.eclipse.debug.internal.core.LaunchManager$LaunchManagerVisitor.visit(LaunchManager.java:376) ~[na:na]
	at org.eclipse.core.internal.events.ResourceDelta.accept(ResourceDelta.java:67) ~[na:na]
	at org.eclipse.core.internal.events.ResourceDelta.accept(ResourceDelta.java:77) ~[na:na]
	at org.eclipse.core.internal.events.ResourceDelta.accept(ResourceDelta.java:77) ~[na:na]
	at org.eclipse.core.internal.events.ResourceDelta.accept(ResourceDelta.java:77) ~[na:na]
	at org.eclipse.core.internal.events.ResourceDelta.accept(ResourceDelta.java:77) ~[na:na]
	at org.eclipse.core.internal.events.ResourceDelta.accept(ResourceDelta.java:77) ~[na:na]
	at org.eclipse.core.internal.events.ResourceDelta.accept(ResourceDelta.java:77) ~[na:na]
	at org.eclipse.core.internal.events.ResourceDelta.accept(ResourceDelta.java:77) ~[na:na]
	at org.eclipse.core.internal.events.ResourceDelta.accept(ResourceDelta.java:51) ~[na:na]
	at org.eclipse.debug.internal.core.LaunchManager.resourceChanged(LaunchManager.java:2272) ~[na:na]
	at org.eclipse.core.internal.events.NotificationManager$1.run(NotificationManager.java:307) ~[na:na]
	at org.eclipse.core.runtime.SafeRunner.run(SafeRunner.java:45) ~[org.eclipse.equinox.common_3.16.200.v20220817-1601.jar:na]
	at org.eclipse.core.internal.events.NotificationManager.notify(NotificationManager.java:297) ~[na:na]
	at org.eclipse.core.internal.events.NotificationManager.broadcastChanges(NotificationManager.java:160) ~[na:na]
	at org.eclipse.core.internal.resources.Workspace.broadcastPostChange(Workspace.java:388) ~[na:na]
	at org.eclipse.core.internal.resources.Workspace.endOperation(Workspace.java:1514) ~[na:na]
	at org.eclipse.core.internal.resources.InternalWorkspaceJob.run(InternalWorkspaceJob.java:50) ~[na:na]
	at org.eclipse.core.internal.jobs.Worker.run(Worker.java:63) ~[org.eclipse.core.jobs_3.13.100.v20220817-1539.jar:na]
2026-03-01 11:53:33,394 [Worker-20: Importing Maven projects] ERROR o.e.m.j.i.l.MavenLaunchConfigurationListener - Launch configuration UserInterface (14) references non-existing project demo-bean-scope-singleton.
org.eclipse.core.runtime.CoreException: Launch configuration UserInterface (14) references non-existing project demo-bean-scope-singleton.
	at org.eclipse.jdt.launching.JavaRuntime.abort(JavaRuntime.java:1861) ~[na:na]
	at org.eclipse.jdt.launching.JavaRuntime.getJavaProject(JavaRuntime.java:1736) ~[na:na]
	at org.eclipse.m2e.jdt.internal.launch.MavenLaunchConfigurationListener.updateLaunchConfiguration(MavenLaunchConfigurationListener.java:64) ~[na:na]
	at org.eclipse.m2e.jdt.internal.launch.MavenLaunchConfigurationListener.launchConfigurationChanged(MavenLaunchConfigurationListener.java:50) ~[na:na]
	at org.eclipse.debug.internal.core.LaunchManager$ConfigurationNotifier.run(LaunchManager.java:225) ~[na:na]
	at org.eclipse.core.runtime.SafeRunner.run(SafeRunner.java:45) ~[org.eclipse.equinox.common_3.16.200.v20220817-1601.jar:na]
	at org.eclipse.debug.internal.core.LaunchManager$ConfigurationNotifier.notify(LaunchManager.java:209) ~[na:na]
	at org.eclipse.debug.internal.core.LaunchManager.launchConfigurationChanged(LaunchManager.java:2147) ~[na:na]
	at org.eclipse.debug.internal.core.LaunchManager$LaunchManagerVisitor.visit(LaunchManager.java:376) ~[na:na]
	at org.eclipse.core.internal.events.ResourceDelta.accept(ResourceDelta.java:67) ~[na:na]
	at org.eclipse.core.internal.events.ResourceDelta.accept(ResourceDelta.java:77) ~[na:na]
	at org.eclipse.core.internal.events.ResourceDelta.accept(ResourceDelta.java:77) ~[na:na]
	at org.eclipse.core.internal.events.ResourceDelta.accept(ResourceDelta.java:77) ~[na:na]
	at org.eclipse.core.internal.events.ResourceDelta.accept(ResourceDelta.java:77) ~[na:na]
	at org.eclipse.core.internal.events.ResourceDelta.accept(ResourceDelta.java:77) ~[na:na]
	at org.eclipse.core.internal.events.ResourceDelta.accept(ResourceDelta.java:77) ~[na:na]
	at org.eclipse.core.internal.events.ResourceDelta.accept(ResourceDelta.java:77) ~[na:na]
	at org.eclipse.core.internal.events.ResourceDelta.accept(ResourceDelta.java:51) ~[na:na]
	at org.eclipse.debug.internal.core.LaunchManager.resourceChanged(LaunchManager.java:2272) ~[na:na]
	at org.eclipse.core.internal.events.NotificationManager$1.run(NotificationManager.java:307) ~[na:na]
	at org.eclipse.core.runtime.SafeRunner.run(SafeRunner.java:45) ~[org.eclipse.equinox.common_3.16.200.v20220817-1601.jar:na]
	at org.eclipse.core.internal.events.NotificationManager.notify(NotificationManager.java:297) ~[na:na]
	at org.eclipse.core.internal.events.NotificationManager.broadcastChanges(NotificationManager.java:160) ~[na:na]
	at org.eclipse.core.internal.resources.Workspace.broadcastPostChange(Workspace.java:388) ~[na:na]
	at org.eclipse.core.internal.resources.Workspace.endOperation(Workspace.java:1514) ~[na:na]
	at org.eclipse.core.internal.resources.InternalWorkspaceJob.run(InternalWorkspaceJob.java:50) ~[na:na]
	at org.eclipse.core.internal.jobs.Worker.run(Worker.java:63) ~[org.eclipse.core.jobs_3.13.100.v20220817-1539.jar:na]
2026-03-01 11:53:33,399 [Worker-20: Importing Maven projects] ERROR o.e.m.j.i.l.MavenLaunchConfigurationListener - Launch configuration UserInterface (15) references non-existing project demo-bean-scope-prototype.
org.eclipse.core.runtime.CoreException: Launch configuration UserInterface (15) references non-existing project demo-bean-scope-prototype.
	at org.eclipse.jdt.launching.JavaRuntime.abort(JavaRuntime.java:1861) ~[na:na]
	at org.eclipse.jdt.launching.JavaRuntime.getJavaProject(JavaRuntime.java:1736) ~[na:na]
	at org.eclipse.m2e.jdt.internal.launch.MavenLaunchConfigurationListener.updateLaunchConfiguration(MavenLaunchConfigurationListener.java:64) ~[na:na]
	at org.eclipse.m2e.jdt.internal.launch.MavenLaunchConfigurationListener.launchConfigurationChanged(MavenLaunchConfigurationListener.java:50) ~[na:na]
	at org.eclipse.debug.internal.core.LaunchManager$ConfigurationNotifier.run(LaunchManager.java:225) ~[na:na]
	at org.eclipse.core.runtime.SafeRunner.run(SafeRunner.java:45) ~[org.eclipse.equinox.common_3.16.200.v20220817-1601.jar:na]
	at org.eclipse.debug.internal.core.LaunchManager$ConfigurationNotifier.notify(LaunchManager.java:209) ~[na:na]
	at org.eclipse.debug.internal.core.LaunchManager.launchConfigurationChanged(LaunchManager.java:2147) ~[na:na]
	at org.eclipse.debug.internal.core.LaunchManager$LaunchManagerVisitor.visit(LaunchManager.java:376) ~[na:na]
	at org.eclipse.core.internal.events.ResourceDelta.accept(ResourceDelta.java:67) ~[na:na]
	at org.eclipse.core.internal.events.ResourceDelta.accept(ResourceDelta.java:77) ~[na:na]
	at org.eclipse.core.internal.events.ResourceDelta.accept(ResourceDelta.java:77) ~[na:na]
	at org.eclipse.core.internal.events.ResourceDelta.accept(ResourceDelta.java:77) ~[na:na]
	at org.eclipse.core.internal.events.ResourceDelta.accept(ResourceDelta.java:77) ~[na:na]
	at org.eclipse.core.internal.events.ResourceDelta.accept(ResourceDelta.java:77) ~[na:na]
	at org.eclipse.core.internal.events.ResourceDelta.accept(ResourceDelta.java:77) ~[na:na]
	at org.eclipse.core.internal.events.ResourceDelta.accept(ResourceDelta.java:77) ~[na:na]
	at org.eclipse.core.internal.events.ResourceDelta.accept(ResourceDelta.java:51) ~[na:na]
	at org.eclipse.debug.internal.core.LaunchManager.resourceChanged(LaunchManager.java:2272) ~[na:na]
	at org.eclipse.core.internal.events.NotificationManager$1.run(NotificationManager.java:307) ~[na:na]
	at org.eclipse.core.runtime.SafeRunner.run(SafeRunner.java:45) ~[org.eclipse.equinox.common_3.16.200.v20220817-1601.jar:na]
	at org.eclipse.core.internal.events.NotificationManager.notify(NotificationManager.java:297) ~[na:na]
	at org.eclipse.core.internal.events.NotificationManager.broadcastChanges(NotificationManager.java:160) ~[na:na]
	at org.eclipse.core.internal.resources.Workspace.broadcastPostChange(Workspace.java:388) ~[na:na]
	at org.eclipse.core.internal.resources.Workspace.endOperation(Workspace.java:1514) ~[na:na]
	at org.eclipse.core.internal.resources.InternalWorkspaceJob.run(InternalWorkspaceJob.java:50) ~[na:na]
	at org.eclipse.core.internal.jobs.Worker.run(Worker.java:63) ~[org.eclipse.core.jobs_3.13.100.v20220817-1539.jar:na]
2026-03-01 11:53:33,405 [Worker-20: Importing Maven projects] ERROR o.e.m.j.i.l.MavenLaunchConfigurationListener - Launch configuration UserInterface (16) references non-existing project demo-Qualifier.
org.eclipse.core.runtime.CoreException: Launch configuration UserInterface (16) references non-existing project demo-Qualifier.
	at org.eclipse.jdt.launching.JavaRuntime.abort(JavaRuntime.java:1861) ~[na:na]
	at org.eclipse.jdt.launching.JavaRuntime.getJavaProject(JavaRuntime.java:1736) ~[na:na]
	at org.eclipse.m2e.jdt.internal.launch.MavenLaunchConfigurationListener.updateLaunchConfiguration(MavenLaunchConfigurationListener.java:64) ~[na:na]
	at org.eclipse.m2e.jdt.internal.launch.MavenLaunchConfigurationListener.launchConfigurationChanged(MavenLaunchConfigurationListener.java:50) ~[na:na]
	at org.eclipse.debug.internal.core.LaunchManager$ConfigurationNotifier.run(LaunchManager.java:225) ~[na:na]
	at org.eclipse.core.runtime.SafeRunner.run(SafeRunner.java:45) ~[org.eclipse.equinox.common_3.16.200.v20220817-1601.jar:na]
	at org.eclipse.debug.internal.core.LaunchManager$ConfigurationNotifier.notify(LaunchManager.java:209) ~[na:na]
	at org.eclipse.debug.internal.core.LaunchManager.launchConfigurationChanged(LaunchManager.java:2147) ~[na:na]
	at org.eclipse.debug.internal.core.LaunchManager$LaunchManagerVisitor.visit(LaunchManager.java:376) ~[na:na]
	at org.eclipse.core.internal.events.ResourceDelta.accept(ResourceDelta.java:67) ~[na:na]
	at org.eclipse.core.internal.events.ResourceDelta.accept(ResourceDelta.java:77) ~[na:na]
	at org.eclipse.core.internal.events.ResourceDelta.accept(ResourceDelta.java:77) ~[na:na]
	at org.eclipse.core.internal.events.ResourceDelta.accept(ResourceDelta.java:77) ~[na:na]
	at org.eclipse.core.internal.events.ResourceDelta.accept(ResourceDelta.java:77) ~[na:na]
	at org.eclipse.core.internal.events.ResourceDelta.accept(ResourceDelta.java:77) ~[na:na]
	at org.eclipse.core.internal.events.ResourceDelta.accept(ResourceDelta.java:77) ~[na:na]
	at org.eclipse.core.internal.events.ResourceDelta.accept(ResourceDelta.java:77) ~[na:na]
	at org.eclipse.core.internal.events.ResourceDelta.accept(ResourceDelta.java:51) ~[na:na]
	at org.eclipse.debug.internal.core.LaunchManager.resourceChanged(LaunchManager.java:2272) ~[na:na]
	at org.eclipse.core.internal.events.NotificationManager$1.run(NotificationManager.java:307) ~[na:na]
	at org.eclipse.core.runtime.SafeRunner.run(SafeRunner.java:45) ~[org.eclipse.equinox.common_3.16.200.v20220817-1601.jar:na]
	at org.eclipse.core.internal.events.NotificationManager.notify(NotificationManager.java:297) ~[na:na]
	at org.eclipse.core.internal.events.NotificationManager.broadcastChanges(NotificationManager.java:160) ~[na:na]
	at org.eclipse.core.internal.resources.Workspace.broadcastPostChange(Workspace.java:388) ~[na:na]
	at org.eclipse.core.internal.resources.Workspace.endOperation(Workspace.java:1514) ~[na:na]
	at org.eclipse.core.internal.resources.InternalWorkspaceJob.run(InternalWorkspaceJob.java:50) ~[na:na]
	at org.eclipse.core.internal.jobs.Worker.run(Worker.java:63) ~[org.eclipse.core.jobs_3.13.100.v20220817-1539.jar:na]
2026-03-01 11:53:33,413 [Worker-20: Importing Maven projects] ERROR o.e.m.j.i.l.MavenLaunchConfigurationListener - Launch configuration UserInterface (17) references non-existing project Demo-Practice.
org.eclipse.core.runtime.CoreException: Launch configuration UserInterface (17) references non-existing project Demo-Practice.
	at org.eclipse.jdt.launching.JavaRuntime.abort(JavaRuntime.java:1861) ~[na:na]
	at org.eclipse.jdt.launching.JavaRuntime.getJavaProject(JavaRuntime.java:1736) ~[na:na]
	at org.eclipse.m2e.jdt.internal.launch.MavenLaunchConfigurationListener.updateLaunchConfiguration(MavenLaunchConfigurationListener.java:64) ~[na:na]
	at org.eclipse.m2e.jdt.internal.launch.MavenLaunchConfigurationListener.launchConfigurationChanged(MavenLaunchConfigurationListener.java:50) ~[na:na]
	at org.eclipse.debug.internal.core.LaunchManager$ConfigurationNotifier.run(LaunchManager.java:225) ~[na:na]
	at org.eclipse.core.runtime.SafeRunner.run(SafeRunner.java:45) ~[org.eclipse.equinox.common_3.16.200.v20220817-1601.jar:na]
	at org.eclipse.debug.internal.core.LaunchManager$ConfigurationNotifier.notify(LaunchManager.java:209) ~[na:na]
	at org.eclipse.debug.internal.core.LaunchManager.launchConfigurationChanged(LaunchManager.java:2147) ~[na:na]
	at org.eclipse.debug.internal.core.LaunchManager$LaunchManagerVisitor.visit(LaunchManager.java:376) ~[na:na]
	at org.eclipse.core.internal.events.ResourceDelta.accept(ResourceDelta.java:67) ~[na:na]
	at org.eclipse.core.internal.events.ResourceDelta.accept(ResourceDelta.java:77) ~[na:na]
	at org.eclipse.core.internal.events.ResourceDelta.accept(ResourceDelta.java:77) ~[na:na]
	at org.eclipse.core.internal.events.ResourceDelta.accept(ResourceDelta.java:77) ~[na:na]
	at org.eclipse.core.internal.events.ResourceDelta.accept(ResourceDelta.java:77) ~[na:na]
	at org.eclipse.core.internal.events.ResourceDelta.accept(ResourceDelta.java:77) ~[na:na]
	at org.eclipse.core.internal.events.ResourceDelta.accept(ResourceDelta.java:77) ~[na:na]
	at org.eclipse.core.internal.events.ResourceDelta.accept(ResourceDelta.java:77) ~[na:na]
	at org.eclipse.core.internal.events.ResourceDelta.accept(ResourceDelta.java:51) ~[na:na]
	at org.eclipse.debug.internal.core.LaunchManager.resourceChanged(LaunchManager.java:2272) ~[na:na]
	at org.eclipse.core.internal.events.NotificationManager$1.run(NotificationManager.java:307) ~[na:na]
	at org.eclipse.core.runtime.SafeRunner.run(SafeRunner.java:45) ~[org.eclipse.equinox.common_3.16.200.v20220817-1601.jar:na]
	at org.eclipse.core.internal.events.NotificationManager.notify(NotificationManager.java:297) ~[na:na]
	at org.eclipse.core.internal.events.NotificationManager.broadcastChanges(NotificationManager.java:160) ~[na:na]
	at org.eclipse.core.internal.resources.Workspace.broadcastPostChange(Workspace.java:388) ~[na:na]
	at org.eclipse.core.internal.resources.Workspace.endOperation(Workspace.java:1514) ~[na:na]
	at org.eclipse.core.internal.resources.InternalWorkspaceJob.run(InternalWorkspaceJob.java:50) ~[na:na]
	at org.eclipse.core.internal.jobs.Worker.run(Worker.java:63) ~[org.eclipse.core.jobs_3.13.100.v20220817-1539.jar:na]
2026-03-01 11:53:33,419 [Worker-20: Importing Maven projects] ERROR o.e.m.j.i.l.MavenLaunchConfigurationListener - Launch configuration UserInterface (18) references non-existing project TheQualifier.
org.eclipse.core.runtime.CoreException: Launch configuration UserInterface (18) references non-existing project TheQualifier.
	at org.eclipse.jdt.launching.JavaRuntime.abort(JavaRuntime.java:1861) ~[na:na]
	at org.eclipse.jdt.launching.JavaRuntime.getJavaProject(JavaRuntime.java:1736) ~[na:na]
	at org.eclipse.m2e.jdt.internal.launch.MavenLaunchConfigurationListener.updateLaunchConfiguration(MavenLaunchConfigurationListener.java:64) ~[na:na]
	at org.eclipse.m2e.jdt.internal.launch.MavenLaunchConfigurationListener.launchConfigurationChanged(MavenLaunchConfigurationListener.java:50) ~[na:na]
	at org.eclipse.debug.internal.core.LaunchManager$ConfigurationNotifier.run(LaunchManager.java:225) ~[na:na]
	at org.eclipse.core.runtime.SafeRunner.run(SafeRunner.java:45) ~[org.eclipse.equinox.common_3.16.200.v20220817-1601.jar:na]
	at org.eclipse.debug.internal.core.LaunchManager$ConfigurationNotifier.notify(LaunchManager.java:209) ~[na:na]
	at org.eclipse.debug.internal.core.LaunchManager.launchConfigurationChanged(LaunchManager.java:2147) ~[na:na]
	at org.eclipse.debug.internal.core.LaunchManager$LaunchManagerVisitor.visit(LaunchManager.java:376) ~[na:na]
	at org.eclipse.core.internal.events.ResourceDelta.accept(ResourceDelta.java:67) ~[na:na]
	at org.eclipse.core.internal.events.ResourceDelta.accept(ResourceDelta.java:77) ~[na:na]
	at org.eclipse.core.internal.events.ResourceDelta.accept(ResourceDelta.java:77) ~[na:na]
	at org.eclipse.core.internal.events.ResourceDelta.accept(ResourceDelta.java:77) ~[na:na]
	at org.eclipse.core.internal.events.ResourceDelta.accept(ResourceDelta.java:77) ~[na:na]
	at org.eclipse.core.internal.events.ResourceDelta.accept(ResourceDelta.java:77) ~[na:na]
	at org.eclipse.core.internal.events.ResourceDelta.accept(ResourceDelta.java:77) ~[na:na]
	at org.eclipse.core.internal.events.ResourceDelta.accept(ResourceDelta.java:77) ~[na:na]
	at org.eclipse.core.internal.events.ResourceDelta.accept(ResourceDelta.java:51) ~[na:na]
	at org.eclipse.debug.internal.core.LaunchManager.resourceChanged(LaunchManager.java:2272) ~[na:na]
	at org.eclipse.core.internal.events.NotificationManager$1.run(NotificationManager.java:307) ~[na:na]
	at org.eclipse.core.runtime.SafeRunner.run(SafeRunner.java:45) ~[org.eclipse.equinox.common_3.16.200.v20220817-1601.jar:na]
	at org.eclipse.core.internal.events.NotificationManager.notify(NotificationManager.java:297) ~[na:na]
	at org.eclipse.core.internal.events.NotificationManager.broadcastChanges(NotificationManager.java:160) ~[na:na]
	at org.eclipse.core.internal.resources.Workspace.broadcastPostChange(Workspace.java:388) ~[na:na]
	at org.eclipse.core.internal.resources.Workspace.endOperation(Workspace.java:1514) ~[na:na]
	at org.eclipse.core.internal.resources.InternalWorkspaceJob.run(InternalWorkspaceJob.java:50) ~[na:na]
	at org.eclipse.core.internal.jobs.Worker.run(Worker.java:63) ~[org.eclipse.core.jobs_3.13.100.v20220817-1539.jar:na]
2026-03-01 11:53:33,424 [Worker-20: Importing Maven projects] ERROR o.e.m.j.i.l.MavenLaunchConfigurationListener - Launch configuration UserInterface (2) references non-existing project demo-setter-injection.
org.eclipse.core.runtime.CoreException: Launch configuration UserInterface (2) references non-existing project demo-setter-injection.
	at org.eclipse.jdt.launching.JavaRuntime.abort(JavaRuntime.java:1861) ~[na:na]
	at org.eclipse.jdt.launching.JavaRuntime.getJavaProject(JavaRuntime.java:1736) ~[na:na]
	at org.eclipse.m2e.jdt.internal.launch.MavenLaunchConfigurationListener.updateLaunchConfiguration(MavenLaunchConfigurationListener.java:64) ~[na:na]
	at org.eclipse.m2e.jdt.internal.launch.MavenLaunchConfigurationListener.launchConfigurationChanged(MavenLaunchConfigurationListener.java:50) ~[na:na]
	at org.eclipse.debug.internal.core.LaunchManager$ConfigurationNotifier.run(LaunchManager.java:225) ~[na:na]
	at org.eclipse.core.runtime.SafeRunner.run(SafeRunner.java:45) ~[org.eclipse.equinox.common_3.16.200.v20220817-1601.jar:na]
	at org.eclipse.debug.internal.core.LaunchManager$ConfigurationNotifier.notify(LaunchManager.java:209) ~[na:na]
	at org.eclipse.debug.internal.core.LaunchManager.launchConfigurationChanged(LaunchManager.java:2147) ~[na:na]
	at org.eclipse.debug.internal.core.LaunchManager$LaunchManagerVisitor.visit(LaunchManager.java:376) ~[na:na]
	at org.eclipse.core.internal.events.ResourceDelta.accept(ResourceDelta.java:67) ~[na:na]
	at org.eclipse.core.internal.events.ResourceDelta.accept(ResourceDelta.java:77) ~[na:na]
	at org.eclipse.core.internal.events.ResourceDelta.accept(ResourceDelta.java:77) ~[na:na]
	at org.eclipse.core.internal.events.ResourceDelta.accept(ResourceDelta.java:77) ~[na:na]
	at org.eclipse.core.internal.events.ResourceDelta.accept(ResourceDelta.java:77) ~[na:na]
	at org.eclipse.core.internal.events.ResourceDelta.accept(ResourceDelta.java:77) ~[na:na]
	at org.eclipse.core.internal.events.ResourceDelta.accept(ResourceDelta.java:77) ~[na:na]
	at org.eclipse.core.internal.events.ResourceDelta.accept(ResourceDelta.java:77) ~[na:na]
	at org.eclipse.core.internal.events.ResourceDelta.accept(ResourceDelta.java:51) ~[na:na]
	at org.eclipse.debug.internal.core.LaunchManager.resourceChanged(LaunchManager.java:2272) ~[na:na]
	at org.eclipse.core.internal.events.NotificationManager$1.run(NotificationManager.java:307) ~[na:na]
	at org.eclipse.core.runtime.SafeRunner.run(SafeRunner.java:45) ~[org.eclipse.equinox.common_3.16.200.v20220817-1601.jar:na]
	at org.eclipse.core.internal.events.NotificationManager.notify(NotificationManager.java:297) ~[na:na]
	at org.eclipse.core.internal.events.NotificationManager.broadcastChanges(NotificationManager.java:160) ~[na:na]
	at org.eclipse.core.internal.resources.Workspace.broadcastPostChange(Workspace.java:388) ~[na:na]
	at org.eclipse.core.internal.resources.Workspace.endOperation(Workspace.java:1514) ~[na:na]
	at org.eclipse.core.internal.resources.InternalWorkspaceJob.run(InternalWorkspaceJob.java:50) ~[na:na]
	at org.eclipse.core.internal.jobs.Worker.run(Worker.java:63) ~[org.eclipse.core.jobs_3.13.100.v20220817-1539.jar:na]
2026-03-01 11:53:33,432 [Worker-20: Importing Maven projects] ERROR o.e.m.j.i.l.MavenLaunchConfigurationListener - Launch configuration UserInterface (3) references non-existing project SpringIOCEX1.
org.eclipse.core.runtime.CoreException: Launch configuration UserInterface (3) references non-existing project SpringIOCEX1.
	at org.eclipse.jdt.launching.JavaRuntime.abort(JavaRuntime.java:1861) ~[na:na]
	at org.eclipse.jdt.launching.JavaRuntime.getJavaProject(JavaRuntime.java:1736) ~[na:na]
	at org.eclipse.m2e.jdt.internal.launch.MavenLaunchConfigurationListener.updateLaunchConfiguration(MavenLaunchConfigurationListener.java:64) ~[na:na]
	at org.eclipse.m2e.jdt.internal.launch.MavenLaunchConfigurationListener.launchConfigurationChanged(MavenLaunchConfigurationListener.java:50) ~[na:na]
	at org.eclipse.debug.internal.core.LaunchManager$ConfigurationNotifier.run(LaunchManager.java:225) ~[na:na]
	at org.eclipse.core.runtime.SafeRunner.run(SafeRunner.java:45) ~[org.eclipse.equinox.common_3.16.200.v20220817-1601.jar:na]
	at org.eclipse.debug.internal.core.LaunchManager$ConfigurationNotifier.notify(LaunchManager.java:209) ~[na:na]
	at org.eclipse.debug.internal.core.LaunchManager.launchConfigurationChanged(LaunchManager.java:2147) ~[na:na]
	at org.eclipse.debug.internal.core.LaunchManager$LaunchManagerVisitor.visit(LaunchManager.java:376) ~[na:na]
	at org.eclipse.core.internal.events.ResourceDelta.accept(ResourceDelta.java:67) ~[na:na]
	at org.eclipse.core.internal.events.ResourceDelta.accept(ResourceDelta.java:77) ~[na:na]
	at org.eclipse.core.internal.events.ResourceDelta.accept(ResourceDelta.java:77) ~[na:na]
	at org.eclipse.core.internal.events.ResourceDelta.accept(ResourceDelta.java:77) ~[na:na]
	at org.eclipse.core.internal.events.ResourceDelta.accept(ResourceDelta.java:77) ~[na:na]
	at org.eclipse.core.internal.events.ResourceDelta.accept(ResourceDelta.java:77) ~[na:na]
	at org.eclipse.core.internal.events.ResourceDelta.accept(ResourceDelta.java:77) ~[na:na]
	at org.eclipse.core.internal.events.ResourceDelta.accept(ResourceDelta.java:77) ~[na:na]
	at org.eclipse.core.internal.events.ResourceDelta.accept(ResourceDelta.java:51) ~[na:na]
	at org.eclipse.debug.internal.core.LaunchManager.resourceChanged(LaunchManager.java:2272) ~[na:na]
	at org.eclipse.core.internal.events.NotificationManager$1.run(NotificationManager.java:307) ~[na:na]
	at org.eclipse.core.runtime.SafeRunner.run(SafeRunner.java:45) ~[org.eclipse.equinox.common_3.16.200.v20220817-1601.jar:na]
	at org.eclipse.core.internal.events.NotificationManager.notify(NotificationManager.java:297) ~[na:na]
	at org.eclipse.core.internal.events.NotificationManager.broadcastChanges(NotificationManager.java:160) ~[na:na]
	at org.eclipse.core.internal.resources.Workspace.broadcastPostChange(Workspace.java:388) ~[na:na]
	at org.eclipse.core.internal.resources.Workspace.endOperation(Workspace.java:1514) ~[na:na]
	at org.eclipse.core.internal.resources.InternalWorkspaceJob.run(InternalWorkspaceJob.java:50) ~[na:na]
	at org.eclipse.core.internal.jobs.Worker.run(Worker.java:63) ~[org.eclipse.core.jobs_3.13.100.v20220817-1539.jar:na]
2026-03-01 11:53:33,436 [Worker-20: Importing Maven projects] ERROR o.e.m.j.i.l.MavenLaunchConfigurationListener - Launch configuration UserInterface (4) references non-existing project com.infy.ioccontainer.
org.eclipse.core.runtime.CoreException: Launch configuration UserInterface (4) references non-existing project com.infy.ioccontainer.
	at org.eclipse.jdt.launching.JavaRuntime.abort(JavaRuntime.java:1861) ~[na:na]
	at org.eclipse.jdt.launching.JavaRuntime.getJavaProject(JavaRuntime.java:1736) ~[na:na]
	at org.eclipse.m2e.jdt.internal.launch.MavenLaunchConfigurationListener.updateLaunchConfiguration(MavenLaunchConfigurationListener.java:64) ~[na:na]
	at org.eclipse.m2e.jdt.internal.launch.MavenLaunchConfigurationListener.launchConfigurationChanged(MavenLaunchConfigurationListener.java:50) ~[na:na]
	at org.eclipse.debug.internal.core.LaunchManager$ConfigurationNotifier.run(LaunchManager.java:225) ~[na:na]
	at org.eclipse.core.runtime.SafeRunner.run(SafeRunner.java:45) ~[org.eclipse.equinox.common_3.16.200.v20220817-1601.jar:na]
	at org.eclipse.debug.internal.core.LaunchManager$ConfigurationNotifier.notify(LaunchManager.java:209) ~[na:na]
	at org.eclipse.debug.internal.core.LaunchManager.launchConfigurationChanged(LaunchManager.java:2147) ~[na:na]
	at org.eclipse.debug.internal.core.LaunchManager$LaunchManagerVisitor.visit(LaunchManager.java:376) ~[na:na]
	at org.eclipse.core.internal.events.ResourceDelta.accept(ResourceDelta.java:67) ~[na:na]
	at org.eclipse.core.internal.events.ResourceDelta.accept(ResourceDelta.java:77) ~[na:na]
	at org.eclipse.core.internal.events.ResourceDelta.accept(ResourceDelta.java:77) ~[na:na]
	at org.eclipse.core.internal.events.ResourceDelta.accept(ResourceDelta.java:77) ~[na:na]
	at org.eclipse.core.internal.events.ResourceDelta.accept(ResourceDelta.java:77) ~[na:na]
	at org.eclipse.core.internal.events.ResourceDelta.accept(ResourceDelta.java:77) ~[na:na]
	at org.eclipse.core.internal.events.ResourceDelta.accept(ResourceDelta.java:77) ~[na:na]
	at org.eclipse.core.internal.events.ResourceDelta.accept(ResourceDelta.java:77) ~[na:na]
	at org.eclipse.core.internal.events.ResourceDelta.accept(ResourceDelta.java:51) ~[na:na]
	at org.eclipse.debug.internal.core.LaunchManager.resourceChanged(LaunchManager.java:2272) ~[na:na]
	at org.eclipse.core.internal.events.NotificationManager$1.run(NotificationManager.java:307) ~[na:na]
	at org.eclipse.core.runtime.SafeRunner.run(SafeRunner.java:45) ~[org.eclipse.equinox.common_3.16.200.v20220817-1601.jar:na]
	at org.eclipse.core.internal.events.NotificationManager.notify(NotificationManager.java:297) ~[na:na]
	at org.eclipse.core.internal.events.NotificationManager.broadcastChanges(NotificationManager.java:160) ~[na:na]
	at org.eclipse.core.internal.resources.Workspace.broadcastPostChange(Workspace.java:388) ~[na:na]
	at org.eclipse.core.internal.resources.Workspace.endOperation(Workspace.java:1514) ~[na:na]
	at org.eclipse.core.internal.resources.InternalWorkspaceJob.run(InternalWorkspaceJob.java:50) ~[na:na]
	at org.eclipse.core.internal.jobs.Worker.run(Worker.java:63) ~[org.eclipse.core.jobs_3.13.100.v20220817-1539.jar:na]
2026-03-01 11:53:33,441 [Worker-20: Importing Maven projects] ERROR o.e.m.j.i.l.MavenLaunchConfigurationListener - Launch configuration UserInterface (5) references non-existing project TheConstructorInjection.
org.eclipse.core.runtime.CoreException: Launch configuration UserInterface (5) references non-existing project TheConstructorInjection.
	at org.eclipse.jdt.launching.JavaRuntime.abort(JavaRuntime.java:1861) ~[na:na]
	at org.eclipse.jdt.launching.JavaRuntime.getJavaProject(JavaRuntime.java:1736) ~[na:na]
	at org.eclipse.m2e.jdt.internal.launch.MavenLaunchConfigurationListener.updateLaunchConfiguration(MavenLaunchConfigurationListener.java:64) ~[na:na]
	at org.eclipse.m2e.jdt.internal.launch.MavenLaunchConfigurationListener.launchConfigurationChanged(MavenLaunchConfigurationListener.java:50) ~[na:na]
	at org.eclipse.debug.internal.core.LaunchManager$ConfigurationNotifier.run(LaunchManager.java:225) ~[na:na]
	at org.eclipse.core.runtime.SafeRunner.run(SafeRunner.java:45) ~[org.eclipse.equinox.common_3.16.200.v20220817-1601.jar:na]
	at org.eclipse.debug.internal.core.LaunchManager$ConfigurationNotifier.notify(LaunchManager.java:209) ~[na:na]
	at org.eclipse.debug.internal.core.LaunchManager.launchConfigurationChanged(LaunchManager.java:2147) ~[na:na]
	at org.eclipse.debug.internal.core.LaunchManager$LaunchManagerVisitor.visit(LaunchManager.java:376) ~[na:na]
	at org.eclipse.core.internal.events.ResourceDelta.accept(ResourceDelta.java:67) ~[na:na]
	at org.eclipse.core.internal.events.ResourceDelta.accept(ResourceDelta.java:77) ~[na:na]
	at org.eclipse.core.internal.events.ResourceDelta.accept(ResourceDelta.java:77) ~[na:na]
	at org.eclipse.core.internal.events.ResourceDelta.accept(ResourceDelta.java:77) ~[na:na]
	at org.eclipse.core.internal.events.ResourceDelta.accept(ResourceDelta.java:77) ~[na:na]
	at org.eclipse.core.internal.events.ResourceDelta.accept(ResourceDelta.java:77) ~[na:na]
	at org.eclipse.core.internal.events.ResourceDelta.accept(ResourceDelta.java:77) ~[na:na]
	at org.eclipse.core.internal.events.ResourceDelta.accept(ResourceDelta.java:77) ~[na:na]
	at org.eclipse.core.internal.events.ResourceDelta.accept(ResourceDelta.java:51) ~[na:na]
	at org.eclipse.debug.internal.core.LaunchManager.resourceChanged(LaunchManager.java:2272) ~[na:na]
	at org.eclipse.core.internal.events.NotificationManager$1.run(NotificationManager.java:307) ~[na:na]
	at org.eclipse.core.runtime.SafeRunner.run(SafeRunner.java:45) ~[org.eclipse.equinox.common_3.16.200.v20220817-1601.jar:na]
	at org.eclipse.core.internal.events.NotificationManager.notify(NotificationManager.java:297) ~[na:na]
	at org.eclipse.core.internal.events.NotificationManager.broadcastChanges(NotificationManager.java:160) ~[na:na]
	at org.eclipse.core.internal.resources.Workspace.broadcastPostChange(Workspace.java:388) ~[na:na]
	at org.eclipse.core.internal.resources.Workspace.endOperation(Workspace.java:1514) ~[na:na]
	at org.eclipse.core.internal.resources.InternalWorkspaceJob.run(InternalWorkspaceJob.java:50) ~[na:na]
	at org.eclipse.core.internal.jobs.Worker.run(Worker.java:63) ~[org.eclipse.core.jobs_3.13.100.v20220817-1539.jar:na]
2026-03-01 11:53:33,447 [Worker-20: Importing Maven projects] ERROR o.e.m.j.i.l.MavenLaunchConfigurationListener - Launch configuration UserInterface (6) references non-existing project TheSetterInjection.
org.eclipse.core.runtime.CoreException: Launch configuration UserInterface (6) references non-existing project TheSetterInjection.
	at org.eclipse.jdt.launching.JavaRuntime.abort(JavaRuntime.java:1861) ~[na:na]
	at org.eclipse.jdt.launching.JavaRuntime.getJavaProject(JavaRuntime.java:1736) ~[na:na]
	at org.eclipse.m2e.jdt.internal.launch.MavenLaunchConfigurationListener.updateLaunchConfiguration(MavenLaunchConfigurationListener.java:64) ~[na:na]
	at org.eclipse.m2e.jdt.internal.launch.MavenLaunchConfigurationListener.launchConfigurationChanged(MavenLaunchConfigurationListener.java:50) ~[na:na]
	at org.eclipse.debug.internal.core.LaunchManager$ConfigurationNotifier.run(LaunchManager.java:225) ~[na:na]
	at org.eclipse.core.runtime.SafeRunner.run(SafeRunner.java:45) ~[org.eclipse.equinox.common_3.16.200.v20220817-1601.jar:na]
	at org.eclipse.debug.internal.core.LaunchManager$ConfigurationNotifier.notify(LaunchManager.java:209) ~[na:na]
	at org.eclipse.debug.internal.core.LaunchManager.launchConfigurationChanged(LaunchManager.java:2147) ~[na:na]
	at org.eclipse.debug.internal.core.LaunchManager$LaunchManagerVisitor.visit(LaunchManager.java:376) ~[na:na]
	at org.eclipse.core.internal.events.ResourceDelta.accept(ResourceDelta.java:67) ~[na:na]
	at org.eclipse.core.internal.events.ResourceDelta.accept(ResourceDelta.java:77) ~[na:na]
	at org.eclipse.core.internal.events.ResourceDelta.accept(ResourceDelta.java:77) ~[na:na]
	at org.eclipse.core.internal.events.ResourceDelta.accept(ResourceDelta.java:77) ~[na:na]
	at org.eclipse.core.internal.events.ResourceDelta.accept(ResourceDelta.java:77) ~[na:na]
	at org.eclipse.core.internal.events.ResourceDelta.accept(ResourceDelta.java:77) ~[na:na]
	at org.eclipse.core.internal.events.ResourceDelta.accept(ResourceDelta.java:77) ~[na:na]
	at org.eclipse.core.internal.events.ResourceDelta.accept(ResourceDelta.java:77) ~[na:na]
	at org.eclipse.core.internal.events.ResourceDelta.accept(ResourceDelta.java:51) ~[na:na]
	at org.eclipse.debug.internal.core.LaunchManager.resourceChanged(LaunchManager.java:2272) ~[na:na]
	at org.eclipse.core.internal.events.NotificationManager$1.run(NotificationManager.java:307) ~[na:na]
	at org.eclipse.core.runtime.SafeRunner.run(SafeRunner.java:45) ~[org.eclipse.equinox.common_3.16.200.v20220817-1601.jar:na]
	at org.eclipse.core.internal.events.NotificationManager.notify(NotificationManager.java:297) ~[na:na]
	at org.eclipse.core.internal.events.NotificationManager.broadcastChanges(NotificationManager.java:160) ~[na:na]
	at org.eclipse.core.internal.resources.Workspace.broadcastPostChange(Workspace.java:388) ~[na:na]
	at org.eclipse.core.internal.resources.Workspace.endOperation(Workspace.java:1514) ~[na:na]
	at org.eclipse.core.internal.resources.InternalWorkspaceJob.run(InternalWorkspaceJob.java:50) ~[na:na]
	at org.eclipse.core.internal.jobs.Worker.run(Worker.java:63) ~[org.eclipse.core.jobs_3.13.100.v20220817-1539.jar:na]
2026-03-01 11:53:33,452 [Worker-20: Importing Maven projects] ERROR o.e.m.j.i.l.MavenLaunchConfigurationListener - Launch configuration UserInterface (7) references non-existing project JavsBasedConfig.
org.eclipse.core.runtime.CoreException: Launch configuration UserInterface (7) references non-existing project JavsBasedConfig.
	at org.eclipse.jdt.launching.JavaRuntime.abort(JavaRuntime.java:1861) ~[na:na]
	at org.eclipse.jdt.launching.JavaRuntime.getJavaProject(JavaRuntime.java:1736) ~[na:na]
	at org.eclipse.m2e.jdt.internal.launch.MavenLaunchConfigurationListener.updateLaunchConfiguration(MavenLaunchConfigurationListener.java:64) ~[na:na]
	at org.eclipse.m2e.jdt.internal.launch.MavenLaunchConfigurationListener.launchConfigurationChanged(MavenLaunchConfigurationListener.java:50) ~[na:na]
	at org.eclipse.debug.internal.core.LaunchManager$ConfigurationNotifier.run(LaunchManager.java:225) ~[na:na]
	at org.eclipse.core.runtime.SafeRunner.run(SafeRunner.java:45) ~[org.eclipse.equinox.common_3.16.200.v20220817-1601.jar:na]
	at org.eclipse.debug.internal.core.LaunchManager$ConfigurationNotifier.notify(LaunchManager.java:209) ~[na:na]
	at org.eclipse.debug.internal.core.LaunchManager.launchConfigurationChanged(LaunchManager.java:2147) ~[na:na]
	at org.eclipse.debug.internal.core.LaunchManager$LaunchManagerVisitor.visit(LaunchManager.java:376) ~[na:na]
	at org.eclipse.core.internal.events.ResourceDelta.accept(ResourceDelta.java:67) ~[na:na]
	at org.eclipse.core.internal.events.ResourceDelta.accept(ResourceDelta.java:77) ~[na:na]
	at org.eclipse.core.internal.events.ResourceDelta.accept(ResourceDelta.java:77) ~[na:na]
	at org.eclipse.core.internal.events.ResourceDelta.accept(ResourceDelta.java:77) ~[na:na]
	at org.eclipse.core.internal.events.ResourceDelta.accept(ResourceDelta.java:77) ~[na:na]
	at org.eclipse.core.internal.events.ResourceDelta.accept(ResourceDelta.java:77) ~[na:na]
	at org.eclipse.core.internal.events.ResourceDelta.accept(ResourceDelta.java:77) ~[na:na]
	at org.eclipse.core.internal.events.ResourceDelta.accept(ResourceDelta.java:77) ~[na:na]
	at org.eclipse.core.internal.events.ResourceDelta.accept(ResourceDelta.java:51) ~[na:na]
	at org.eclipse.debug.internal.core.LaunchManager.resourceChanged(LaunchManager.java:2272) ~[na:na]
	at org.eclipse.core.internal.events.NotificationManager$1.run(NotificationManager.java:307) ~[na:na]
	at org.eclipse.core.runtime.SafeRunner.run(SafeRunner.java:45) ~[org.eclipse.equinox.common_3.16.200.v20220817-1601.jar:na]
	at org.eclipse.core.internal.events.NotificationManager.notify(NotificationManager.java:297) ~[na:na]
	at org.eclipse.core.internal.events.NotificationManager.broadcastChanges(NotificationManager.java:160) ~[na:na]
	at org.eclipse.core.internal.resources.Workspace.broadcastPostChange(Workspace.java:388) ~[na:na]
	at org.eclipse.core.internal.resources.Workspace.endOperation(Workspace.java:1514) ~[na:na]
	at org.eclipse.core.internal.resources.InternalWorkspaceJob.run(InternalWorkspaceJob.java:50) ~[na:na]
	at org.eclipse.core.internal.jobs.Worker.run(Worker.java:63) ~[org.eclipse.core.jobs_3.13.100.v20220817-1539.jar:na]
2026-03-01 11:53:33,457 [Worker-20: Importing Maven projects] ERROR o.e.m.j.i.l.MavenLaunchConfigurationListener - Launch configuration UserInterface (8) references non-existing project Lazy_Initialization.
org.eclipse.core.runtime.CoreException: Launch configuration UserInterface (8) references non-existing project Lazy_Initialization.
	at org.eclipse.jdt.launching.JavaRuntime.abort(JavaRuntime.java:1861) ~[na:na]
	at org.eclipse.jdt.launching.JavaRuntime.getJavaProject(JavaRuntime.java:1736) ~[na:na]
	at org.eclipse.m2e.jdt.internal.launch.MavenLaunchConfigurationListener.updateLaunchConfiguration(MavenLaunchConfigurationListener.java:64) ~[na:na]
	at org.eclipse.m2e.jdt.internal.launch.MavenLaunchConfigurationListener.launchConfigurationChanged(MavenLaunchConfigurationListener.java:50) ~[na:na]
	at org.eclipse.debug.internal.core.LaunchManager$ConfigurationNotifier.run(LaunchManager.java:225) ~[na:na]
	at org.eclipse.core.runtime.SafeRunner.run(SafeRunner.java:45) ~[org.eclipse.equinox.common_3.16.200.v20220817-1601.jar:na]
	at org.eclipse.debug.internal.core.LaunchManager$ConfigurationNotifier.notify(LaunchManager.java:209) ~[na:na]
	at org.eclipse.debug.internal.core.LaunchManager.launchConfigurationChanged(LaunchManager.java:2147) ~[na:na]
	at org.eclipse.debug.internal.core.LaunchManager$LaunchManagerVisitor.visit(LaunchManager.java:376) ~[na:na]
	at org.eclipse.core.internal.events.ResourceDelta.accept(ResourceDelta.java:67) ~[na:na]
	at org.eclipse.core.internal.events.ResourceDelta.accept(ResourceDelta.java:77) ~[na:na]
	at org.eclipse.core.internal.events.ResourceDelta.accept(ResourceDelta.java:77) ~[na:na]
	at org.eclipse.core.internal.events.ResourceDelta.accept(ResourceDelta.java:77) ~[na:na]
	at org.eclipse.core.internal.events.ResourceDelta.accept(ResourceDelta.java:77) ~[na:na]
	at org.eclipse.core.internal.events.ResourceDelta.accept(ResourceDelta.java:77) ~[na:na]
	at org.eclipse.core.internal.events.ResourceDelta.accept(ResourceDelta.java:77) ~[na:na]
	at org.eclipse.core.internal.events.ResourceDelta.accept(ResourceDelta.java:77) ~[na:na]
	at org.eclipse.core.internal.events.ResourceDelta.accept(ResourceDelta.java:51) ~[na:na]
	at org.eclipse.debug.internal.core.LaunchManager.resourceChanged(LaunchManager.java:2272) ~[na:na]
	at org.eclipse.core.internal.events.NotificationManager$1.run(NotificationManager.java:307) ~[na:na]
	at org.eclipse.core.runtime.SafeRunner.run(SafeRunner.java:45) ~[org.eclipse.equinox.common_3.16.200.v20220817-1601.jar:na]
	at org.eclipse.core.internal.events.NotificationManager.notify(NotificationManager.java:297) ~[na:na]
	at org.eclipse.core.internal.events.NotificationManager.broadcastChanges(NotificationManager.java:160) ~[na:na]
	at org.eclipse.core.internal.resources.Workspace.broadcastPostChange(Workspace.java:388) ~[na:na]
	at org.eclipse.core.internal.resources.Workspace.endOperation(Workspace.java:1514) ~[na:na]
	at org.eclipse.core.internal.resources.InternalWorkspaceJob.run(InternalWorkspaceJob.java:50) ~[na:na]
	at org.eclipse.core.internal.jobs.Worker.run(Worker.java:63) ~[org.eclipse.core.jobs_3.13.100.v20220817-1539.jar:na]
2026-03-01 11:53:33,463 [Worker-20: Importing Maven projects] ERROR o.e.m.j.i.l.MavenLaunchConfigurationListener - Launch configuration UserInterface (9) references non-existing project IOC_Container.
org.eclipse.core.runtime.CoreException: Launch configuration UserInterface (9) references non-existing project IOC_Container.
	at org.eclipse.jdt.launching.JavaRuntime.abort(JavaRuntime.java:1861) ~[na:na]
	at org.eclipse.jdt.launching.JavaRuntime.getJavaProject(JavaRuntime.java:1736) ~[na:na]
	at org.eclipse.m2e.jdt.internal.launch.MavenLaunchConfigurationListener.updateLaunchConfiguration(MavenLaunchConfigurationListener.java:64) ~[na:na]
	at org.eclipse.m2e.jdt.internal.launch.MavenLaunchConfigurationListener.launchConfigurationChanged(MavenLaunchConfigurationListener.java:50) ~[na:na]
	at org.eclipse.debug.internal.core.LaunchManager$ConfigurationNotifier.run(LaunchManager.java:225) ~[na:na]
	at org.eclipse.core.runtime.SafeRunner.run(SafeRunner.java:45) ~[org.eclipse.equinox.common_3.16.200.v20220817-1601.jar:na]
	at org.eclipse.debug.internal.core.LaunchManager$ConfigurationNotifier.notify(LaunchManager.java:209) ~[na:na]
	at org.eclipse.debug.internal.core.LaunchManager.launchConfigurationChanged(LaunchManager.java:2147) ~[na:na]
	at org.eclipse.debug.internal.core.LaunchManager$LaunchManagerVisitor.visit(LaunchManager.java:376) ~[na:na]
	at org.eclipse.core.internal.events.ResourceDelta.accept(ResourceDelta.java:67) ~[na:na]
	at org.eclipse.core.internal.events.ResourceDelta.accept(ResourceDelta.java:77) ~[na:na]
	at org.eclipse.core.internal.events.ResourceDelta.accept(ResourceDelta.java:77) ~[na:na]
	at org.eclipse.core.internal.events.ResourceDelta.accept(ResourceDelta.java:77) ~[na:na]
	at org.eclipse.core.internal.events.ResourceDelta.accept(ResourceDelta.java:77) ~[na:na]
	at org.eclipse.core.internal.events.ResourceDelta.accept(ResourceDelta.java:77) ~[na:na]
	at org.eclipse.core.internal.events.ResourceDelta.accept(ResourceDelta.java:77) ~[na:na]
	at org.eclipse.core.internal.events.ResourceDelta.accept(ResourceDelta.java:77) ~[na:na]
	at org.eclipse.core.internal.events.ResourceDelta.accept(ResourceDelta.java:51) ~[na:na]
	at org.eclipse.debug.internal.core.LaunchManager.resourceChanged(LaunchManager.java:2272) ~[na:na]
	at org.eclipse.core.internal.events.NotificationManager$1.run(NotificationManager.java:307) ~[na:na]
	at org.eclipse.core.runtime.SafeRunner.run(SafeRunner.java:45) ~[org.eclipse.equinox.common_3.16.200.v20220817-1601.jar:na]
	at org.eclipse.core.internal.events.NotificationManager.notify(NotificationManager.java:297) ~[na:na]
	at org.eclipse.core.internal.events.NotificationManager.broadcastChanges(NotificationManager.java:160) ~[na:na]
	at org.eclipse.core.internal.resources.Workspace.broadcastPostChange(Workspace.java:388) ~[na:na]
	at org.eclipse.core.internal.resources.Workspace.endOperation(Workspace.java:1514) ~[na:na]
	at org.eclipse.core.internal.resources.InternalWorkspaceJob.run(InternalWorkspaceJob.java:50) ~[na:na]
	at org.eclipse.core.internal.jobs.Worker.run(Worker.java:63) ~[org.eclipse.core.jobs_3.13.100.v20220817-1539.jar:na]
2026-03-01 11:53:33,468 [Worker-20: Importing Maven projects] ERROR o.e.m.j.i.l.MavenLaunchConfigurationListener - Launch configuration UserInterface references non-existing project com.d.
org.eclipse.core.runtime.CoreException: Launch configuration UserInterface references non-existing project com.d.
	at org.eclipse.jdt.launching.JavaRuntime.abort(JavaRuntime.java:1861) ~[na:na]
	at org.eclipse.jdt.launching.JavaRuntime.getJavaProject(JavaRuntime.java:1736) ~[na:na]
	at org.eclipse.m2e.jdt.internal.launch.MavenLaunchConfigurationListener.updateLaunchConfiguration(MavenLaunchConfigurationListener.java:64) ~[na:na]
	at org.eclipse.m2e.jdt.internal.launch.MavenLaunchConfigurationListener.launchConfigurationChanged(MavenLaunchConfigurationListener.java:50) ~[na:na]
	at org.eclipse.debug.internal.core.LaunchManager$ConfigurationNotifier.run(LaunchManager.java:225) ~[na:na]
	at org.eclipse.core.runtime.SafeRunner.run(SafeRunner.java:45) ~[org.eclipse.equinox.common_3.16.200.v20220817-1601.jar:na]
	at org.eclipse.debug.internal.core.LaunchManager$ConfigurationNotifier.notify(LaunchManager.java:209) ~[na:na]
	at org.eclipse.debug.internal.core.LaunchManager.launchConfigurationChanged(LaunchManager.java:2147) ~[na:na]
	at org.eclipse.debug.internal.core.LaunchManager$LaunchManagerVisitor.visit(LaunchManager.java:376) ~[na:na]
	at org.eclipse.core.internal.events.ResourceDelta.accept(ResourceDelta.java:67) ~[na:na]
	at org.eclipse.core.internal.events.ResourceDelta.accept(ResourceDelta.java:77) ~[na:na]
	at org.eclipse.core.internal.events.ResourceDelta.accept(ResourceDelta.java:77) ~[na:na]
	at org.eclipse.core.internal.events.ResourceDelta.accept(ResourceDelta.java:77) ~[na:na]
	at org.eclipse.core.internal.events.ResourceDelta.accept(ResourceDelta.java:77) ~[na:na]
	at org.eclipse.core.internal.events.ResourceDelta.accept(ResourceDelta.java:77) ~[na:na]
	at org.eclipse.core.internal.events.ResourceDelta.accept(ResourceDelta.java:77) ~[na:na]
	at org.eclipse.core.internal.events.ResourceDelta.accept(ResourceDelta.java:77) ~[na:na]
	at org.eclipse.core.internal.events.ResourceDelta.accept(ResourceDelta.java:51) ~[na:na]
	at org.eclipse.debug.internal.core.LaunchManager.resourceChanged(LaunchManager.java:2272) ~[na:na]
	at org.eclipse.core.internal.events.NotificationManager$1.run(NotificationManager.java:307) ~[na:na]
	at org.eclipse.core.runtime.SafeRunner.run(SafeRunner.java:45) ~[org.eclipse.equinox.common_3.16.200.v20220817-1601.jar:na]
	at org.eclipse.core.internal.events.NotificationManager.notify(NotificationManager.java:297) ~[na:na]
	at org.eclipse.core.internal.events.NotificationManager.broadcastChanges(NotificationManager.java:160) ~[na:na]
	at org.eclipse.core.internal.resources.Workspace.broadcastPostChange(Workspace.java:388) ~[na:na]
	at org.eclipse.core.internal.resources.Workspace.endOperation(Workspace.java:1514) ~[na:na]
	at org.eclipse.core.internal.resources.InternalWorkspaceJob.run(InternalWorkspaceJob.java:50) ~[na:na]
	at org.eclipse.core.internal.jobs.Worker.run(Worker.java:63) ~[org.eclipse.core.jobs_3.13.100.v20220817-1539.jar:na]
2026-03-01 12:10:50,798 [Worker-25: Updating Maven Dependencies] ERROR o.e.m.j.i.l.MavenLaunchConfigurationListener - Launch configuration DemoApplication references non-existing project demo.
org.eclipse.core.runtime.CoreException: Launch configuration DemoApplication references non-existing project demo.
	at org.eclipse.jdt.launching.JavaRuntime.abort(JavaRuntime.java:1861) ~[na:na]
	at org.eclipse.jdt.launching.JavaRuntime.getJavaProject(JavaRuntime.java:1736) ~[na:na]
	at org.eclipse.m2e.jdt.internal.launch.MavenLaunchConfigurationListener.updateLaunchConfiguration(MavenLaunchConfigurationListener.java:64) ~[na:na]
	at org.eclipse.m2e.jdt.internal.launch.MavenLaunchConfigurationListener.launchConfigurationChanged(MavenLaunchConfigurationListener.java:50) ~[na:na]
	at org.eclipse.debug.internal.core.LaunchManager$ConfigurationNotifier.run(LaunchManager.java:225) ~[na:na]
	at org.eclipse.core.runtime.SafeRunner.run(SafeRunner.java:45) ~[org.eclipse.equinox.common_3.16.200.v20220817-1601.jar:na]
	at org.eclipse.debug.internal.core.LaunchManager$ConfigurationNotifier.notify(LaunchManager.java:209) ~[na:na]
	at org.eclipse.debug.internal.core.LaunchConfigurationWorkingCopy.setDirty(LaunchConfigurationWorkingCopy.java:524) ~[na:na]
	at org.eclipse.debug.internal.core.LaunchConfigurationWorkingCopy.setAttribute(LaunchConfigurationWorkingCopy.java:412) ~[na:na]
	at org.eclipse.m2e.jdt.internal.launch.MavenRuntimeClasspathProvider.disable(MavenRuntimeClasspathProvider.java:410) ~[na:na]
	at org.eclipse.m2e.jdt.internal.launch.MavenRuntimeClasspathProvider.disable(MavenRuntimeClasspathProvider.java:436) ~[na:na]
	at org.eclipse.m2e.jdt.internal.launch.MavenLaunchConfigurationListener.mavenProjectChanged(MavenLaunchConfigurationListener.java:135) ~[na:na]
	at org.eclipse.m2e.core.internal.project.registry.ProjectRegistryManager.notifyProjectChangeListeners(ProjectRegistryManager.java:827) ~[na:na]
	at org.eclipse.m2e.core.internal.project.registry.ProjectRegistryManager.applyMutableProjectRegistry(ProjectRegistryManager.java:982) ~[na:na]
	at org.eclipse.m2e.core.internal.project.registry.ProjectRegistryRefreshJob.lambda$0(ProjectRegistryRefreshJob.java:170) ~[na:na]
	at org.eclipse.m2e.core.internal.embedder.MavenExecutionContext.executeBare(MavenExecutionContext.java:350) ~[na:na]
	at org.eclipse.m2e.core.internal.embedder.MavenExecutionContext.execute(MavenExecutionContext.java:262) ~[na:na]
	at org.eclipse.m2e.core.internal.embedder.MavenExecutionContext.execute(MavenExecutionContext.java:205) ~[na:na]
	at org.eclipse.m2e.core.internal.project.registry.ProjectRegistryRefreshJob.run(ProjectRegistryRefreshJob.java:104) ~[na:na]
	at org.eclipse.core.internal.jobs.Worker.run(Worker.java:63) ~[org.eclipse.core.jobs_3.13.100.v20220817-1539.jar:na]
2026-03-01 12:10:50,802 [Worker-25: Updating Maven Dependencies] ERROR o.e.m.j.i.l.MavenLaunchConfigurationListener - Launch configuration DemoApplication references non-existing project demo.
org.eclipse.core.runtime.CoreException: Launch configuration DemoApplication references non-existing project demo.
	at org.eclipse.jdt.launching.JavaRuntime.abort(JavaRuntime.java:1861) ~[na:na]
	at org.eclipse.jdt.launching.JavaRuntime.getJavaProject(JavaRuntime.java:1736) ~[na:na]
	at org.eclipse.m2e.jdt.internal.launch.MavenLaunchConfigurationListener.updateLaunchConfiguration(MavenLaunchConfigurationListener.java:64) ~[na:na]
	at org.eclipse.m2e.jdt.internal.launch.MavenLaunchConfigurationListener.launchConfigurationChanged(MavenLaunchConfigurationListener.java:50) ~[na:na]
	at org.eclipse.debug.internal.core.LaunchManager$ConfigurationNotifier.run(LaunchManager.java:225) ~[na:na]
	at org.eclipse.core.runtime.SafeRunner.run(SafeRunner.java:45) ~[org.eclipse.equinox.common_3.16.200.v20220817-1601.jar:na]
	at org.eclipse.debug.internal.core.LaunchManager$ConfigurationNotifier.notify(LaunchManager.java:209) ~[na:na]
	at org.eclipse.debug.internal.core.LaunchConfigurationWorkingCopy.setDirty(LaunchConfigurationWorkingCopy.java:524) ~[na:na]
	at org.eclipse.debug.internal.core.LaunchConfigurationWorkingCopy.setAttribute(LaunchConfigurationWorkingCopy.java:412) ~[na:na]
	at org.eclipse.m2e.jdt.internal.launch.MavenRuntimeClasspathProvider.disable(MavenRuntimeClasspathProvider.java:411) ~[na:na]
	at org.eclipse.m2e.jdt.internal.launch.MavenRuntimeClasspathProvider.disable(MavenRuntimeClasspathProvider.java:436) ~[na:na]
	at org.eclipse.m2e.jdt.internal.launch.MavenLaunchConfigurationListener.mavenProjectChanged(MavenLaunchConfigurationListener.java:135) ~[na:na]
	at org.eclipse.m2e.core.internal.project.registry.ProjectRegistryManager.notifyProjectChangeListeners(ProjectRegistryManager.java:827) ~[na:na]
	at org.eclipse.m2e.core.internal.project.registry.ProjectRegistryManager.applyMutableProjectRegistry(ProjectRegistryManager.java:982) ~[na:na]
	at org.eclipse.m2e.core.internal.project.registry.ProjectRegistryRefreshJob.lambda$0(ProjectRegistryRefreshJob.java:170) ~[na:na]
	at org.eclipse.m2e.core.internal.embedder.MavenExecutionContext.executeBare(MavenExecutionContext.java:350) ~[na:na]
	at org.eclipse.m2e.core.internal.embedder.MavenExecutionContext.execute(MavenExecutionContext.java:262) ~[na:na]
	at org.eclipse.m2e.core.internal.embedder.MavenExecutionContext.execute(MavenExecutionContext.java:205) ~[na:na]
	at org.eclipse.m2e.core.internal.project.registry.ProjectRegistryRefreshJob.run(ProjectRegistryRefreshJob.java:104) ~[na:na]
	at org.eclipse.core.internal.jobs.Worker.run(Worker.java:63) ~[org.eclipse.core.jobs_3.13.100.v20220817-1539.jar:na]
2026-03-01 12:10:50,830 [Worker-25: Updating Maven Dependencies] ERROR o.e.m.j.i.l.MavenLaunchConfigurationListener - Launch configuration DemoApplication references non-existing project demo.
org.eclipse.core.runtime.CoreException: Launch configuration DemoApplication references non-existing project demo.
	at org.eclipse.jdt.launching.JavaRuntime.abort(JavaRuntime.java:1861) ~[na:na]
	at org.eclipse.jdt.launching.JavaRuntime.getJavaProject(JavaRuntime.java:1736) ~[na:na]
	at org.eclipse.m2e.jdt.internal.launch.MavenLaunchConfigurationListener.updateLaunchConfiguration(MavenLaunchConfigurationListener.java:64) ~[na:na]
	at org.eclipse.m2e.jdt.internal.launch.MavenLaunchConfigurationListener.launchConfigurationChanged(MavenLaunchConfigurationListener.java:50) ~[na:na]
	at org.eclipse.debug.internal.core.LaunchManager$ConfigurationNotifier.run(LaunchManager.java:225) ~[na:na]
	at org.eclipse.core.runtime.SafeRunner.run(SafeRunner.java:45) ~[org.eclipse.equinox.common_3.16.200.v20220817-1601.jar:na]
	at org.eclipse.debug.internal.core.LaunchManager$ConfigurationNotifier.notify(LaunchManager.java:209) ~[na:na]
	at org.eclipse.debug.internal.core.LaunchManager.launchConfigurationChanged(LaunchManager.java:2147) ~[na:na]
	at org.eclipse.debug.internal.core.LaunchConfigurationWorkingCopy.writeNewFile(LaunchConfigurationWorkingCopy.java:377) ~[na:na]
	at org.eclipse.debug.internal.core.LaunchConfigurationWorkingCopy.doSave0(LaunchConfigurationWorkingCopy.java:259) ~[na:na]
	at org.eclipse.debug.internal.core.LaunchConfigurationWorkingCopy.doSave(LaunchConfigurationWorkingCopy.java:229) ~[na:na]
	at org.eclipse.debug.internal.core.LaunchConfigurationWorkingCopy.doSave(LaunchConfigurationWorkingCopy.java:187) ~[na:na]
	at org.eclipse.m2e.jdt.internal.launch.MavenRuntimeClasspathProvider.disable(MavenRuntimeClasspathProvider.java:412) ~[na:na]
	at org.eclipse.m2e.jdt.internal.launch.MavenRuntimeClasspathProvider.disable(MavenRuntimeClasspathProvider.java:436) ~[na:na]
	at org.eclipse.m2e.jdt.internal.launch.MavenLaunchConfigurationListener.mavenProjectChanged(MavenLaunchConfigurationListener.java:135) ~[na:na]
	at org.eclipse.m2e.core.internal.project.registry.ProjectRegistryManager.notifyProjectChangeListeners(ProjectRegistryManager.java:827) ~[na:na]
	at org.eclipse.m2e.core.internal.project.registry.ProjectRegistryManager.applyMutableProjectRegistry(ProjectRegistryManager.java:982) ~[na:na]
	at org.eclipse.m2e.core.internal.project.registry.ProjectRegistryRefreshJob.lambda$0(ProjectRegistryRefreshJob.java:170) ~[na:na]
	at org.eclipse.m2e.core.internal.embedder.MavenExecutionContext.executeBare(MavenExecutionContext.java:350) ~[na:na]
	at org.eclipse.m2e.core.internal.embedder.MavenExecutionContext.execute(MavenExecutionContext.java:262) ~[na:na]
	at org.eclipse.m2e.core.internal.embedder.MavenExecutionContext.execute(MavenExecutionContext.java:205) ~[na:na]
	at org.eclipse.m2e.core.internal.project.registry.ProjectRegistryRefreshJob.run(ProjectRegistryRefreshJob.java:104) ~[na:na]
	at org.eclipse.core.internal.jobs.Worker.run(Worker.java:63) ~[org.eclipse.core.jobs_3.13.100.v20220817-1539.jar:na]
2026-03-01 12:11:19,022 [Worker-20: Importing Maven projects] INFO  o.e.m.c.i.l.LifecycleMappingFactory - Using org.eclipse.m2e.jdt.JarLifecycleMapping lifecycle mapping for MavenProject: com.demoplayer:demo:0.0.1-SNAPSHOT @ C:\Users\Expert\Downloads\demo\pom.xml.
2026-03-01 12:11:25,811 [Worker-20: Importing Maven projects] INFO  o.e.m.j.i.AbstractJavaProjectConfigurator - Adding source folder /demo/src/main/java
2026-03-01 12:11:25,812 [Worker-20: Importing Maven projects] INFO  o.e.m.j.i.AbstractJavaProjectConfigurator - Adding resource folder /demo/src/main/resources
2026-03-01 12:11:25,812 [Worker-20: Importing Maven projects] INFO  o.e.m.j.i.AbstractJavaProjectConfigurator - Adding resource folder /demo/src/main/resources
2026-03-01 12:11:25,813 [Worker-20: Importing Maven projects] INFO  o.e.m.j.i.AbstractJavaProjectConfigurator - Adding source folder /demo/src/test/java
2026-03-01 12:11:26,078 [Worker-20: Importing Maven projects] INFO  o.e.m.c.i.p.ProjectConfigurationManager - Imported and configured 1 project(s) in 13 sec
2026-03-01 12:11:27,531 [Worker-26: Building] INFO  o.a.m.s.f.DefaultMavenResourcesFiltering - Copying 3 resources from src\main\resources to target\classes
2026-03-01 12:11:27,582 [Worker-26: Building] INFO  o.a.m.s.f.DefaultMavenResourcesFiltering - Copying 0 resource from src\main\resources to target\classes
2026-03-01 12:11:27,591 [Worker-26: Building] INFO  o.a.m.s.f.DefaultMavenResourcesFiltering - skip non existing resourceDirectory C:\Users\Expert\Downloads\demo\src\test\resources
2026-03-01 12:11:48,876 [Worker-25: Building] INFO  o.a.m.s.f.DefaultMavenResourcesFiltering - Copying 0 resource from src\main\resources to target\classes
2026-03-01 12:11:48,877 [Worker-25: Building] INFO  o.a.m.s.f.DefaultMavenResourcesFiltering - Copying 0 resource from src\main\resources to target\classes
2026-03-01 12:11:48,884 [Worker-25: Building] INFO  o.a.m.s.f.DefaultMavenResourcesFiltering - skip non existing resourceDirectory C:\Users\Expert\Downloads\demo\src\test\resources
2026-03-01 12:12:09,470 [Worker-26: Updating Maven Dependencies] ERROR o.e.m.j.i.l.MavenLaunchConfigurationListener - Launch configuration DemoApplication references non-existing project demo.
org.eclipse.core.runtime.CoreException: Launch configuration DemoApplication references non-existing project demo.
	at org.eclipse.jdt.launching.JavaRuntime.abort(JavaRuntime.java:1861) ~[na:na]
	at org.eclipse.jdt.launching.JavaRuntime.getJavaProject(JavaRuntime.java:1736) ~[na:na]
	at org.eclipse.m2e.jdt.internal.launch.MavenLaunchConfigurationListener.updateLaunchConfiguration(MavenLaunchConfigurationListener.java:64) ~[na:na]
	at org.eclipse.m2e.jdt.internal.launch.MavenLaunchConfigurationListener.launchConfigurationChanged(MavenLaunchConfigurationListener.java:50) ~[na:na]
	at org.eclipse.debug.internal.core.LaunchManager$ConfigurationNotifier.run(LaunchManager.java:225) ~[na:na]
	at org.eclipse.core.runtime.SafeRunner.run(SafeRunner.java:45) ~[org.eclipse.equinox.common_3.16.200.v20220817-1601.jar:na]
	at org.eclipse.debug.internal.core.LaunchManager$ConfigurationNotifier.notify(LaunchManager.java:209) ~[na:na]
	at org.eclipse.debug.internal.core.LaunchConfigurationWorkingCopy.setDirty(LaunchConfigurationWorkingCopy.java:524) ~[na:na]
	at org.eclipse.debug.internal.core.LaunchConfigurationWorkingCopy.setAttribute(LaunchConfigurationWorkingCopy.java:412) ~[na:na]
	at org.eclipse.m2e.jdt.internal.launch.MavenRuntimeClasspathProvider.disable(MavenRuntimeClasspathProvider.java:410) ~[na:na]
	at org.eclipse.m2e.jdt.internal.launch.MavenRuntimeClasspathProvider.disable(MavenRuntimeClasspathProvider.java:436) ~[na:na]
	at org.eclipse.m2e.jdt.internal.launch.MavenLaunchConfigurationListener.mavenProjectChanged(MavenLaunchConfigurationListener.java:135) ~[na:na]
	at org.eclipse.m2e.core.internal.project.registry.ProjectRegistryManager.notifyProjectChangeListeners(ProjectRegistryManager.java:827) ~[na:na]
	at org.eclipse.m2e.core.internal.project.registry.ProjectRegistryManager.applyMutableProjectRegistry(ProjectRegistryManager.java:982) ~[na:na]
	at org.eclipse.m2e.core.internal.project.registry.ProjectRegistryRefreshJob.lambda$0(ProjectRegistryRefreshJob.java:170) ~[na:na]
	at org.eclipse.m2e.core.internal.embedder.MavenExecutionContext.executeBare(MavenExecutionContext.java:350) ~[na:na]
	at org.eclipse.m2e.core.internal.embedder.MavenExecutionContext.execute(MavenExecutionContext.java:262) ~[na:na]
	at org.eclipse.m2e.core.internal.embedder.MavenExecutionContext.execute(MavenExecutionContext.java:205) ~[na:na]
	at org.eclipse.m2e.core.internal.project.registry.ProjectRegistryRefreshJob.run(ProjectRegistryRefreshJob.java:104) ~[na:na]
	at org.eclipse.core.internal.jobs.Worker.run(Worker.java:63) ~[org.eclipse.core.jobs_3.13.100.v20220817-1539.jar:na]
2026-03-01 12:12:09,472 [Worker-26: Updating Maven Dependencies] ERROR o.e.m.j.i.l.MavenLaunchConfigurationListener - Launch configuration DemoApplication references non-existing project demo.
org.eclipse.core.runtime.CoreException: Launch configuration DemoApplication references non-existing project demo.
	at org.eclipse.jdt.launching.JavaRuntime.abort(JavaRuntime.java:1861) ~[na:na]
	at org.eclipse.jdt.launching.JavaRuntime.getJavaProject(JavaRuntime.java:1736) ~[na:na]
	at org.eclipse.m2e.jdt.internal.launch.MavenLaunchConfigurationListener.updateLaunchConfiguration(MavenLaunchConfigurationListener.java:64) ~[na:na]
	at org.eclipse.m2e.jdt.internal.launch.MavenLaunchConfigurationListener.launchConfigurationChanged(MavenLaunchConfigurationListener.java:50) ~[na:na]
	at org.eclipse.debug.internal.core.LaunchManager$ConfigurationNotifier.run(LaunchManager.java:225) ~[na:na]
	at org.eclipse.core.runtime.SafeRunner.run(SafeRunner.java:45) ~[org.eclipse.equinox.common_3.16.200.v20220817-1601.jar:na]
	at org.eclipse.debug.internal.core.LaunchManager$ConfigurationNotifier.notify(LaunchManager.java:209) ~[na:na]
	at org.eclipse.debug.internal.core.LaunchConfigurationWorkingCopy.setDirty(LaunchConfigurationWorkingCopy.java:524) ~[na:na]
	at org.eclipse.debug.internal.core.LaunchConfigurationWorkingCopy.setAttribute(LaunchConfigurationWorkingCopy.java:412) ~[na:na]
	at org.eclipse.m2e.jdt.internal.launch.MavenRuntimeClasspathProvider.disable(MavenRuntimeClasspathProvider.java:411) ~[na:na]
	at org.eclipse.m2e.jdt.internal.launch.MavenRuntimeClasspathProvider.disable(MavenRuntimeClasspathProvider.java:436) ~[na:na]
	at org.eclipse.m2e.jdt.internal.launch.MavenLaunchConfigurationListener.mavenProjectChanged(MavenLaunchConfigurationListener.java:135) ~[na:na]
	at org.eclipse.m2e.core.internal.project.registry.ProjectRegistryManager.notifyProjectChangeListeners(ProjectRegistryManager.java:827) ~[na:na]
	at org.eclipse.m2e.core.internal.project.registry.ProjectRegistryManager.applyMutableProjectRegistry(ProjectRegistryManager.java:982) ~[na:na]
	at org.eclipse.m2e.core.internal.project.registry.ProjectRegistryRefreshJob.lambda$0(ProjectRegistryRefreshJob.java:170) ~[na:na]
	at org.eclipse.m2e.core.internal.embedder.MavenExecutionContext.executeBare(MavenExecutionContext.java:350) ~[na:na]
	at org.eclipse.m2e.core.internal.embedder.MavenExecutionContext.execute(MavenExecutionContext.java:262) ~[na:na]
	at org.eclipse.m2e.core.internal.embedder.MavenExecutionContext.execute(MavenExecutionContext.java:205) ~[na:na]
	at org.eclipse.m2e.core.internal.project.registry.ProjectRegistryRefreshJob.run(ProjectRegistryRefreshJob.java:104) ~[na:na]
	at org.eclipse.core.internal.jobs.Worker.run(Worker.java:63) ~[org.eclipse.core.jobs_3.13.100.v20220817-1539.jar:na]
2026-03-01 12:12:09,480 [Worker-26: Updating Maven Dependencies] ERROR o.e.m.j.i.l.MavenLaunchConfigurationListener - Launch configuration DemoApplication references non-existing project demo.
org.eclipse.core.runtime.CoreException: Launch configuration DemoApplication references non-existing project demo.
	at org.eclipse.jdt.launching.JavaRuntime.abort(JavaRuntime.java:1861) ~[na:na]
	at org.eclipse.jdt.launching.JavaRuntime.getJavaProject(JavaRuntime.java:1736) ~[na:na]
	at org.eclipse.m2e.jdt.internal.launch.MavenLaunchConfigurationListener.updateLaunchConfiguration(MavenLaunchConfigurationListener.java:64) ~[na:na]
	at org.eclipse.m2e.jdt.internal.launch.MavenLaunchConfigurationListener.launchConfigurationChanged(MavenLaunchConfigurationListener.java:50) ~[na:na]
	at org.eclipse.debug.internal.core.LaunchManager$ConfigurationNotifier.run(LaunchManager.java:225) ~[na:na]
	at org.eclipse.core.runtime.SafeRunner.run(SafeRunner.java:45) ~[org.eclipse.equinox.common_3.16.200.v20220817-1601.jar:na]
	at org.eclipse.debug.internal.core.LaunchManager$ConfigurationNotifier.notify(LaunchManager.java:209) ~[na:na]
	at org.eclipse.debug.internal.core.LaunchManager.launchConfigurationChanged(LaunchManager.java:2147) ~[na:na]
	at org.eclipse.debug.internal.core.LaunchConfigurationWorkingCopy.writeNewFile(LaunchConfigurationWorkingCopy.java:377) ~[na:na]
	at org.eclipse.debug.internal.core.LaunchConfigurationWorkingCopy.doSave0(LaunchConfigurationWorkingCopy.java:259) ~[na:na]
	at org.eclipse.debug.internal.core.LaunchConfigurationWorkingCopy.doSave(LaunchConfigurationWorkingCopy.java:229) ~[na:na]
	at org.eclipse.debug.internal.core.LaunchConfigurationWorkingCopy.doSave(LaunchConfigurationWorkingCopy.java:187) ~[na:na]
	at org.eclipse.m2e.jdt.internal.launch.MavenRuntimeClasspathProvider.disable(MavenRuntimeClasspathProvider.java:412) ~[na:na]
	at org.eclipse.m2e.jdt.internal.launch.MavenRuntimeClasspathProvider.disable(MavenRuntimeClasspathProvider.java:436) ~[na:na]
	at org.eclipse.m2e.jdt.internal.launch.MavenLaunchConfigurationListener.mavenProjectChanged(MavenLaunchConfigurationListener.java:135) ~[na:na]
	at org.eclipse.m2e.core.internal.project.registry.ProjectRegistryManager.notifyProjectChangeListeners(ProjectRegistryManager.java:827) ~[na:na]
	at org.eclipse.m2e.core.internal.project.registry.ProjectRegistryManager.applyMutableProjectRegistry(ProjectRegistryManager.java:982) ~[na:na]
	at org.eclipse.m2e.core.internal.project.registry.ProjectRegistryRefreshJob.lambda$0(ProjectRegistryRefreshJob.java:170) ~[na:na]
	at org.eclipse.m2e.core.internal.embedder.MavenExecutionContext.executeBare(MavenExecutionContext.java:350) ~[na:na]
	at org.eclipse.m2e.core.internal.embedder.MavenExecutionContext.execute(MavenExecutionContext.java:262) ~[na:na]
	at org.eclipse.m2e.core.internal.embedder.MavenExecutionContext.execute(MavenExecutionContext.java:205) ~[na:na]
	at org.eclipse.m2e.core.internal.project.registry.ProjectRegistryRefreshJob.run(ProjectRegistryRefreshJob.java:104) ~[na:na]
	at org.eclipse.core.internal.jobs.Worker.run(Worker.java:63) ~[org.eclipse.core.jobs_3.13.100.v20220817-1539.jar:na]
2026-03-01 12:13:39,972 [Worker-20: Importing Maven projects] INFO  o.e.m.c.i.e.AbstractTransferListenerAdapter - Downloaded https://repo.maven.apache.org/maven2/org/springframework/boot/spring-boot-starter-parent/4.0.3/spring-boot-starter-parent-4.0.3.pom
2026-03-01 12:13:40,331 [Worker-20: Importing Maven projects] INFO  o.e.m.c.i.e.AbstractTransferListenerAdapter - Downloaded https://repo.maven.apache.org/maven2/org/springframework/boot/spring-boot-dependencies/4.0.3/spring-boot-dependencies-4.0.3.pom
2026-03-01 12:13:40,792 [Worker-20: Importing Maven projects] INFO  o.e.m.c.i.e.AbstractTransferListenerAdapter - Downloaded https://repo.maven.apache.org/maven2/org/assertj/assertj-bom/3.27.7/assertj-bom-3.27.7.pom
2026-03-01 12:13:41,053 [Worker-20: Importing Maven projects] INFO  o.e.m.c.i.e.AbstractTransferListenerAdapter - Downloaded https://repo.maven.apache.org/maven2/org/apache/groovy/groovy-bom/5.0.4/groovy-bom-5.0.4.pom
2026-03-01 12:13:41,414 [Worker-20: Importing Maven projects] INFO  o.e.m.c.i.e.AbstractTransferListenerAdapter - Downloaded https://repo.maven.apache.org/maven2/org/glassfish/jersey/jersey-bom/4.0.2/jersey-bom-4.0.2.pom
2026-03-01 12:13:41,778 [Worker-20: Importing Maven projects] INFO  o.e.m.c.i.e.AbstractTransferListenerAdapter - Downloaded https://repo.maven.apache.org/maven2/org/eclipse/jetty/ee11/jetty-ee11-bom/12.1.6/jetty-ee11-bom-12.1.6.pom
2026-03-01 12:13:42,120 [Worker-20: Importing Maven projects] INFO  o.e.m.c.i.e.AbstractTransferListenerAdapter - Downloaded https://repo.maven.apache.org/maven2/org/eclipse/jetty/jetty-bom/12.1.6/jetty-bom-12.1.6.pom
2026-03-01 12:13:42,309 [Worker-20: Importing Maven projects] INFO  o.e.m.c.i.e.AbstractTransferListenerAdapter - Downloaded https://repo.maven.apache.org/maven2/org/jooq/jooq-bom/3.19.30/jooq-bom-3.19.30.pom
2026-03-01 12:13:42,672 [Worker-20: Importing Maven projects] INFO  o.e.m.c.i.e.AbstractTransferListenerAdapter - Downloaded https://repo.maven.apache.org/maven2/org/junit/junit-bom/6.0.3/junit-bom-6.0.3.pom
2026-03-01 12:13:42,939 [Worker-20: Importing Maven projects] INFO  o.e.m.c.i.e.AbstractTransferListenerAdapter - Downloaded https://repo.maven.apache.org/maven2/io/micrometer/micrometer-bom/1.16.3/micrometer-bom-1.16.3.pom
2026-03-01 12:13:43,300 [Worker-20: Importing Maven projects] INFO  o.e.m.c.i.e.AbstractTransferListenerAdapter - Downloaded https://repo.maven.apache.org/maven2/io/micrometer/micrometer-tracing-bom/1.6.3/micrometer-tracing-bom-1.6.3.pom
2026-03-01 12:13:43,665 [Worker-20: Importing Maven projects] INFO  o.e.m.c.i.e.AbstractTransferListenerAdapter - Downloaded https://repo.maven.apache.org/maven2/org/mongodb/mongodb-driver-bom/5.6.3/mongodb-driver-bom-5.6.3.pom
2026-03-01 12:13:44,015 [Worker-20: Importing Maven projects] INFO  o.e.m.c.i.e.AbstractTransferListenerAdapter - Downloaded https://repo.maven.apache.org/maven2/io/netty/netty-bom/4.2.10.Final/netty-bom-4.2.10.Final.pom
2026-03-01 12:13:44,376 [Worker-20: Importing Maven projects] INFO  o.e.m.c.i.e.AbstractTransferListenerAdapter - Downloaded https://repo.maven.apache.org/maven2/io/projectreactor/reactor-bom/2025.0.3/reactor-bom-2025.0.3.pom
2026-03-01 12:13:44,642 [Worker-20: Importing Maven projects] INFO  o.e.m.c.i.e.AbstractTransferListenerAdapter - Downloaded https://repo.maven.apache.org/maven2/org/springframework/data/spring-data-bom/2025.1.3/spring-data-bom-2025.1.3.pom
2026-03-01 12:13:44,854 [Worker-20: Importing Maven projects] INFO  o.e.m.c.i.e.AbstractTransferListenerAdapter - Downloaded https://repo.maven.apache.org/maven2/org/springframework/spring-framework-bom/7.0.5/spring-framework-bom-7.0.5.pom
2026-03-01 12:13:45,009 [Worker-20: Importing Maven projects] INFO  o.e.m.c.i.e.AbstractTransferListenerAdapter - Downloaded https://repo.maven.apache.org/maven2/org/springframework/integration/spring-integration-bom/7.0.3/spring-integration-bom-7.0.3.pom
2026-03-01 12:13:45,168 [Worker-20: Importing Maven projects] INFO  o.e.m.c.i.e.AbstractTransferListenerAdapter - Downloaded https://repo.maven.apache.org/maven2/org/springframework/pulsar/spring-pulsar-bom/2.0.3/spring-pulsar-bom-2.0.3.pom
2026-03-01 12:13:45,343 [Worker-20: Importing Maven projects] INFO  o.e.m.c.i.e.AbstractTransferListenerAdapter - Downloaded https://repo.maven.apache.org/maven2/org/springframework/security/spring-security-bom/7.0.3/spring-security-bom-7.0.3.pom
2026-03-01 12:13:45,490 [Worker-20: Importing Maven projects] INFO  o.e.m.c.i.e.AbstractTransferListenerAdapter - Downloaded https://repo.maven.apache.org/maven2/org/springframework/session/spring-session-bom/4.0.2/spring-session-bom-4.0.2.pom
2026-03-01 12:13:47,863 [Worker-20: Importing Maven projects] INFO  o.e.m.c.i.l.LifecycleMappingFactory - Using org.eclipse.m2e.jdt.JarLifecycleMapping lifecycle mapping for MavenProject: com.infy:leave-service:0.0.1-SNAPSHOT @ C:\Users\Expert\Desktop\Spring REST API with Advance features\leave-service\pom.xml.
2026-03-01 12:13:51,133 [Worker-20: Importing Maven projects] INFO  o.e.m.c.i.e.AbstractTransferListenerAdapter - Downloaded https://repo.maven.apache.org/maven2/org/springframework/boot/spring-boot-maven-plugin/4.0.3/spring-boot-maven-plugin-4.0.3.pom
2026-03-01 12:13:51,200 [Worker-20: Importing Maven projects] INFO  o.e.m.c.i.e.AbstractTransferListenerAdapter - Downloading https://repo.maven.apache.org/maven2/org/springframework/boot/spring-boot-maven-plugin/4.0.3/spring-boot-maven-plugin-4.0.3.jar
2026-03-01 12:13:51,388 [Worker-20: Importing Maven projects] INFO  o.e.m.c.i.e.AbstractTransferListenerAdapter - Downloaded https://repo.maven.apache.org/maven2/org/springframework/boot/spring-boot-maven-plugin/4.0.3/spring-boot-maven-plugin-4.0.3.jar
2026-03-01 12:13:51,475 [Worker-20: Importing Maven projects] INFO  o.e.m.c.i.l.LifecycleMappingFactory - Using org.eclipse.m2e.jdt.JarLifecycleMapping lifecycle mapping for MavenProject: com.practice:demo:0.0.1-SNAPSHOT @ C:\Users\Expert\Desktop\Spring REST API with Advance features\demo\pom.xml.
2026-03-01 12:13:51,636 [Worker-20: Importing Maven projects] INFO  o.e.m.c.i.e.AbstractTransferListenerAdapter - Downloaded https://repo.maven.apache.org/maven2/org/springframework/boot/spring-boot-starter/4.0.3/spring-boot-starter-4.0.3.pom
2026-03-01 12:13:51,796 [Worker-20: Importing Maven projects] INFO  o.e.m.c.i.e.AbstractTransferListenerAdapter - Downloaded https://repo.maven.apache.org/maven2/org/springframework/boot/spring-boot-starter-logging/4.0.3/spring-boot-starter-logging-4.0.3.pom
2026-03-01 12:13:51,966 [Worker-20: Importing Maven projects] INFO  o.e.m.c.i.e.AbstractTransferListenerAdapter - Downloaded https://repo.maven.apache.org/maven2/ch/qos/logback/logback-classic/1.5.32/logback-classic-1.5.32.pom
2026-03-01 12:13:52,111 [Worker-20: Importing Maven projects] INFO  o.e.m.c.i.e.AbstractTransferListenerAdapter - Downloaded https://repo.maven.apache.org/maven2/ch/qos/logback/logback-parent/1.5.32/logback-parent-1.5.32.pom
2026-03-01 12:13:52,316 [Worker-20: Importing Maven projects] INFO  o.e.m.c.i.e.AbstractTransferListenerAdapter - Downloaded https://repo.maven.apache.org/maven2/ch/qos/logback/logback-core/1.5.32/logback-core-1.5.32.pom
2026-03-01 12:13:52,500 [Worker-20: Importing Maven projects] INFO  o.e.m.c.i.e.AbstractTransferListenerAdapter - Downloaded https://repo.maven.apache.org/maven2/org/springframework/boot/spring-boot-autoconfigure/4.0.3/spring-boot-autoconfigure-4.0.3.pom
2026-03-01 12:13:52,650 [Worker-20: Importing Maven projects] INFO  o.e.m.c.i.e.AbstractTransferListenerAdapter - Downloaded https://repo.maven.apache.org/maven2/org/springframework/boot/spring-boot/4.0.3/spring-boot-4.0.3.pom
2026-03-01 12:13:52,818 [Worker-20: Importing Maven projects] INFO  o.e.m.c.i.e.AbstractTransferListenerAdapter - Downloaded https://repo.maven.apache.org/maven2/org/springframework/spring-core/7.0.5/spring-core-7.0.5.pom
2026-03-01 12:13:52,959 [Worker-20: Importing Maven projects] INFO  o.e.m.c.i.e.AbstractTransferListenerAdapter - Downloaded https://repo.maven.apache.org/maven2/org/springframework/spring-context/7.0.5/spring-context-7.0.5.pom
2026-03-01 12:13:53,107 [Worker-20: Importing Maven projects] INFO  o.e.m.c.i.e.AbstractTransferListenerAdapter - Downloaded https://repo.maven.apache.org/maven2/org/springframework/spring-aop/7.0.5/spring-aop-7.0.5.pom
2026-03-01 12:13:53,290 [Worker-20: Importing Maven projects] INFO  o.e.m.c.i.e.AbstractTransferListenerAdapter - Downloaded https://repo.maven.apache.org/maven2/org/springframework/spring-beans/7.0.5/spring-beans-7.0.5.pom
2026-03-01 12:13:53,444 [Worker-20: Importing Maven projects] INFO  o.e.m.c.i.e.AbstractTransferListenerAdapter - Downloaded https://repo.maven.apache.org/maven2/org/springframework/spring-expression/7.0.5/spring-expression-7.0.5.pom
2026-03-01 12:13:53,613 [Worker-20: Importing Maven projects] INFO  o.e.m.c.i.e.AbstractTransferListenerAdapter - Downloaded https://repo.maven.apache.org/maven2/io/micrometer/micrometer-observation/1.16.3/micrometer-observation-1.16.3.pom
2026-03-01 12:13:53,777 [Worker-20: Importing Maven projects] INFO  o.e.m.c.i.e.AbstractTransferListenerAdapter - Downloaded https://repo.maven.apache.org/maven2/io/micrometer/micrometer-commons/1.16.3/micrometer-commons-1.16.3.pom
2026-03-01 12:13:53,949 [Worker-20: Importing Maven projects] INFO  o.e.m.c.i.e.AbstractTransferListenerAdapter - Downloaded https://repo.maven.apache.org/maven2/org/springframework/boot/spring-boot-starter-test/4.0.3/spring-boot-starter-test-4.0.3.pom
2026-03-01 12:13:54,109 [Worker-20: Importing Maven projects] INFO  o.e.m.c.i.e.AbstractTransferListenerAdapter - Downloaded https://repo.maven.apache.org/maven2/org/springframework/boot/spring-boot-test/4.0.3/spring-boot-test-4.0.3.pom
2026-03-01 12:13:54,276 [Worker-20: Importing Maven projects] INFO  o.e.m.c.i.e.AbstractTransferListenerAdapter - Downloaded https://repo.maven.apache.org/maven2/org/springframework/spring-test/7.0.5/spring-test-7.0.5.pom
2026-03-01 12:13:54,432 [Worker-20: Importing Maven projects] INFO  o.e.m.c.i.e.AbstractTransferListenerAdapter - Downloaded https://repo.maven.apache.org/maven2/org/springframework/boot/spring-boot-test-autoconfigure/4.0.3/spring-boot-test-autoconfigure-4.0.3.pom
2026-03-01 12:13:54,583 [Worker-20: Importing Maven projects] INFO  o.e.m.c.i.e.AbstractTransferListenerAdapter - Downloaded https://repo.maven.apache.org/maven2/org/assertj/assertj-core/3.27.7/assertj-core-3.27.7.pom
2026-03-01 12:13:54,725 [Worker-20: Importing Maven projects] INFO  o.e.m.c.i.e.AbstractTransferListenerAdapter - Downloaded https://repo.maven.apache.org/maven2/org/junit/jupiter/junit-jupiter/6.0.3/junit-jupiter-6.0.3.pom
2026-03-01 12:13:55,020 [Worker-20: Importing Maven projects] INFO  o.e.m.c.i.e.AbstractTransferListenerAdapter - Downloaded https://repo.maven.apache.org/maven2/org/junit/jupiter/junit-jupiter-api/6.0.3/junit-jupiter-api-6.0.3.pom
2026-03-01 12:13:55,205 [Worker-20: Importing Maven projects] INFO  o.e.m.c.i.e.AbstractTransferListenerAdapter - Downloaded https://repo.maven.apache.org/maven2/org/junit/platform/junit-platform-commons/6.0.3/junit-platform-commons-6.0.3.pom
2026-03-01 12:13:55,559 [Worker-20: Importing Maven projects] INFO  o.e.m.c.i.e.AbstractTransferListenerAdapter - Downloaded https://repo.maven.apache.org/maven2/org/junit/jupiter/junit-jupiter-params/6.0.3/junit-jupiter-params-6.0.3.pom
2026-03-01 12:13:55,754 [Worker-20: Importing Maven projects] INFO  o.e.m.c.i.e.AbstractTransferListenerAdapter - Downloaded https://repo.maven.apache.org/maven2/org/junit/jupiter/junit-jupiter-engine/6.0.3/junit-jupiter-engine-6.0.3.pom
2026-03-01 12:13:56,009 [Worker-20: Importing Maven projects] INFO  o.e.m.c.i.e.AbstractTransferListenerAdapter - Downloaded https://repo.maven.apache.org/maven2/org/junit/platform/junit-platform-engine/6.0.3/junit-platform-engine-6.0.3.pom
2026-03-01 12:13:56,175 [AetherRepositoryConnector-repo.maven.apache.org-0-1] INFO  o.e.m.c.i.e.AbstractTransferListenerAdapter - Downloading https://repo.maven.apache.org/maven2/org/springframework/boot/spring-boot-starter-logging/4.0.3/spring-boot-starter-logging-4.0.3.jar
2026-03-01 12:13:56,278 [AetherRepositoryConnector-repo.maven.apache.org-0-2] INFO  o.e.m.c.i.e.AbstractTransferListenerAdapter - Downloading https://repo.maven.apache.org/maven2/ch/qos/logback/logback-classic/1.5.32/logback-classic-1.5.32.jar
2026-03-01 12:13:56,287 [AetherRepositoryConnector-repo.maven.apache.org-0-3] INFO  o.e.m.c.i.e.AbstractTransferListenerAdapter - Downloading https://repo.maven.apache.org/maven2/ch/qos/logback/logback-core/1.5.32/logback-core-1.5.32.jar
2026-03-01 12:13:56,287 [AetherRepositoryConnector-repo.maven.apache.org-0-4] INFO  o.e.m.c.i.e.AbstractTransferListenerAdapter - Downloading https://repo.maven.apache.org/maven2/org/springframework/boot/spring-boot-autoconfigure/4.0.3/spring-boot-autoconfigure-4.0.3.jar
2026-03-01 12:13:56,287 [AetherRepositoryConnector-repo.maven.apache.org-0-0] INFO  o.e.m.c.i.e.AbstractTransferListenerAdapter - Downloading https://repo.maven.apache.org/maven2/org/springframework/boot/spring-boot-starter/4.0.3/spring-boot-starter-4.0.3.jar
2026-03-01 12:13:57,471 [AetherRepositoryConnector-repo.maven.apache.org-0-1] INFO  o.e.m.c.i.e.AbstractTransferListenerAdapter - Downloaded https://repo.maven.apache.org/maven2/org/springframework/boot/spring-boot-starter-logging/4.0.3/spring-boot-starter-logging-4.0.3.jar
2026-03-01 12:13:57,717 [AetherRepositoryConnector-repo.maven.apache.org-0-1] INFO  o.e.m.c.i.e.AbstractTransferListenerAdapter - Downloading https://repo.maven.apache.org/maven2/org/springframework/boot/spring-boot/4.0.3/spring-boot-4.0.3.jar
2026-03-01 12:13:58,991 [AetherRepositoryConnector-repo.maven.apache.org-0-0] INFO  o.e.m.c.i.e.AbstractTransferListenerAdapter - Downloaded https://repo.maven.apache.org/maven2/org/springframework/boot/spring-boot-starter/4.0.3/spring-boot-starter-4.0.3.jar
2026-03-01 12:13:59,077 [AetherRepositoryConnector-repo.maven.apache.org-0-4] INFO  o.e.m.c.i.e.AbstractTransferListenerAdapter - Downloaded https://repo.maven.apache.org/maven2/org/springframework/boot/spring-boot-autoconfigure/4.0.3/spring-boot-autoconfigure-4.0.3.jar
2026-03-01 12:13:59,077 [AetherRepositoryConnector-repo.maven.apache.org-0-2] INFO  o.e.m.c.i.e.AbstractTransferListenerAdapter - Downloaded https://repo.maven.apache.org/maven2/ch/qos/logback/logback-classic/1.5.32/logback-classic-1.5.32.jar
2026-03-01 12:13:59,145 [AetherRepositoryConnector-repo.maven.apache.org-0-0] INFO  o.e.m.c.i.e.AbstractTransferListenerAdapter - Downloading https://repo.maven.apache.org/maven2/org/springframework/spring-context/7.0.5/spring-context-7.0.5.jar
2026-03-01 12:13:59,334 [AetherRepositoryConnector-repo.maven.apache.org-0-2] INFO  o.e.m.c.i.e.AbstractTransferListenerAdapter - Downloading https://repo.maven.apache.org/maven2/org/springframework/spring-beans/7.0.5/spring-beans-7.0.5.jar
2026-03-01 12:13:59,334 [AetherRepositoryConnector-repo.maven.apache.org-0-4] INFO  o.e.m.c.i.e.AbstractTransferListenerAdapter - Downloading https://repo.maven.apache.org/maven2/org/springframework/spring-aop/7.0.5/spring-aop-7.0.5.jar
2026-03-01 12:13:59,443 [AetherRepositoryConnector-repo.maven.apache.org-0-1] INFO  o.e.m.c.i.e.AbstractTransferListenerAdapter - Downloaded https://repo.maven.apache.org/maven2/org/springframework/boot/spring-boot/4.0.3/spring-boot-4.0.3.jar
2026-03-01 12:13:59,705 [AetherRepositoryConnector-repo.maven.apache.org-0-1] INFO  o.e.m.c.i.e.AbstractTransferListenerAdapter - Downloading https://repo.maven.apache.org/maven2/org/springframework/spring-expression/7.0.5/spring-expression-7.0.5.jar
2026-03-01 12:13:59,880 [AetherRepositoryConnector-repo.maven.apache.org-0-3] INFO  o.e.m.c.i.e.AbstractTransferListenerAdapter - Downloaded https://repo.maven.apache.org/maven2/ch/qos/logback/logback-core/1.5.32/logback-core-1.5.32.jar
2026-03-01 12:13:59,982 [AetherRepositoryConnector-repo.maven.apache.org-0-3] INFO  o.e.m.c.i.e.AbstractTransferListenerAdapter - Downloading https://repo.maven.apache.org/maven2/io/micrometer/micrometer-observation/1.16.3/micrometer-observation-1.16.3.jar
2026-03-01 12:14:01,611 [AetherRepositoryConnector-repo.maven.apache.org-0-3] INFO  o.e.m.c.i.e.AbstractTransferListenerAdapter - Downloaded https://repo.maven.apache.org/maven2/io/micrometer/micrometer-observation/1.16.3/micrometer-observation-1.16.3.jar
2026-03-01 12:14:01,792 [AetherRepositoryConnector-repo.maven.apache.org-0-1] INFO  o.e.m.c.i.e.AbstractTransferListenerAdapter - Downloaded https://repo.maven.apache.org/maven2/org/springframework/spring-expression/7.0.5/spring-expression-7.0.5.jar
2026-03-01 12:14:01,792 [AetherRepositoryConnector-repo.maven.apache.org-0-4] INFO  o.e.m.c.i.e.AbstractTransferListenerAdapter - Downloaded https://repo.maven.apache.org/maven2/org/springframework/spring-aop/7.0.5/spring-aop-7.0.5.jar
2026-03-01 12:14:01,952 [AetherRepositoryConnector-repo.maven.apache.org-0-3] INFO  o.e.m.c.i.e.AbstractTransferListenerAdapter - Downloading https://repo.maven.apache.org/maven2/io/micrometer/micrometer-commons/1.16.3/micrometer-commons-1.16.3.jar
2026-03-01 12:14:02,045 [AetherRepositoryConnector-repo.maven.apache.org-0-1] INFO  o.e.m.c.i.e.AbstractTransferListenerAdapter - Downloading https://repo.maven.apache.org/maven2/org/springframework/boot/spring-boot-starter-test/4.0.3/spring-boot-starter-test-4.0.3.jar
2026-03-01 12:14:02,047 [AetherRepositoryConnector-repo.maven.apache.org-0-4] INFO  o.e.m.c.i.e.AbstractTransferListenerAdapter - Downloading https://repo.maven.apache.org/maven2/org/springframework/boot/spring-boot-test/4.0.3/spring-boot-test-4.0.3.jar
2026-03-01 12:14:02,244 [AetherRepositoryConnector-repo.maven.apache.org-0-1] INFO  o.e.m.c.i.e.AbstractTransferListenerAdapter - Downloaded https://repo.maven.apache.org/maven2/org/springframework/boot/spring-boot-starter-test/4.0.3/spring-boot-starter-test-4.0.3.jar
2026-03-01 12:14:02,244 [AetherRepositoryConnector-repo.maven.apache.org-0-0] INFO  o.e.m.c.i.e.AbstractTransferListenerAdapter - Downloaded https://repo.maven.apache.org/maven2/org/springframework/spring-context/7.0.5/spring-context-7.0.5.jar
2026-03-01 12:14:02,244 [AetherRepositoryConnector-repo.maven.apache.org-0-3] INFO  o.e.m.c.i.e.AbstractTransferListenerAdapter - Downloaded https://repo.maven.apache.org/maven2/io/micrometer/micrometer-commons/1.16.3/micrometer-commons-1.16.3.jar
2026-03-01 12:14:02,246 [AetherRepositoryConnector-repo.maven.apache.org-0-2] INFO  o.e.m.c.i.e.AbstractTransferListenerAdapter - Downloaded https://repo.maven.apache.org/maven2/org/springframework/spring-beans/7.0.5/spring-beans-7.0.5.jar
2026-03-01 12:14:02,390 [AetherRepositoryConnector-repo.maven.apache.org-0-0] INFO  o.e.m.c.i.e.AbstractTransferListenerAdapter - Downloading https://repo.maven.apache.org/maven2/org/assertj/assertj-core/3.27.7/assertj-core-3.27.7.jar
2026-03-01 12:14:02,399 [AetherRepositoryConnector-repo.maven.apache.org-0-1] INFO  o.e.m.c.i.e.AbstractTransferListenerAdapter - Downloading https://repo.maven.apache.org/maven2/org/springframework/boot/spring-boot-test-autoconfigure/4.0.3/spring-boot-test-autoconfigure-4.0.3.jar
2026-03-01 12:14:02,572 [AetherRepositoryConnector-repo.maven.apache.org-0-3] INFO  o.e.m.c.i.e.AbstractTransferListenerAdapter - Downloading https://repo.maven.apache.org/maven2/org/junit/jupiter/junit-jupiter/6.0.3/junit-jupiter-6.0.3.jar
2026-03-01 12:14:02,572 [AetherRepositoryConnector-repo.maven.apache.org-0-2] INFO  o.e.m.c.i.e.AbstractTransferListenerAdapter - Downloading https://repo.maven.apache.org/maven2/org/junit/jupiter/junit-jupiter-api/6.0.3/junit-jupiter-api-6.0.3.jar
2026-03-01 12:14:02,950 [AetherRepositoryConnector-repo.maven.apache.org-0-4] INFO  o.e.m.c.i.e.AbstractTransferListenerAdapter - Downloaded https://repo.maven.apache.org/maven2/org/springframework/boot/spring-boot-test/4.0.3/spring-boot-test-4.0.3.jar
2026-03-01 12:14:03,213 [AetherRepositoryConnector-repo.maven.apache.org-0-4] INFO  o.e.m.c.i.e.AbstractTransferListenerAdapter - Downloading https://repo.maven.apache.org/maven2/org/junit/platform/junit-platform-commons/6.0.3/junit-platform-commons-6.0.3.jar
2026-03-01 12:14:03,235 [AetherRepositoryConnector-repo.maven.apache.org-0-1] INFO  o.e.m.c.i.e.AbstractTransferListenerAdapter - Downloaded https://repo.maven.apache.org/maven2/org/springframework/boot/spring-boot-test-autoconfigure/4.0.3/spring-boot-test-autoconfigure-4.0.3.jar
2026-03-01 12:14:03,479 [AetherRepositoryConnector-repo.maven.apache.org-0-1] INFO  o.e.m.c.i.e.AbstractTransferListenerAdapter - Downloading https://repo.maven.apache.org/maven2/org/junit/jupiter/junit-jupiter-params/6.0.3/junit-jupiter-params-6.0.3.jar
2026-03-01 12:14:03,510 [AetherRepositoryConnector-repo.maven.apache.org-0-3] INFO  o.e.m.c.i.e.AbstractTransferListenerAdapter - Downloaded https://repo.maven.apache.org/maven2/org/junit/jupiter/junit-jupiter/6.0.3/junit-jupiter-6.0.3.jar
2026-03-01 12:14:03,850 [AetherRepositoryConnector-repo.maven.apache.org-0-3] INFO  o.e.m.c.i.e.AbstractTransferListenerAdapter - Downloading https://repo.maven.apache.org/maven2/org/junit/jupiter/junit-jupiter-engine/6.0.3/junit-jupiter-engine-6.0.3.jar
2026-03-01 12:14:03,877 [AetherRepositoryConnector-repo.maven.apache.org-0-2] INFO  o.e.m.c.i.e.AbstractTransferListenerAdapter - Downloaded https://repo.maven.apache.org/maven2/org/junit/jupiter/junit-jupiter-api/6.0.3/junit-jupiter-api-6.0.3.jar
2026-03-01 12:14:04,110 [AetherRepositoryConnector-repo.maven.apache.org-0-2] INFO  o.e.m.c.i.e.AbstractTransferListenerAdapter - Downloading https://repo.maven.apache.org/maven2/org/junit/platform/junit-platform-engine/6.0.3/junit-platform-engine-6.0.3.jar
2026-03-01 12:14:04,295 [AetherRepositoryConnector-repo.maven.apache.org-0-4] INFO  o.e.m.c.i.e.AbstractTransferListenerAdapter - Downloaded https://repo.maven.apache.org/maven2/org/junit/platform/junit-platform-commons/6.0.3/junit-platform-commons-6.0.3.jar
2026-03-01 12:14:04,642 [AetherRepositoryConnector-repo.maven.apache.org-0-4] INFO  o.e.m.c.i.e.AbstractTransferListenerAdapter - Downloading https://repo.maven.apache.org/maven2/org/springframework/spring-core/7.0.5/spring-core-7.0.5.jar
2026-03-01 12:14:04,835 [AetherRepositoryConnector-repo.maven.apache.org-0-1] INFO  o.e.m.c.i.e.AbstractTransferListenerAdapter - Downloaded https://repo.maven.apache.org/maven2/org/junit/jupiter/junit-jupiter-params/6.0.3/junit-jupiter-params-6.0.3.jar
2026-03-01 12:14:05,090 [AetherRepositoryConnector-repo.maven.apache.org-0-1] INFO  o.e.m.c.i.e.AbstractTransferListenerAdapter - Downloading https://repo.maven.apache.org/maven2/org/springframework/spring-test/7.0.5/spring-test-7.0.5.jar
2026-03-01 12:14:05,128 [AetherRepositoryConnector-repo.maven.apache.org-0-3] INFO  o.e.m.c.i.e.AbstractTransferListenerAdapter - Downloaded https://repo.maven.apache.org/maven2/org/junit/jupiter/junit-jupiter-engine/6.0.3/junit-jupiter-engine-6.0.3.jar
2026-03-01 12:14:05,387 [AetherRepositoryConnector-repo.maven.apache.org-0-0] INFO  o.e.m.c.i.e.AbstractTransferListenerAdapter - Downloaded https://repo.maven.apache.org/maven2/org/assertj/assertj-core/3.27.7/assertj-core-3.27.7.jar
2026-03-01 12:14:05,548 [AetherRepositoryConnector-repo.maven.apache.org-0-2] INFO  o.e.m.c.i.e.AbstractTransferListenerAdapter - Downloaded https://repo.maven.apache.org/maven2/org/junit/platform/junit-platform-engine/6.0.3/junit-platform-engine-6.0.3.jar
2026-03-01 12:14:07,725 [AetherRepositoryConnector-repo.maven.apache.org-0-1] INFO  o.e.m.c.i.e.AbstractTransferListenerAdapter - Downloaded https://repo.maven.apache.org/maven2/org/springframework/spring-test/7.0.5/spring-test-7.0.5.jar
2026-03-01 12:14:07,979 [AetherRepositoryConnector-repo.maven.apache.org-0-4] INFO  o.e.m.c.i.e.AbstractTransferListenerAdapter - Downloaded https://repo.maven.apache.org/maven2/org/springframework/spring-core/7.0.5/spring-core-7.0.5.jar
2026-03-01 12:14:08,206 [Worker-20: Importing Maven projects] INFO  o.e.m.c.i.l.LifecycleMappingFactory - Using org.eclipse.m2e.jdt.JarLifecycleMapping lifecycle mapping for MavenProject: com.infy.ems:employee-service:0.0.1-SNAPSHOT @ C:\Users\Expert\Desktop\Spring REST API with Advance features\EmployeeService\pom.xml.
2026-03-01 12:14:13,359 [Worker-20: Importing Maven projects] ERROR o.e.m.j.i.l.MavenLaunchConfigurationListener - Launch configuration DemoApplication references non-existing project demo.
org.eclipse.core.runtime.CoreException: Launch configuration DemoApplication references non-existing project demo.
	at org.eclipse.jdt.launching.JavaRuntime.abort(JavaRuntime.java:1861) ~[na:na]
	at org.eclipse.jdt.launching.JavaRuntime.getJavaProject(JavaRuntime.java:1736) ~[na:na]
	at org.eclipse.m2e.jdt.internal.launch.MavenLaunchConfigurationListener.updateLaunchConfiguration(MavenLaunchConfigurationListener.java:64) ~[na:na]
	at org.eclipse.m2e.jdt.internal.launch.MavenLaunchConfigurationListener.launchConfigurationChanged(MavenLaunchConfigurationListener.java:50) ~[na:na]
	at org.eclipse.debug.internal.core.LaunchManager$ConfigurationNotifier.run(LaunchManager.java:225) ~[na:na]
	at org.eclipse.core.runtime.SafeRunner.run(SafeRunner.java:45) ~[org.eclipse.equinox.common_3.16.200.v20220817-1601.jar:na]
	at org.eclipse.debug.internal.core.LaunchManager$ConfigurationNotifier.notify(LaunchManager.java:209) ~[na:na]
	at org.eclipse.debug.internal.core.LaunchConfigurationWorkingCopy.setDirty(LaunchConfigurationWorkingCopy.java:524) ~[na:na]
	at org.eclipse.debug.internal.core.LaunchConfigurationWorkingCopy.setAttribute(LaunchConfigurationWorkingCopy.java:412) ~[na:na]
	at org.eclipse.m2e.jdt.internal.launch.MavenRuntimeClasspathProvider.enable(MavenRuntimeClasspathProvider.java:404) ~[na:na]
	at org.eclipse.m2e.jdt.internal.launch.MavenRuntimeClasspathProvider.enable(MavenRuntimeClasspathProvider.java:398) ~[na:na]
	at org.eclipse.m2e.jdt.internal.launch.MavenRuntimeClasspathProvider.enable(MavenRuntimeClasspathProvider.java:428) ~[na:na]
	at org.eclipse.m2e.jdt.internal.launch.MavenLaunchConfigurationListener.mavenProjectChanged(MavenLaunchConfigurationListener.java:132) ~[na:na]
	at org.eclipse.m2e.core.internal.project.registry.ProjectRegistryManager.notifyProjectChangeListeners(ProjectRegistryManager.java:827) ~[na:na]
	at org.eclipse.m2e.core.internal.project.registry.ProjectRegistryManager.applyMutableProjectRegistry(ProjectRegistryManager.java:982) ~[na:na]
	at org.eclipse.m2e.core.internal.project.registry.ProjectRegistryManager.refresh(ProjectRegistryManager.java:323) ~[na:na]
	at org.eclipse.m2e.core.internal.project.ProjectConfigurationManager.configureNewMavenProjects(ProjectConfigurationManager.java:255) ~[na:na]
	at org.eclipse.m2e.core.internal.project.ProjectConfigurationManager.lambda$1(ProjectConfigurationManager.java:165) ~[na:na]
	at org.eclipse.m2e.core.internal.embedder.MavenExecutionContext.executeBare(MavenExecutionContext.java:350) ~[na:na]
	at org.eclipse.m2e.core.internal.embedder.MavenExecutionContext.execute(MavenExecutionContext.java:262) ~[na:na]
	at org.eclipse.m2e.core.internal.embedder.MavenExecutionContext.execute(MavenExecutionContext.java:205) ~[na:na]
	at org.eclipse.m2e.core.internal.project.ProjectConfigurationManager.importProjects(ProjectConfigurationManager.java:138) ~[na:na]
	at org.eclipse.m2e.core.ui.internal.wizards.ImportMavenProjectsJob$1.doCreateMavenProjects(ImportMavenProjectsJob.java:70) ~[org.eclipse.m2e.core.ui_2.0.0.20220726-0935.jar:na]
	at org.eclipse.m2e.core.ui.internal.wizards.AbstractCreateMavenProjectsOperation.run(AbstractCreateMavenProjectsOperation.java:57) ~[org.eclipse.m2e.core.ui_2.0.0.20220726-0935.jar:na]
	at org.eclipse.m2e.core.ui.internal.wizards.ImportMavenProjectsJob.runInWorkspace(ImportMavenProjectsJob.java:79) ~[org.eclipse.m2e.core.ui_2.0.0.20220726-0935.jar:na]
	at org.eclipse.core.internal.resources.InternalWorkspaceJob.run(InternalWorkspaceJob.java:43) ~[na:na]
	at org.eclipse.core.internal.jobs.Worker.run(Worker.java:63) ~[org.eclipse.core.jobs_3.13.100.v20220817-1539.jar:na]
2026-03-01 12:14:13,362 [Worker-20: Importing Maven projects] ERROR o.e.m.j.i.l.MavenLaunchConfigurationListener - Launch configuration DemoApplication references non-existing project demo.
org.eclipse.core.runtime.CoreException: Launch configuration DemoApplication references non-existing project demo.
	at org.eclipse.jdt.launching.JavaRuntime.abort(JavaRuntime.java:1861) ~[na:na]
	at org.eclipse.jdt.launching.JavaRuntime.getJavaProject(JavaRuntime.java:1736) ~[na:na]
	at org.eclipse.m2e.jdt.internal.launch.MavenLaunchConfigurationListener.updateLaunchConfiguration(MavenLaunchConfigurationListener.java:64) ~[na:na]
	at org.eclipse.m2e.jdt.internal.launch.MavenLaunchConfigurationListener.launchConfigurationChanged(MavenLaunchConfigurationListener.java:50) ~[na:na]
	at org.eclipse.debug.internal.core.LaunchManager$ConfigurationNotifier.run(LaunchManager.java:225) ~[na:na]
	at org.eclipse.core.runtime.SafeRunner.run(SafeRunner.java:45) ~[org.eclipse.equinox.common_3.16.200.v20220817-1601.jar:na]
	at org.eclipse.debug.internal.core.LaunchManager$ConfigurationNotifier.notify(LaunchManager.java:209) ~[na:na]
	at org.eclipse.debug.internal.core.LaunchConfigurationWorkingCopy.setDirty(LaunchConfigurationWorkingCopy.java:524) ~[na:na]
	at org.eclipse.debug.internal.core.LaunchConfigurationWorkingCopy.setAttribute(LaunchConfigurationWorkingCopy.java:412) ~[na:na]
	at org.eclipse.m2e.jdt.internal.launch.MavenRuntimeClasspathProvider.enable(MavenRuntimeClasspathProvider.java:405) ~[na:na]
	at org.eclipse.m2e.jdt.internal.launch.MavenRuntimeClasspathProvider.enable(MavenRuntimeClasspathProvider.java:398) ~[na:na]
	at org.eclipse.m2e.jdt.internal.launch.MavenRuntimeClasspathProvider.enable(MavenRuntimeClasspathProvider.java:428) ~[na:na]
	at org.eclipse.m2e.jdt.internal.launch.MavenLaunchConfigurationListener.mavenProjectChanged(MavenLaunchConfigurationListener.java:132) ~[na:na]
	at org.eclipse.m2e.core.internal.project.registry.ProjectRegistryManager.notifyProjectChangeListeners(ProjectRegistryManager.java:827) ~[na:na]
	at org.eclipse.m2e.core.internal.project.registry.ProjectRegistryManager.applyMutableProjectRegistry(ProjectRegistryManager.java:982) ~[na:na]
	at org.eclipse.m2e.core.internal.project.registry.ProjectRegistryManager.refresh(ProjectRegistryManager.java:323) ~[na:na]
	at org.eclipse.m2e.core.internal.project.ProjectConfigurationManager.configureNewMavenProjects(ProjectConfigurationManager.java:255) ~[na:na]
	at org.eclipse.m2e.core.internal.project.ProjectConfigurationManager.lambda$1(ProjectConfigurationManager.java:165) ~[na:na]
	at org.eclipse.m2e.core.internal.embedder.MavenExecutionContext.executeBare(MavenExecutionContext.java:350) ~[na:na]
	at org.eclipse.m2e.core.internal.embedder.MavenExecutionContext.execute(MavenExecutionContext.java:262) ~[na:na]
	at org.eclipse.m2e.core.internal.embedder.MavenExecutionContext.execute(MavenExecutionContext.java:205) ~[na:na]
	at org.eclipse.m2e.core.internal.project.ProjectConfigurationManager.importProjects(ProjectConfigurationManager.java:138) ~[na:na]
	at org.eclipse.m2e.core.ui.internal.wizards.ImportMavenProjectsJob$1.doCreateMavenProjects(ImportMavenProjectsJob.java:70) ~[org.eclipse.m2e.core.ui_2.0.0.20220726-0935.jar:na]
	at org.eclipse.m2e.core.ui.internal.wizards.AbstractCreateMavenProjectsOperation.run(AbstractCreateMavenProjectsOperation.java:57) ~[org.eclipse.m2e.core.ui_2.0.0.20220726-0935.jar:na]
	at org.eclipse.m2e.core.ui.internal.wizards.ImportMavenProjectsJob.runInWorkspace(ImportMavenProjectsJob.java:79) ~[org.eclipse.m2e.core.ui_2.0.0.20220726-0935.jar:na]
	at org.eclipse.core.internal.resources.InternalWorkspaceJob.run(InternalWorkspaceJob.java:43) ~[na:na]
	at org.eclipse.core.internal.jobs.Worker.run(Worker.java:63) ~[org.eclipse.core.jobs_3.13.100.v20220817-1539.jar:na]
2026-03-01 12:14:13,369 [Worker-20: Importing Maven projects] ERROR o.e.m.j.i.l.MavenLaunchConfigurationListener - Launch configuration DemoApplication references non-existing project demo.
org.eclipse.core.runtime.CoreException: Launch configuration DemoApplication references non-existing project demo.
	at org.eclipse.jdt.launching.JavaRuntime.abort(JavaRuntime.java:1861) ~[na:na]
	at org.eclipse.jdt.launching.JavaRuntime.getJavaProject(JavaRuntime.java:1736) ~[na:na]
	at org.eclipse.m2e.jdt.internal.launch.MavenLaunchConfigurationListener.updateLaunchConfiguration(MavenLaunchConfigurationListener.java:64) ~[na:na]
	at org.eclipse.m2e.jdt.internal.launch.MavenLaunchConfigurationListener.launchConfigurationChanged(MavenLaunchConfigurationListener.java:50) ~[na:na]
	at org.eclipse.debug.internal.core.LaunchManager$ConfigurationNotifier.run(LaunchManager.java:225) ~[na:na]
	at org.eclipse.core.runtime.SafeRunner.run(SafeRunner.java:45) ~[org.eclipse.equinox.common_3.16.200.v20220817-1601.jar:na]
	at org.eclipse.debug.internal.core.LaunchManager$ConfigurationNotifier.notify(LaunchManager.java:209) ~[na:na]
	at org.eclipse.debug.internal.core.LaunchManager.launchConfigurationChanged(LaunchManager.java:2147) ~[na:na]
	at org.eclipse.debug.internal.core.LaunchConfigurationWorkingCopy.writeNewFile(LaunchConfigurationWorkingCopy.java:377) ~[na:na]
	at org.eclipse.debug.internal.core.LaunchConfigurationWorkingCopy.doSave0(LaunchConfigurationWorkingCopy.java:259) ~[na:na]
	at org.eclipse.debug.internal.core.LaunchConfigurationWorkingCopy.doSave(LaunchConfigurationWorkingCopy.java:229) ~[na:na]
	at org.eclipse.debug.internal.core.LaunchConfigurationWorkingCopy.doSave(LaunchConfigurationWorkingCopy.java:187) ~[na:na]
	at org.eclipse.m2e.jdt.internal.launch.MavenRuntimeClasspathProvider.enable(MavenRuntimeClasspathProvider.java:399) ~[na:na]
	at org.eclipse.m2e.jdt.internal.launch.MavenRuntimeClasspathProvider.enable(MavenRuntimeClasspathProvider.java:428) ~[na:na]
	at org.eclipse.m2e.jdt.internal.launch.MavenLaunchConfigurationListener.mavenProjectChanged(MavenLaunchConfigurationListener.java:132) ~[na:na]
	at org.eclipse.m2e.core.internal.project.registry.ProjectRegistryManager.notifyProjectChangeListeners(ProjectRegistryManager.java:827) ~[na:na]
	at org.eclipse.m2e.core.internal.project.registry.ProjectRegistryManager.applyMutableProjectRegistry(ProjectRegistryManager.java:982) ~[na:na]
	at org.eclipse.m2e.core.internal.project.registry.ProjectRegistryManager.refresh(ProjectRegistryManager.java:323) ~[na:na]
	at org.eclipse.m2e.core.internal.project.ProjectConfigurationManager.configureNewMavenProjects(ProjectConfigurationManager.java:255) ~[na:na]
	at org.eclipse.m2e.core.internal.project.ProjectConfigurationManager.lambda$1(ProjectConfigurationManager.java:165) ~[na:na]
	at org.eclipse.m2e.core.internal.embedder.MavenExecutionContext.executeBare(MavenExecutionContext.java:350) ~[na:na]
	at org.eclipse.m2e.core.internal.embedder.MavenExecutionContext.execute(MavenExecutionContext.java:262) ~[na:na]
	at org.eclipse.m2e.core.internal.embedder.MavenExecutionContext.execute(MavenExecutionContext.java:205) ~[na:na]
	at org.eclipse.m2e.core.internal.project.ProjectConfigurationManager.importProjects(ProjectConfigurationManager.java:138) ~[na:na]
	at org.eclipse.m2e.core.ui.internal.wizards.ImportMavenProjectsJob$1.doCreateMavenProjects(ImportMavenProjectsJob.java:70) ~[org.eclipse.m2e.core.ui_2.0.0.20220726-0935.jar:na]
	at org.eclipse.m2e.core.ui.internal.wizards.AbstractCreateMavenProjectsOperation.run(AbstractCreateMavenProjectsOperation.java:57) ~[org.eclipse.m2e.core.ui_2.0.0.20220726-0935.jar:na]
	at org.eclipse.m2e.core.ui.internal.wizards.ImportMavenProjectsJob.runInWorkspace(ImportMavenProjectsJob.java:79) ~[org.eclipse.m2e.core.ui_2.0.0.20220726-0935.jar:na]
	at org.eclipse.core.internal.resources.InternalWorkspaceJob.run(InternalWorkspaceJob.java:43) ~[na:na]
	at org.eclipse.core.internal.jobs.Worker.run(Worker.java:63) ~[org.eclipse.core.jobs_3.13.100.v20220817-1539.jar:na]
2026-03-01 12:14:13,457 [Worker-20: Importing Maven projects] INFO  o.e.m.j.i.AbstractJavaProjectConfigurator - Adding source folder /demo/src/main/java
2026-03-01 12:14:13,457 [Worker-20: Importing Maven projects] INFO  o.e.m.j.i.AbstractJavaProjectConfigurator - Adding resource folder /demo/src/main/resources
2026-03-01 12:14:13,469 [Worker-20: Importing Maven projects] INFO  o.e.m.j.i.AbstractJavaProjectConfigurator - Adding resource folder /demo/src/main/resources
2026-03-01 12:14:13,479 [Worker-20: Importing Maven projects] INFO  o.e.m.j.i.AbstractJavaProjectConfigurator - Adding source folder /demo/src/test/java
2026-03-01 12:14:13,980 [Worker-20: Importing Maven projects] INFO  o.e.m.c.i.p.ProjectConfigurationManager - Imported and configured 1 project(s) in 35 sec
2026-03-01 12:14:14,458 [Worker-30: Download sources and javadoc] INFO  o.e.m.c.i.e.AbstractTransferListenerAdapter - Downloading https://repo.maven.apache.org/maven2/org/springframework/boot/spring-boot-starter/4.0.3/spring-boot-starter-4.0.3-sources.jar
2026-03-01 12:14:14,504 [Worker-28: Building] INFO  o.a.m.s.f.DefaultMavenResourcesFiltering - Copying 0 resource from src\main\resources to target\classes
2026-03-01 12:14:14,505 [Worker-28: Building] INFO  o.a.m.s.f.DefaultMavenResourcesFiltering - Copying 0 resource from src\main\resources to target\classes
2026-03-01 12:14:14,529 [Worker-28: Building] INFO  o.a.m.s.f.DefaultMavenResourcesFiltering - skip non existing resourceDirectory C:\Users\Expert\Desktop\Spring REST API with Advance features\EmployeeService\src\test\resources
2026-03-01 12:14:14,638 [Worker-30: Download sources and javadoc] INFO  o.e.m.c.i.e.AbstractTransferListenerAdapter - Downloaded https://repo.maven.apache.org/maven2/org/springframework/boot/spring-boot-starter/4.0.3/spring-boot-starter-4.0.3-sources.jar
2026-03-01 12:14:14,643 [Worker-30: Download sources and javadoc] INFO  o.e.m.j.internal.DownloadSourcesJob - Downloaded sources for org.springframework.boot:spring-boot-starter:4.0.3
2026-03-01 12:14:15,008 [Worker-28: Building] INFO  o.a.m.s.f.DefaultMavenResourcesFiltering - Copying 1 resource from src\main\resources to target\classes
2026-03-01 12:14:15,059 [Worker-28: Building] INFO  o.a.m.s.f.DefaultMavenResourcesFiltering - Copying 0 resource from src\main\resources to target\classes
2026-03-01 12:14:15,067 [Worker-28: Building] INFO  o.a.m.s.f.DefaultMavenResourcesFiltering - skip non existing resourceDirectory C:\Users\Expert\Desktop\Spring REST API with Advance features\demo\src\test\resources
2026-03-01 12:14:15,133 [Worker-30: Download sources and javadoc] INFO  o.e.m.c.i.e.AbstractTransferListenerAdapter - Downloading https://repo.maven.apache.org/maven2/org/springframework/boot/spring-boot-starter-logging/4.0.3/spring-boot-starter-logging-4.0.3-sources.jar
2026-03-01 12:14:15,390 [Worker-30: Download sources and javadoc] INFO  o.e.m.c.i.e.AbstractTransferListenerAdapter - Downloaded https://repo.maven.apache.org/maven2/org/springframework/boot/spring-boot-starter-logging/4.0.3/spring-boot-starter-logging-4.0.3-sources.jar
2026-03-01 12:14:15,395 [Worker-30: Download sources and javadoc] INFO  o.e.m.j.internal.DownloadSourcesJob - Downloaded sources for org.springframework.boot:spring-boot-starter-logging:4.0.3
2026-03-01 12:14:15,457 [Worker-28: Building] INFO  o.a.m.s.f.DefaultMavenResourcesFiltering - Copying 1 resource from src\main\resources to target\classes
2026-03-01 12:14:15,486 [Worker-28: Building] INFO  o.a.m.s.f.DefaultMavenResourcesFiltering - Copying 0 resource from src\main\resources to target\classes
2026-03-01 12:14:15,497 [Worker-28: Building] INFO  o.a.m.s.f.DefaultMavenResourcesFiltering - skip non existing resourceDirectory C:\Users\Expert\Desktop\Spring REST API with Advance features\leave-service\src\test\resources
2026-03-01 12:14:15,763 [Worker-30: Download sources and javadoc] INFO  o.e.m.c.i.e.AbstractTransferListenerAdapter - Downloading https://repo.maven.apache.org/maven2/ch/qos/logback/logback-classic/1.5.32/logback-classic-1.5.32-sources.jar
2026-03-01 12:14:16,223 [Worker-30: Download sources and javadoc] INFO  o.e.m.c.i.e.AbstractTransferListenerAdapter - Downloaded https://repo.maven.apache.org/maven2/ch/qos/logback/logback-classic/1.5.32/logback-classic-1.5.32-sources.jar
2026-03-01 12:14:16,227 [Worker-30: Download sources and javadoc] INFO  o.e.m.j.internal.DownloadSourcesJob - Downloaded sources for ch.qos.logback:logback-classic:1.5.32
2026-03-01 12:14:16,663 [Worker-30: Download sources and javadoc] INFO  o.e.m.c.i.e.AbstractTransferListenerAdapter - Downloading https://repo.maven.apache.org/maven2/ch/qos/logback/logback-core/1.5.32/logback-core-1.5.32-sources.jar
2026-03-01 12:14:17,600 [Worker-30: Download sources and javadoc] INFO  o.e.m.c.i.e.AbstractTransferListenerAdapter - Downloaded https://repo.maven.apache.org/maven2/ch/qos/logback/logback-core/1.5.32/logback-core-1.5.32-sources.jar
2026-03-01 12:14:17,604 [Worker-30: Download sources and javadoc] INFO  o.e.m.j.internal.DownloadSourcesJob - Downloaded sources for ch.qos.logback:logback-core:1.5.32
2026-03-01 12:14:19,283 [Worker-30: Download sources and javadoc] INFO  o.e.m.c.i.e.AbstractTransferListenerAdapter - Downloading https://repo.maven.apache.org/maven2/org/springframework/boot/spring-boot-autoconfigure/4.0.3/spring-boot-autoconfigure-4.0.3-sources.jar
2026-03-01 12:14:21,481 [Worker-30: Download sources and javadoc] INFO  o.e.m.c.i.e.AbstractTransferListenerAdapter - Downloaded https://repo.maven.apache.org/maven2/org/springframework/boot/spring-boot-autoconfigure/4.0.3/spring-boot-autoconfigure-4.0.3-sources.jar
2026-03-01 12:14:21,488 [Worker-30: Download sources and javadoc] INFO  o.e.m.j.internal.DownloadSourcesJob - Downloaded sources for org.springframework.boot:spring-boot-autoconfigure:4.0.3
2026-03-01 12:14:22,628 [Worker-30: Download sources and javadoc] INFO  o.e.m.c.i.e.AbstractTransferListenerAdapter - Downloading https://repo.maven.apache.org/maven2/org/springframework/boot/spring-boot/4.0.3/spring-boot-4.0.3-sources.jar
2026-03-01 12:14:24,070 [Worker-30: Download sources and javadoc] INFO  o.e.m.c.i.e.AbstractTransferListenerAdapter - Downloaded https://repo.maven.apache.org/maven2/org/springframework/boot/spring-boot/4.0.3/spring-boot-4.0.3-sources.jar
2026-03-01 12:14:24,085 [Worker-30: Download sources and javadoc] INFO  o.e.m.j.internal.DownloadSourcesJob - Downloaded sources for org.springframework.boot:spring-boot:4.0.3
2026-03-01 12:14:24,867 [Worker-30: Download sources and javadoc] INFO  o.e.m.c.i.e.AbstractTransferListenerAdapter - Downloading https://repo.maven.apache.org/maven2/org/springframework/spring-context/7.0.5/spring-context-7.0.5-sources.jar
2026-03-01 12:14:25,447 [Worker-30: Download sources and javadoc] INFO  o.e.m.c.i.e.AbstractTransferListenerAdapter - Downloaded https://repo.maven.apache.org/maven2/org/springframework/spring-context/7.0.5/spring-context-7.0.5-sources.jar
2026-03-01 12:14:25,453 [Worker-30: Download sources and javadoc] INFO  o.e.m.j.internal.DownloadSourcesJob - Downloaded sources for org.springframework:spring-context:7.0.5
2026-03-01 12:14:25,665 [Worker-30: Download sources and javadoc] INFO  o.e.m.c.i.e.AbstractTransferListenerAdapter - Downloading https://repo.maven.apache.org/maven2/org/springframework/spring-aop/7.0.5/spring-aop-7.0.5-sources.jar
2026-03-01 12:14:25,948 [Worker-30: Download sources and javadoc] INFO  o.e.m.c.i.e.AbstractTransferListenerAdapter - Downloaded https://repo.maven.apache.org/maven2/org/springframework/spring-aop/7.0.5/spring-aop-7.0.5-sources.jar
2026-03-01 12:14:25,956 [Worker-30: Download sources and javadoc] INFO  o.e.m.j.internal.DownloadSourcesJob - Downloaded sources for org.springframework:spring-aop:7.0.5
2026-03-01 12:14:26,183 [Worker-30: Download sources and javadoc] INFO  o.e.m.c.i.e.AbstractTransferListenerAdapter - Downloading https://repo.maven.apache.org/maven2/org/springframework/spring-beans/7.0.5/spring-beans-7.0.5-sources.jar
2026-03-01 12:14:26,636 [Worker-30: Download sources and javadoc] INFO  o.e.m.c.i.e.AbstractTransferListenerAdapter - Downloaded https://repo.maven.apache.org/maven2/org/springframework/spring-beans/7.0.5/spring-beans-7.0.5-sources.jar
2026-03-01 12:14:26,639 [Worker-30: Download sources and javadoc] INFO  o.e.m.j.internal.DownloadSourcesJob - Downloaded sources for org.springframework:spring-beans:7.0.5
2026-03-01 12:14:26,840 [Worker-30: Download sources and javadoc] INFO  o.e.m.c.i.e.AbstractTransferListenerAdapter - Downloading https://repo.maven.apache.org/maven2/org/springframework/spring-expression/7.0.5/spring-expression-7.0.5-sources.jar
2026-03-01 12:14:27,062 [Worker-30: Download sources and javadoc] INFO  o.e.m.c.i.e.AbstractTransferListenerAdapter - Downloaded https://repo.maven.apache.org/maven2/org/springframework/spring-expression/7.0.5/spring-expression-7.0.5-sources.jar
2026-03-01 12:14:27,064 [Worker-30: Download sources and javadoc] INFO  o.e.m.j.internal.DownloadSourcesJob - Downloaded sources for org.springframework:spring-expression:7.0.5
2026-03-01 12:14:27,245 [Worker-30: Download sources and javadoc] INFO  o.e.m.c.i.e.AbstractTransferListenerAdapter - Downloading https://repo.maven.apache.org/maven2/io/micrometer/micrometer-observation/1.16.3/micrometer-observation-1.16.3-sources.jar
2026-03-01 12:14:27,343 [Worker-30: Download sources and javadoc] INFO  o.e.m.c.i.e.AbstractTransferListenerAdapter - Downloaded https://repo.maven.apache.org/maven2/io/micrometer/micrometer-observation/1.16.3/micrometer-observation-1.16.3-sources.jar
2026-03-01 12:14:27,345 [Worker-30: Download sources and javadoc] INFO  o.e.m.j.internal.DownloadSourcesJob - Downloaded sources for io.micrometer:micrometer-observation:1.16.3
2026-03-01 12:14:27,550 [Worker-30: Download sources and javadoc] INFO  o.e.m.c.i.e.AbstractTransferListenerAdapter - Downloading https://repo.maven.apache.org/maven2/io/micrometer/micrometer-commons/1.16.3/micrometer-commons-1.16.3-sources.jar
2026-03-01 12:14:28,321 [Worker-30: Download sources and javadoc] INFO  o.e.m.c.i.e.AbstractTransferListenerAdapter - Downloaded https://repo.maven.apache.org/maven2/io/micrometer/micrometer-commons/1.16.3/micrometer-commons-1.16.3-sources.jar
2026-03-01 12:14:28,325 [Worker-30: Download sources and javadoc] INFO  o.e.m.j.internal.DownloadSourcesJob - Downloaded sources for io.micrometer:micrometer-commons:1.16.3
2026-03-01 12:14:28,527 [Worker-30: Download sources and javadoc] INFO  o.e.m.c.i.e.AbstractTransferListenerAdapter - Downloading https://repo.maven.apache.org/maven2/org/springframework/boot/spring-boot-starter-test/4.0.3/spring-boot-starter-test-4.0.3-sources.jar
2026-03-01 12:14:28,651 [Worker-30: Download sources and javadoc] INFO  o.e.m.c.i.e.AbstractTransferListenerAdapter - Downloaded https://repo.maven.apache.org/maven2/org/springframework/boot/spring-boot-starter-test/4.0.3/spring-boot-starter-test-4.0.3-sources.jar
2026-03-01 12:14:28,654 [Worker-30: Download sources and javadoc] INFO  o.e.m.j.internal.DownloadSourcesJob - Downloaded sources for org.springframework.boot:spring-boot-starter-test:4.0.3
2026-03-01 12:14:28,863 [Worker-30: Download sources and javadoc] INFO  o.e.m.c.i.e.AbstractTransferListenerAdapter - Downloading https://repo.maven.apache.org/maven2/org/springframework/boot/spring-boot-test/4.0.3/spring-boot-test-4.0.3-sources.jar
2026-03-01 12:14:29,038 [Worker-30: Download sources and javadoc] INFO  o.e.m.c.i.e.AbstractTransferListenerAdapter - Downloaded https://repo.maven.apache.org/maven2/org/springframework/boot/spring-boot-test/4.0.3/spring-boot-test-4.0.3-sources.jar
2026-03-01 12:14:29,042 [Worker-30: Download sources and javadoc] INFO  o.e.m.j.internal.DownloadSourcesJob - Downloaded sources for org.springframework.boot:spring-boot-test:4.0.3
2026-03-01 12:14:29,236 [Worker-30: Download sources and javadoc] INFO  o.e.m.c.i.e.AbstractTransferListenerAdapter - Downloading https://repo.maven.apache.org/maven2/org/springframework/boot/spring-boot-test-autoconfigure/4.0.3/spring-boot-test-autoconfigure-4.0.3-sources.jar
2026-03-01 12:14:29,589 [Worker-30: Download sources and javadoc] INFO  o.e.m.c.i.e.AbstractTransferListenerAdapter - Downloaded https://repo.maven.apache.org/maven2/org/springframework/boot/spring-boot-test-autoconfigure/4.0.3/spring-boot-test-autoconfigure-4.0.3-sources.jar
2026-03-01 12:14:29,593 [Worker-30: Download sources and javadoc] INFO  o.e.m.j.internal.DownloadSourcesJob - Downloaded sources for org.springframework.boot:spring-boot-test-autoconfigure:4.0.3
2026-03-01 12:14:29,779 [Worker-30: Download sources and javadoc] INFO  o.e.m.c.i.e.AbstractTransferListenerAdapter - Downloading https://repo.maven.apache.org/maven2/org/assertj/assertj-core/3.27.7/assertj-core-3.27.7-sources.jar
2026-03-01 12:14:30,470 [Worker-30: Download sources and javadoc] INFO  o.e.m.c.i.e.AbstractTransferListenerAdapter - Downloaded https://repo.maven.apache.org/maven2/org/assertj/assertj-core/3.27.7/assertj-core-3.27.7-sources.jar
2026-03-01 12:14:30,473 [Worker-30: Download sources and javadoc] INFO  o.e.m.j.internal.DownloadSourcesJob - Downloaded sources for org.assertj:assertj-core:3.27.7
2026-03-01 12:14:30,725 [Worker-30: Download sources and javadoc] INFO  o.e.m.c.i.e.AbstractTransferListenerAdapter - Downloading https://repo.maven.apache.org/maven2/org/junit/jupiter/junit-jupiter/6.0.3/junit-jupiter-6.0.3-sources.jar
2026-03-01 12:14:30,822 [Worker-30: Download sources and javadoc] INFO  o.e.m.c.i.e.AbstractTransferListenerAdapter - Downloaded https://repo.maven.apache.org/maven2/org/junit/jupiter/junit-jupiter/6.0.3/junit-jupiter-6.0.3-sources.jar
2026-03-01 12:14:30,825 [Worker-30: Download sources and javadoc] INFO  o.e.m.j.internal.DownloadSourcesJob - Downloaded sources for org.junit.jupiter:junit-jupiter:6.0.3
2026-03-01 12:14:30,999 [Worker-30: Download sources and javadoc] INFO  o.e.m.c.i.e.AbstractTransferListenerAdapter - Downloading https://repo.maven.apache.org/maven2/org/junit/jupiter/junit-jupiter-api/6.0.3/junit-jupiter-api-6.0.3-sources.jar
2026-03-01 12:14:31,204 [Worker-30: Download sources and javadoc] INFO  o.e.m.c.i.e.AbstractTransferListenerAdapter - Downloaded https://repo.maven.apache.org/maven2/org/junit/jupiter/junit-jupiter-api/6.0.3/junit-jupiter-api-6.0.3-sources.jar
2026-03-01 12:14:31,207 [Worker-30: Download sources and javadoc] INFO  o.e.m.j.internal.DownloadSourcesJob - Downloaded sources for org.junit.jupiter:junit-jupiter-api:6.0.3
2026-03-01 12:14:31,420 [Worker-30: Download sources and javadoc] INFO  o.e.m.c.i.e.AbstractTransferListenerAdapter - Downloading https://repo.maven.apache.org/maven2/org/junit/platform/junit-platform-commons/6.0.3/junit-platform-commons-6.0.3-sources.jar
2026-03-01 12:14:31,569 [Worker-30: Download sources and javadoc] INFO  o.e.m.c.i.e.AbstractTransferListenerAdapter - Downloaded https://repo.maven.apache.org/maven2/org/junit/platform/junit-platform-commons/6.0.3/junit-platform-commons-6.0.3-sources.jar
2026-03-01 12:14:31,571 [Worker-30: Download sources and javadoc] INFO  o.e.m.j.internal.DownloadSourcesJob - Downloaded sources for org.junit.platform:junit-platform-commons:6.0.3
2026-03-01 12:14:31,770 [Worker-30: Download sources and javadoc] INFO  o.e.m.c.i.e.AbstractTransferListenerAdapter - Downloading https://repo.maven.apache.org/maven2/org/junit/jupiter/junit-jupiter-params/6.0.3/junit-jupiter-params-6.0.3-sources.jar
2026-03-01 12:14:31,954 [Worker-30: Download sources and javadoc] INFO  o.e.m.c.i.e.AbstractTransferListenerAdapter - Downloaded https://repo.maven.apache.org/maven2/org/junit/jupiter/junit-jupiter-params/6.0.3/junit-jupiter-params-6.0.3-sources.jar
2026-03-01 12:14:31,958 [Worker-30: Download sources and javadoc] INFO  o.e.m.j.internal.DownloadSourcesJob - Downloaded sources for org.junit.jupiter:junit-jupiter-params:6.0.3
2026-03-01 12:14:32,157 [Worker-30: Download sources and javadoc] INFO  o.e.m.c.i.e.AbstractTransferListenerAdapter - Downloading https://repo.maven.apache.org/maven2/org/junit/jupiter/junit-jupiter-engine/6.0.3/junit-jupiter-engine-6.0.3-sources.jar
2026-03-01 12:14:32,341 [Worker-30: Download sources and javadoc] INFO  o.e.m.c.i.e.AbstractTransferListenerAdapter - Downloaded https://repo.maven.apache.org/maven2/org/junit/jupiter/junit-jupiter-engine/6.0.3/junit-jupiter-engine-6.0.3-sources.jar
2026-03-01 12:14:32,344 [Worker-30: Download sources and javadoc] INFO  o.e.m.j.internal.DownloadSourcesJob - Downloaded sources for org.junit.jupiter:junit-jupiter-engine:6.0.3
2026-03-01 12:14:32,547 [Worker-30: Download sources and javadoc] INFO  o.e.m.c.i.e.AbstractTransferListenerAdapter - Downloading https://repo.maven.apache.org/maven2/org/junit/platform/junit-platform-engine/6.0.3/junit-platform-engine-6.0.3-sources.jar
2026-03-01 12:14:32,745 [Worker-30: Download sources and javadoc] INFO  o.e.m.c.i.e.AbstractTransferListenerAdapter - Downloaded https://repo.maven.apache.org/maven2/org/junit/platform/junit-platform-engine/6.0.3/junit-platform-engine-6.0.3-sources.jar
2026-03-01 12:14:32,750 [Worker-30: Download sources and javadoc] INFO  o.e.m.j.internal.DownloadSourcesJob - Downloaded sources for org.junit.platform:junit-platform-engine:6.0.3
2026-03-01 12:14:32,938 [Worker-30: Download sources and javadoc] INFO  o.e.m.c.i.e.AbstractTransferListenerAdapter - Downloading https://repo.maven.apache.org/maven2/org/springframework/spring-core/7.0.5/spring-core-7.0.5-sources.jar
2026-03-01 12:14:33,618 [Worker-30: Download sources and javadoc] INFO  o.e.m.c.i.e.AbstractTransferListenerAdapter - Downloaded https://repo.maven.apache.org/maven2/org/springframework/spring-core/7.0.5/spring-core-7.0.5-sources.jar
2026-03-01 12:14:33,632 [Worker-30: Download sources and javadoc] INFO  o.e.m.j.internal.DownloadSourcesJob - Downloaded sources for org.springframework:spring-core:7.0.5
2026-03-01 12:14:33,820 [Worker-30: Download sources and javadoc] INFO  o.e.m.c.i.e.AbstractTransferListenerAdapter - Downloading https://repo.maven.apache.org/maven2/org/springframework/spring-test/7.0.5/spring-test-7.0.5-sources.jar
2026-03-01 12:14:34,267 [Worker-30: Download sources and javadoc] INFO  o.e.m.c.i.e.AbstractTransferListenerAdapter - Downloaded https://repo.maven.apache.org/maven2/org/springframework/spring-test/7.0.5/spring-test-7.0.5-sources.jar
2026-03-01 12:14:34,271 [Worker-30: Download sources and javadoc] INFO  o.e.m.j.internal.DownloadSourcesJob - Downloaded sources for org.springframework:spring-test:7.0.5
2026-03-01 12:14:34,519 [Worker-20: Building] INFO  o.a.m.s.f.DefaultMavenResourcesFiltering - Copying 0 resource from src\main\resources to target\classes
2026-03-01 12:14:34,519 [Worker-20: Building] INFO  o.a.m.s.f.DefaultMavenResourcesFiltering - Copying 0 resource from src\main\resources to target\classes
2026-03-01 12:14:34,522 [Worker-20: Building] INFO  o.a.m.s.f.DefaultMavenResourcesFiltering - skip non existing resourceDirectory C:\Users\Expert\Desktop\Spring REST API with Advance features\demo\src\test\resources
2026-03-19 19:19:58,206 [Worker-5: Loading available Gradle versions] INFO  o.e.b.c.i.u.g.PublishedGradleVersions - Gradle version information cache is up-to-date. Trying to read.
2026-03-19 19:34:05,581 [Worker-25: Updating Maven Dependencies] ERROR o.e.m.j.i.l.MavenLaunchConfigurationListener - Launch configuration DemoApplication references non-existing project demo.
org.eclipse.core.runtime.CoreException: Launch configuration DemoApplication references non-existing project demo.
	at org.eclipse.jdt.launching.JavaRuntime.abort(JavaRuntime.java:1861) ~[na:na]
	at org.eclipse.jdt.launching.JavaRuntime.getJavaProject(JavaRuntime.java:1736) ~[na:na]
	at org.eclipse.m2e.jdt.internal.launch.MavenLaunchConfigurationListener.updateLaunchConfiguration(MavenLaunchConfigurationListener.java:64) ~[na:na]
	at org.eclipse.m2e.jdt.internal.launch.MavenLaunchConfigurationListener.launchConfigurationChanged(MavenLaunchConfigurationListener.java:50) ~[na:na]
	at org.eclipse.debug.internal.core.LaunchManager$ConfigurationNotifier.run(LaunchManager.java:225) ~[na:na]
	at org.eclipse.core.runtime.SafeRunner.run(SafeRunner.java:45) ~[org.eclipse.equinox.common_3.16.200.v20220817-1601.jar:na]
	at org.eclipse.debug.internal.core.LaunchManager$ConfigurationNotifier.notify(LaunchManager.java:209) ~[na:na]
	at org.eclipse.debug.internal.core.LaunchConfigurationWorkingCopy.setDirty(LaunchConfigurationWorkingCopy.java:524) ~[na:na]
	at org.eclipse.debug.internal.core.LaunchConfigurationWorkingCopy.setAttribute(LaunchConfigurationWorkingCopy.java:412) ~[na:na]
	at org.eclipse.m2e.jdt.internal.launch.MavenRuntimeClasspathProvider.disable(MavenRuntimeClasspathProvider.java:410) ~[na:na]
	at org.eclipse.m2e.jdt.internal.launch.MavenRuntimeClasspathProvider.disable(MavenRuntimeClasspathProvider.java:436) ~[na:na]
	at org.eclipse.m2e.jdt.internal.launch.MavenLaunchConfigurationListener.mavenProjectChanged(MavenLaunchConfigurationListener.java:135) ~[na:na]
	at org.eclipse.m2e.core.internal.project.registry.ProjectRegistryManager.notifyProjectChangeListeners(ProjectRegistryManager.java:827) ~[na:na]
	at org.eclipse.m2e.core.internal.project.registry.ProjectRegistryManager.applyMutableProjectRegistry(ProjectRegistryManager.java:982) ~[na:na]
	at org.eclipse.m2e.core.internal.project.registry.ProjectRegistryRefreshJob.lambda$0(ProjectRegistryRefreshJob.java:170) ~[na:na]
	at org.eclipse.m2e.core.internal.embedder.MavenExecutionContext.executeBare(MavenExecutionContext.java:350) ~[na:na]
	at org.eclipse.m2e.core.internal.embedder.MavenExecutionContext.execute(MavenExecutionContext.java:262) ~[na:na]
	at org.eclipse.m2e.core.internal.embedder.MavenExecutionContext.execute(MavenExecutionContext.java:205) ~[na:na]
	at org.eclipse.m2e.core.internal.project.registry.ProjectRegistryRefreshJob.run(ProjectRegistryRefreshJob.java:104) ~[na:na]
	at org.eclipse.core.internal.jobs.Worker.run(Worker.java:63) ~[org.eclipse.core.jobs_3.13.100.v20220817-1539.jar:na]
2026-03-19 19:34:05,591 [Worker-25: Updating Maven Dependencies] ERROR o.e.m.j.i.l.MavenLaunchConfigurationListener - Launch configuration DemoApplication references non-existing project demo.
org.eclipse.core.runtime.CoreException: Launch configuration DemoApplication references non-existing project demo.
	at org.eclipse.jdt.launching.JavaRuntime.abort(JavaRuntime.java:1861) ~[na:na]
	at org.eclipse.jdt.launching.JavaRuntime.getJavaProject(JavaRuntime.java:1736) ~[na:na]
	at org.eclipse.m2e.jdt.internal.launch.MavenLaunchConfigurationListener.updateLaunchConfiguration(MavenLaunchConfigurationListener.java:64) ~[na:na]
	at org.eclipse.m2e.jdt.internal.launch.MavenLaunchConfigurationListener.launchConfigurationChanged(MavenLaunchConfigurationListener.java:50) ~[na:na]
	at org.eclipse.debug.internal.core.LaunchManager$ConfigurationNotifier.run(LaunchManager.java:225) ~[na:na]
	at org.eclipse.core.runtime.SafeRunner.run(SafeRunner.java:45) ~[org.eclipse.equinox.common_3.16.200.v20220817-1601.jar:na]
	at org.eclipse.debug.internal.core.LaunchManager$ConfigurationNotifier.notify(LaunchManager.java:209) ~[na:na]
	at org.eclipse.debug.internal.core.LaunchConfigurationWorkingCopy.setDirty(LaunchConfigurationWorkingCopy.java:524) ~[na:na]
	at org.eclipse.debug.internal.core.LaunchConfigurationWorkingCopy.setAttribute(LaunchConfigurationWorkingCopy.java:412) ~[na:na]
	at org.eclipse.m2e.jdt.internal.launch.MavenRuntimeClasspathProvider.disable(MavenRuntimeClasspathProvider.java:411) ~[na:na]
	at org.eclipse.m2e.jdt.internal.launch.MavenRuntimeClasspathProvider.disable(MavenRuntimeClasspathProvider.java:436) ~[na:na]
	at org.eclipse.m2e.jdt.internal.launch.MavenLaunchConfigurationListener.mavenProjectChanged(MavenLaunchConfigurationListener.java:135) ~[na:na]
	at org.eclipse.m2e.core.internal.project.registry.ProjectRegistryManager.notifyProjectChangeListeners(ProjectRegistryManager.java:827) ~[na:na]
	at org.eclipse.m2e.core.internal.project.registry.ProjectRegistryManager.applyMutableProjectRegistry(ProjectRegistryManager.java:982) ~[na:na]
	at org.eclipse.m2e.core.internal.project.registry.ProjectRegistryRefreshJob.lambda$0(ProjectRegistryRefreshJob.java:170) ~[na:na]
	at org.eclipse.m2e.core.internal.embedder.MavenExecutionContext.executeBare(MavenExecutionContext.java:350) ~[na:na]
	at org.eclipse.m2e.core.internal.embedder.MavenExecutionContext.execute(MavenExecutionContext.java:262) ~[na:na]
	at org.eclipse.m2e.core.internal.embedder.MavenExecutionContext.execute(MavenExecutionContext.java:205) ~[na:na]
	at org.eclipse.m2e.core.internal.project.registry.ProjectRegistryRefreshJob.run(ProjectRegistryRefreshJob.java:104) ~[na:na]
	at org.eclipse.core.internal.jobs.Worker.run(Worker.java:63) ~[org.eclipse.core.jobs_3.13.100.v20220817-1539.jar:na]
2026-03-19 19:34:05,615 [Worker-25: Updating Maven Dependencies] ERROR o.e.m.j.i.l.MavenLaunchConfigurationListener - Launch configuration DemoApplication references non-existing project demo.
org.eclipse.core.runtime.CoreException: Launch configuration DemoApplication references non-existing project demo.
	at org.eclipse.jdt.launching.JavaRuntime.abort(JavaRuntime.java:1861) ~[na:na]
	at org.eclipse.jdt.launching.JavaRuntime.getJavaProject(JavaRuntime.java:1736) ~[na:na]
	at org.eclipse.m2e.jdt.internal.launch.MavenLaunchConfigurationListener.updateLaunchConfiguration(MavenLaunchConfigurationListener.java:64) ~[na:na]
	at org.eclipse.m2e.jdt.internal.launch.MavenLaunchConfigurationListener.launchConfigurationChanged(MavenLaunchConfigurationListener.java:50) ~[na:na]
	at org.eclipse.debug.internal.core.LaunchManager$ConfigurationNotifier.run(LaunchManager.java:225) ~[na:na]
	at org.eclipse.core.runtime.SafeRunner.run(SafeRunner.java:45) ~[org.eclipse.equinox.common_3.16.200.v20220817-1601.jar:na]
	at org.eclipse.debug.internal.core.LaunchManager$ConfigurationNotifier.notify(LaunchManager.java:209) ~[na:na]
	at org.eclipse.debug.internal.core.LaunchManager.launchConfigurationChanged(LaunchManager.java:2147) ~[na:na]
	at org.eclipse.debug.internal.core.LaunchConfigurationWorkingCopy.writeNewFile(LaunchConfigurationWorkingCopy.java:377) ~[na:na]
	at org.eclipse.debug.internal.core.LaunchConfigurationWorkingCopy.doSave0(LaunchConfigurationWorkingCopy.java:259) ~[na:na]
	at org.eclipse.debug.internal.core.LaunchConfigurationWorkingCopy.doSave(LaunchConfigurationWorkingCopy.java:229) ~[na:na]
	at org.eclipse.debug.internal.core.LaunchConfigurationWorkingCopy.doSave(LaunchConfigurationWorkingCopy.java:187) ~[na:na]
	at org.eclipse.m2e.jdt.internal.launch.MavenRuntimeClasspathProvider.disable(MavenRuntimeClasspathProvider.java:412) ~[na:na]
	at org.eclipse.m2e.jdt.internal.launch.MavenRuntimeClasspathProvider.disable(MavenRuntimeClasspathProvider.java:436) ~[na:na]
	at org.eclipse.m2e.jdt.internal.launch.MavenLaunchConfigurationListener.mavenProjectChanged(MavenLaunchConfigurationListener.java:135) ~[na:na]
	at org.eclipse.m2e.core.internal.project.registry.ProjectRegistryManager.notifyProjectChangeListeners(ProjectRegistryManager.java:827) ~[na:na]
	at org.eclipse.m2e.core.internal.project.registry.ProjectRegistryManager.applyMutableProjectRegistry(ProjectRegistryManager.java:982) ~[na:na]
	at org.eclipse.m2e.core.internal.project.registry.ProjectRegistryRefreshJob.lambda$0(ProjectRegistryRefreshJob.java:170) ~[na:na]
	at org.eclipse.m2e.core.internal.embedder.MavenExecutionContext.executeBare(MavenExecutionContext.java:350) ~[na:na]
	at org.eclipse.m2e.core.internal.embedder.MavenExecutionContext.execute(MavenExecutionContext.java:262) ~[na:na]
	at org.eclipse.m2e.core.internal.embedder.MavenExecutionContext.execute(MavenExecutionContext.java:205) ~[na:na]
	at org.eclipse.m2e.core.internal.project.registry.ProjectRegistryRefreshJob.run(ProjectRegistryRefreshJob.java:104) ~[na:na]
	at org.eclipse.core.internal.jobs.Worker.run(Worker.java:63) ~[org.eclipse.core.jobs_3.13.100.v20220817-1539.jar:na]
